medium,release,position,format,track_count
550123,550123,1,1,11
747615,747615,1,12,17
711067,711067,1,1,10
648148,648148,1,1,15
1085042,1079331,1,12,10
597366,597366,1,1,10
701425,701425,1,1,13
618816,618816,1,1,24
2342359,2172053,2,38,29
1329377,1291138,1,1,11
1313806,1277549,2,1,21
2239706,2082545,1,1,14
652296,652296,1,1,11
992766,992766,1,,16
748844,748844,1,1,2
1337778,1298430,1,,12
491057,491057,1,1,15
524692,524692,1,1,19
442788,442787,2,1,18
828328,828328,1,1,14
344533,344533,1,1,12
2561683,2365371,1,1,32
1025785,1025785,1,,23
72329,72329,1,1,12
1156313,1140806,1,1,15
713618,713618,1,1,17
1233720,1207878,1,,15
591625,591625,1,1,4
723686,723686,1,8,13
531365,531365,1,1,10
2336293,2166663,1,1,7
1213707,1190377,1,7,14
1014424,1014424,1,,12
644686,644686,1,12,24
121070,121070,1,,16
453737,453737,2,1,49
2868496,2641657,1,12,12
112808,112786,3,1,20
792104,792104,1,1,71
815519,815519,1,1,20
1422486,1372885,1,1,12
938276,938276,1,,13
748086,748086,1,12,283
417184,417184,1,1,20
1605986,972212,2,1,10
179426,179426,1,,12
199685,199685,1,,10
3650630,3349724,1,12,1
1306158,1270929,1,1,10
317183,317183,1,1,13
1015896,1015896,1,,13
1116459,1105751,1,1,11
523385,523385,1,1,10
1035425,1035425,1,,26
757394,757394,1,1,9
456640,456640,1,1,13
1287312,1254516,1,1,16
1054276,1052385,2,1,27
86760,86760,1,12,84
3654461,3353248,1,12,7
1269830,1239711,1,1,20
467096,467096,1,,15
338625,338625,1,1,13
3089013,2841671,1,12,214
154122,154122,1,1,14
375336,375336,1,1,8
942196,942196,1,1,17
879104,879104,1,,12
649663,649663,1,1,14
2692126,2484858,1,12,79
98550,98550,1,1,4
120485,120485,1,1,12
621050,621050,1,12,99
1147787,1133236,1,12,9
890609,890609,1,,13
1275705,1244511,1,,12
647918,647918,1,1,14
3650994,3350054,1,31,12
566459,566459,1,1,46
1425628,1375530,1,12,4
900488,900488,1,1,12
915442,915442,1,,21
622396,622396,1,1,12
591293,591293,1,1,17
933259,933259,1,1,18
3768258,3458353,1,1,12
2255244,2095803,1,1,15
1024547,1024547,1,1,17
1019525,1019525,1,1,28
446713,446713,1,1,11
870543,870543,1,1,13
736612,736612,1,31,12
715622,715622,1,,7
197168,197168,1,1,13
758042,758042,1,1,12
1371362,1327856,3,1,20
1449317,1396220,1,1,11
914616,914616,1,1,21
3262643,2997533,1,1,11
997466,997466,1,1,18
646413,646413,1,3,16
1044554,1044200,1,1,14
343843,343843,1,1,9
1100576,1092285,1,12,17
3657203,3355804,1,1,10
1307409,1272020,1,12,10
694717,694717,1,12,396
859148,859148,1,,12
2554095,2358450,2,1,18
790811,790804,2,1,47
740553,740553,1,1,29
859461,859461,1,,13
2694681,2487025,1,1,12
473268,473268,1,1,15
3080850,2834111,1,12,28
1695434,1611812,1,1,13
1698609,1614409,1,1,17
1003679,1003679,1,,12
1122037,1110656,1,1,12
1155113,1139800,1,1,12
610314,610314,1,12,16
888924,888924,1,,3
1534995,1470410,1,1,2
424668,424668,1,1,1
640278,640280,2,1,11
1485721,1427855,1,1,15
961846,961846,1,,20
3256273,2991832,1,1,10
790582,790582,1,1,22
424614,424614,1,1,12
423169,423169,1,1,18
3439226,3157682,2,1,8
2552504,2357047,1,1,22
1085189,1079452,1,12,7
923510,923510,1,1,11
1126898,1114843,1,1,13
344887,344887,1,7,12
347307,347307,1,1,10
526120,526120,1,1,14
216819,508714,20,1,16
3089314,2841955,1,12,2
484549,484549,1,1,4
509457,509457,1,1,12
675360,675360,1,1,12
1017057,1017057,1,,21
489628,489628,1,1,12
701126,701121,2,1,11
764949,764949,1,12,23
476780,476780,1,1,17
13998,13998,1,1,10
334380,334380,1,1,23
1368008,1324972,1,31,9
116965,116965,1,1,8
232253,232253,1,1,13
113652,113652,1,1,10
622523,622523,1,1,12
1257367,1228973,1,12,23
3082877,2835974,1,12,39
603818,603818,1,12,212
286036,286036,1,1,20
568943,568943,1,12,9
1196427,1175220,1,1,17
1252918,1225043,1,31,10
308534,308534,1,1,12
624447,624447,1,1,22
283841,283841,1,1,11
977277,977277,1,,21
3082921,2836016,1,1,10
695061,695061,1,,7
126329,126329,1,,14
568078,568078,1,1,9
432479,432479,1,,22
711716,711716,1,1,16
777097,777097,1,7,20
678874,678874,1,1,55
1350796,1309850,1,1,12
747502,747502,1,1,12
1293043,1259527,1,1,20
800429,800429,1,31,35
961616,961616,1,1,10
614902,614902,1,12,38
1078593,1073574,1,12,11
1155893,1140432,1,12,21
706566,706566,1,1,13
3080213,2833525,1,1,10
384788,384788,1,1,9
482449,482449,1,1,12
252257,252257,1,1,20
193047,193042,3,1,15
1319796,1282787,1,1,19
2341157,2170981,1,1,13
3262564,2997475,6,31,12
1038390,1038390,1,,19
2110207,1971282,1,1,14
723097,723097,1,1,17
842554,842552,4,,15
218983,218983,1,,9
83618,83618,1,,12
1368229,1325157,1,1,15
486466,486466,1,1,14
672196,672196,1,8,27
540673,540674,2,1,22
1293624,1259980,1,1,21
3765656,3455902,1,12,7
3261527,2996604,1,1,12
939752,939752,1,1,23
581001,581001,1,1,12
409511,409511,1,12,5
86859,86859,1,1,7
1376671,1332596,1,1,16
844680,844680,1,12,14
3353966,3081180,1,1,15
1266567,1237039,1,8,7
3086952,2839772,1,12,7
1021166,1021166,1,1,30
1240255,1213830,1,1,6
436416,436416,1,1,14
96826,96826,1,,8
960850,960850,1,,15
937097,989633,2,1,6
506783,506783,1,1,23
686447,686447,1,1,25
1019827,1019827,1,,27
3254692,2990416,1,1,62
2517490,2326314,1,12,13
901754,901754,1,42,4
559365,559360,4,1,25
2340713,2170599,1,1,5
1423182,1373515,1,29,3
211265,211265,1,,12
1346912,1306480,1,1,25
1025391,1025391,1,1,11
908931,908931,1,1,16
378572,378572,1,1,57
180371,180371,1,,14
227021,227021,1,,13
1265623,1236197,1,1,7
838927,838927,1,,15
63472,63472,1,,11
1702311,1617648,1,1,13
120086,120086,1,1,10
585554,585554,1,1,11
309050,309050,1,1,9
1276067,1244824,1,1,12
148449,148449,1,,12
1062586,1059563,1,1,14
318409,318409,1,1,5
3262583,2985281,3,1,99
83283,83283,1,1,12
1043948,1043662,2,1,16
1698713,1614502,1,1,13
395662,395662,1,1,20
1302920,1268171,2,31,14
7398,7398,1,1,24
700712,700712,1,31,11
310428,347998,2,1,13
881331,881331,1,,4
647570,647204,16,1,17
2561921,2365588,1,12,13
1486566,1428611,1,1,22
13343,13343,1,1,9
465907,465907,1,1,17
1065200,1061881,1,1,48
635562,635562,1,12,9
313355,313355,1,1,17
687,688,2,1,26
1356159,1314517,1,19,3
831781,831781,1,1,16
2255822,2096330,1,12,11
777379,777379,1,1,6
341327,341327,1,1,12
1078093,1073131,1,,10
729073,729073,1,1,15
758506,758506,1,7,10
620939,620939,1,12,99
631504,631502,2,1,9
1174937,1156893,1,12,11
776294,776294,1,12,16
683895,683895,1,1,54
519183,519183,1,1,10
71317,71317,1,12,11
52866,52866,1,1,12
138059,138059,1,,10
111154,111154,1,,12
841054,841054,1,,99
355609,355609,1,12,4
289675,289675,1,1,20
1257051,1228708,1,1,6
1611047,1538772,1,12,4
1121546,1110231,1,1,17
472763,472763,1,7,14
1185885,1166310,1,33,6
967079,967079,1,1,13
793575,793575,1,12,20
555443,555443,1,1,24
172257,172257,1,1,20
546278,546278,1,1,7
658025,658025,1,1,9
171787,171787,1,1,17
1315919,1279355,1,1,14
1246072,1219069,1,12,23
1037609,1037609,1,,11
1252289,1224488,1,12,11
1172889,1155108,1,1,17
736892,736892,1,1,6
445735,445735,1,1,10
600930,600930,1,1,4
1009329,1009329,1,1,12
2111231,1972146,1,1,12
1256572,1228279,1,1,7
846229,846229,1,12,18
1166697,1149886,1,1,28
306820,306820,1,1,30
241149,241149,1,,6
931450,931450,1,,15
620888,620888,1,12,48
1085750,1079890,1,1,10
925636,925636,1,,15
2561045,2364776,1,1,15
765668,765668,1,1,12
812146,812146,1,1,9
1044559,579041,3,1,18
1102825,1094169,1,1,10
546938,546938,1,1,9
1106320,1097144,1,1,10
370040,370040,1,1,8
555612,555612,1,12,13
703282,703282,1,1,19
1159471,1143639,1,12,8
277125,277125,1,1,13
1016616,1016616,1,,17
93195,93195,1,1,14
186203,186203,1,1,21
835106,835106,1,1,6
1081171,1075852,1,1,19
273662,273662,1,1,7
1073471,1069127,1,1,19
53310,53306,5,1,4
915130,915130,1,,16
960517,960517,1,,18
1697814,1613780,1,31,8
429040,429040,1,1,10
2871174,2643996,1,12,13
969835,969835,1,1,8
1423422,1373725,1,1,30
877393,877393,1,1,14
48086,48086,1,1,14
1037298,1037298,1,,17
2560470,2364296,1,12,76
1299682,1265305,1,12,19
1037717,1037611,13,1,20
1235846,1209948,1,1,7
1110046,1100300,1,1,10
1611377,1539061,1,1,7
649981,649981,1,1,9
806444,806444,1,1,17
674371,674371,1,12,165
517,517,1,1,11
1196756,1175484,1,1,13
1114861,1104416,1,1,5
1319341,1282402,1,,11
834953,834953,1,61,20
967327,967327,1,1,19
782051,782048,2,1,29
827039,826974,9,1,13
1082330,1076891,1,12,12
2138640,1995968,1,36,14
654215,654215,1,1,11
1249860,1222405,1,12,5
195990,195990,1,1,5
1345079,1304886,1,12,12
578775,578775,1,29,2
1159528,1143689,1,1,12
440587,440587,1,,23
1209869,1187099,1,12,17
175899,175899,1,1,14
14296,14296,1,,14
1112803,1102578,1,,12
883486,883486,1,1,7
983719,983719,1,,14
307060,307060,1,7,12
83473,83473,1,1,5
1448605,1395667,1,1,10
489627,489627,1,1,21
68320,68320,1,1,31
914178,914178,1,,9
1698379,1614233,1,31,5
1343042,1303111,11,1,17
265329,265329,1,1,18
1423268,1373589,1,1,9
482386,482386,1,29,4
1065633,1062257,1,1,13
1365035,1322371,1,,6
193418,193418,1,1,11
1099502,1091427,1,12,40
56460,56460,1,,16
735004,735004,1,1,20
742190,742190,1,1,20
1308594,1273005,1,31,10
1768,1768,1,1,13
979007,979007,1,1,12
261141,261141,1,1,28
2622853,2420610,1,36,17
1011614,1011608,2,1,11
1104404,1095524,1,12,69
1697615,1613594,1,1,5
696148,696148,1,1,4
640018,640018,1,1,16
1257400,1228998,1,1,10
1250306,1222775,1,1,11
167003,167003,1,1,20
2621740,2419610,1,1,10
422094,422094,1,1,15
883349,883349,1,1,12
701470,701470,1,1,11
1289840,1256746,1,12,33
1330512,1292117,1,12,50
20458,20458,1,1,15
484783,484774,3,1,20
1347045,1306600,1,1,16
533591,533591,1,1,12
502565,502565,1,1,11
1257600,1229165,1,1,16
1317975,1281208,1,1,14
746398,746398,1,1,23
819001,819001,1,1,15
879370,879370,1,,35
598017,598017,1,1,10
703608,703608,1,12,15
395115,395115,1,7,9
580174,580179,2,1,16
753876,753876,1,7,6
1085690,1079837,1,1,12
723764,723764,1,12,15
749080,749080,1,12,76
365555,365555,1,31,2
862871,1018570,2,,14
945036,945036,1,,12
438490,438490,1,1,11
1694514,1611033,1,1,12
225113,225113,1,,4
472816,472816,1,1,15
732294,732294,1,8,25
2243516,2085922,1,1,10
538309,538309,1,1,13
685717,685717,1,1,16
463410,463410,1,1,12
1137068,1123857,1,1,15
807566,807562,2,1,10
1700037,1615659,3,1,17
34324,34324,1,1,12
998978,998978,1,1,13
864459,864459,1,,10
1212473,1189279,1,,10
307861,307861,1,1,10
1492495,1433593,1,1,13
1361074,1318843,1,12,14
902583,902583,1,1,12
1230767,1205205,1,1,20
395677,395677,1,31,2
258578,258578,1,1,11
3657919,3356450,1,42,16
436823,436823,1,1,16
819545,819545,1,1,15
754575,754575,1,12,120
312710,312710,1,1,13
1491435,1432918,1,33,3
246732,246731,2,1,14
103272,103272,1,,12
916677,916677,1,,20
738145,738145,1,1,9
114204,114204,1,1,16
1351970,1310891,1,1,9
609519,609519,1,1,19
653652,653652,1,12,11
1138073,1124771,2,1,12
2096935,1959565,2,1,16
1221200,1196775,1,12,16
2618056,2416339,1,1,12
963561,963561,1,,18
30128,30128,1,,10
673316,673316,1,12,105
330947,330937,2,1,14
1047997,1047083,1,1,12
401013,401013,1,1,9
297000,297000,1,1,17
761292,761292,1,1,21
566142,566142,1,1,26
222826,222826,1,,18
1053643,1051858,1,33,7
127064,127064,1,1,20
663321,663321,1,1,6
951393,951393,1,,10
334638,334638,1,1,20
719111,719111,1,31,9
1117494,1106596,1,,14
1049655,1048404,1,,17
1692892,1609643,1,12,5
761010,761010,1,1,17
971889,971889,1,1,18
985714,985714,1,,13
3087995,2840748,1,12,6
445431,445431,1,1,9
1196497,1175272,1,12,15
1847369,1742752,1,1,69
2256121,2096591,1,38,12
2388303,2213310,1,30,24
3256463,2991995,3,1,99
700451,700451,1,31,15
499579,499579,1,1,16
3651382,3350410,1,12,101
920667,920667,1,1,15
7486,7486,1,1,14
22208,22208,1,,2
823470,823470,1,1,23
187317,187317,1,1,14
1367855,1324839,1,12,17
1004600,896461,2,,13
3652784,3351673,1,12,6
650320,650320,1,1,2
160395,160395,1,1,26
682594,682592,2,1,13
694739,694739,1,12,82
639830,639830,1,31,4
441292,441292,1,31,4
1197226,1175877,1,1,10
1161755,1145517,1,1,18
1191974,1171526,1,,63
1235466,1209616,1,1,4
1271063,1240698,1,1,12
153531,153531,1,1,8
610932,610932,1,12,161
9096,9096,1,1,22
174159,174159,1,1,13
197110,197110,1,1,16
1204496,1182337,1,12,4
1098355,1090569,1,1,8
674168,674168,1,12,42
445796,445796,1,1,14
671942,671941,2,1,7
2617120,2415478,1,1,10
1131957,1119329,1,1,17
451332,451332,1,1,13
846924,846924,1,1,13
1241023,1214516,1,1,12
817651,817651,1,1,16
1236235,1210298,1,1,99
1039814,1027922,4,1,10
1349855,1309021,1,1,30
838602,838602,1,1,14
805777,805777,1,1,14
93297,93297,1,,11
695712,695712,1,12,70
1425684,1375581,1,1,10
1488838,1430636,4,1,20
379638,379638,1,1,4
1055445,1053359,1,12,19
582892,582892,1,,10
494729,494729,1,1,12
1695244,1611644,1,12,53
2692453,2485166,1,1,9
377732,377732,1,1,14
178307,178304,2,1,19
493121,493121,1,1,10
623496,623496,1,7,33
3652310,3351258,1,1,15
148330,148330,1,1,20
1095190,1087859,1,1,3
975855,975855,1,,16
1088883,1082549,1,1,15
1333466,1294673,1,8,7
1133677,1120826,1,12,7
903571,903571,1,,18
1692621,1609407,1,12,7
2110462,638326,23,1,8
916478,916478,1,1,23
3256492,2992009,5,1,13
1275857,1244649,1,1,11
601531,601531,1,1,12
343041,343041,1,1,16
263106,263106,1,1,12
929399,929399,1,8,27
611918,611918,1,12,33
1215824,1192202,1,1,17
1424043,1374225,3,1,18
790054,790054,1,1,9
1125663,1113764,1,1,13
549726,549726,1,1,12
757555,757555,1,1,7
639054,639054,1,1,15
1029383,1029383,1,,29
44336,44336,1,1,10
531663,531661,2,1,20
935345,935345,1,,16
2619728,2417898,1,8,3
772076,772076,1,1,25
1279982,1247994,1,1,10
573082,573082,1,1,14
63088,63088,1,,12
2697862,2489952,1,12,7
1332404,1293732,5,1,7
73694,73694,1,1,13
455903,455903,1,12,11
1167084,1150225,2,1,8
2798304,2578969,1,12,14
1063536,1060399,1,1,8
380716,380716,1,1,11
3084969,2837893,1,12,11
921163,921163,1,1,15
1119059,1108003,1,1,8
162925,162925,1,1,14
853185,853185,1,,23
3656742,3355377,1,1,20
272122,272122,1,1,10
614793,614793,1,1,8
1024394,1024394,1,,5
1287527,1254698,1,31,16
277858,277858,1,7,13
185152,916386,2,1,20
208761,208761,1,1,11
1040241,1040241,1,,22
357705,357705,1,1,18
749087,749087,1,12,97
1133396,54731,4,1,17
875462,875462,1,,13
37367,37367,1,1,12
664949,664949,1,1,14
984041,984041,1,,14
1307944,1272498,1,1,14
695769,695769,1,12,75
1491767,1433214,2,1,14
1182618,1163458,3,1,25
562233,562233,1,1,14
128539,128539,1,,12
1241673,1215075,4,1,92
163520,163520,1,1,4
961040,961040,1,,13
2045752,1915559,1,12,16
118555,118555,1,,21
2256046,2096528,1,1,12
2112231,1973007,2,1,13
805234,805234,1,12,14
694465,694465,1,12,60
1772099,1677915,1,1,28
727670,727670,1,1,52
1228707,1203401,1,1,13
2555523,2359735,1,1,6
734669,734669,1,1,9
48342,48342,1,1,12
1297921,1263764,1,1,31
844006,844006,1,,8
234760,234760,1,1,14
1094308,162574,1,1,14
733408,733408,1,1,11
1035103,1035103,1,,4
3088985,2841643,1,12,114
495113,495113,1,1,15
930439,930439,1,1,10
1118242,1107283,1,33,8
51070,51070,1,,30
638827,638827,1,1,20
270430,270430,1,1,8
929690,929690,1,1,74
3261641,2996699,1,1,22
205995,205995,1,,30
176377,176377,1,1,18
813583,813583,1,1,8
1249605,1222169,1,1,23
689639,689639,1,7,35
1197559,1176166,1,12,11
3256855,2992316,3,1,24
532336,532336,1,7,2
1310980,1275045,1,12,3
477856,477856,1,1,9
79605,79605,1,1,16
809803,809803,1,12,143
535349,535349,1,1,20
612521,612521,1,12,295
1024551,1024551,1,,12
2865271,2638692,1,12,7
1165343,1148698,1,8,10
668859,668859,1,1,22
775336,775336,1,,5
184881,184881,1,1,12
997694,997694,1,,10
668922,668922,1,31,23
408538,408539,2,1,10
504719,504719,1,1,13
483306,483306,1,1,13
1299789,1265402,1,,38
2105447,1967134,2,43,104
1166748,1149935,1,1,58
696510,696510,1,1,12
11395,11395,1,,12
307078,307072,3,1,11
895566,895566,1,,13
1008881,1008881,1,,18
222402,222402,1,1,43
373055,373055,1,1,18
89552,89552,1,,10
1360466,1318303,1,12,16
2617574,2415896,1,1,11
399511,399511,1,29,2
453980,453980,1,1,7
957210,957210,1,33,20
3659916,3358343,1,12,14
284722,284722,1,1,18
1276435,1245146,1,1,8
365776,365776,1,1,15
167817,167817,1,31,10
3901379,3580870,1,12,19
764430,764430,1,7,8
1001786,1001786,1,1,16
968596,968596,1,,20
848059,848059,1,12,17
2561267,2364984,1,12,11
693305,693304,2,1,27
549182,549179,3,,40
881864,1010369,2,,38
1074126,1069712,1,12,14
810065,810065,1,1,11
476454,476449,2,1,14
1120927,1109661,1,1,2
398588,398588,1,1,15
493458,493458,1,7,12
534700,534700,1,1,15
907811,907811,1,,13
268421,268421,1,,16
1272746,1242149,14,1,35
1011987,1011987,1,,9
1297638,1263521,1,1,12
2336881,2167193,1,12,20
1296640,1262651,1,1,14
129524,129524,1,1,26
163846,163846,1,1,12
1346725,1306307,1,8,9
357174,357174,1,1,11
694563,694563,1,12,76
537960,537960,1,1,25
3352158,3079542,1,12,11
1210850,1187900,1,29,2
1020828,1020828,1,7,5
305916,305916,1,1,22
1172452,1154723,1,1,15
690619,690619,1,12,59
1008312,1008312,1,1,16
899749,899749,1,,15
261311,261311,1,31,13
419882,419882,1,1,13
86341,86341,1,1,15
3904405,3583622,1,12,15
87051,87051,1,,14
603739,603739,1,1,8
1200609,1178947,1,1,20
2620848,2418812,1,,15
1222340,1197761,1,31,7
712503,712503,1,31,14
752819,752819,1,1,13
1343811,1303780,1,8,11
1381534,1336728,1,33,9
1286655,1253910,1,12,21
18446,18446,1,,13
672497,672497,1,1,6
423339,423339,1,1,10
108368,108368,1,1,13
634782,634747,2,7,11
265979,265979,1,1,15
1303488,1268671,1,1,56
1025010,1025010,1,,5
65453,65453,1,1,9
215685,215685,1,1,10
329353,329353,4,,25
1491881,1433308,1,1,19
953459,953459,1,,4
42930,42930,1,1,16
1328772,1290614,1,12,19
1259426,1230720,1,19,22
124361,124361,1,1,8
212473,212473,1,1,20
253200,253200,1,31,5
541706,541706,1,1,11
2558019,2362059,1,12,12
156991,156991,1,,20
41855,41855,1,1,12
229643,229643,1,1,13
781892,781892,1,1,12
3089241,2841883,1,12,23
722599,722599,1,12,18
942133,942133,1,1,19
1280677,1248578,1,1,16
940727,940727,1,1,6
2982673,2745029,1,1,22
77724,77724,1,,12
2337838,2168048,3,1,27
226123,226123,1,1,11
2867820,2641050,1,1,15
825619,825616,2,1,18
230903,230903,1,1,11
649629,649629,1,1,11
641946,641946,1,1,14
610577,610577,1,12,44
1082635,1077175,1,1,14
829427,829427,1,1,19
4382,4382,1,,11
3352336,3079695,1,12,10
317078,317078,1,1,8
558493,558493,1,1,24
915460,915460,1,,16
870800,870800,1,1,18
928050,928050,1,,30
773468,773468,1,1,12
952561,952561,1,,13
464940,464940,1,7,6
236009,236009,1,,14
414203,414203,1,,18
112311,112311,1,1,38
129690,129690,1,,22
400291,400291,1,1,13
1211515,1188451,1,1,19
869862,869862,1,1,15
182081,182081,1,1,18
740157,740157,1,1,3
1336530,1297347,1,12,9
702885,702885,1,1,22
85820,85820,1,1,7
1199794,1178206,2,1,20
740639,740639,1,1,12
1386232,1340829,1,26,21
627277,627277,1,1,12
1156221,1140730,1,1,12
609421,609421,1,12,30
288848,288848,1,12,11
780511,780511,1,1,11
917204,917204,1,1,13
915945,915945,1,1,14
726545,726559,6,1,15
659841,659841,1,1,21
658865,658865,1,1,20
617503,617503,1,1,11
688817,688817,1,1,86
2113302,1973914,1,12,15
1492214,1433369,121,1,10
168612,168612,1,,10
1057381,1055025,2,1,11
683800,683800,1,1,48
109876,109876,1,1,12
97887,97887,1,,14
1075173,1070575,1,1,10
73377,73376,2,1,27
3654436,3353223,1,1,13
954027,954027,1,,11
2872880,2645561,1,12,18
479056,479056,1,1,2
728872,728872,1,1,17
1423980,1374203,1,1,12
579039,579038,2,1,16
1047657,1046771,1,1,25
934283,934282,2,1,18
602579,602579,1,1,9
626489,626489,1,1,8
868186,868186,1,1,10
2556104,2360266,1,12,63
858891,858891,1,,20
731484,731484,1,8,15
305725,305725,1,1,15
380991,380991,1,1,9
976988,1010822,3,,17
208510,208510,1,,11
1215682,1192085,1,,15
741813,741813,1,1,13
3354237,3081420,1,1,12
680789,680789,1,1,9
939707,871458,2,1,33
278782,278782,1,1,99
938429,938429,1,,16
2868142,2641346,1,,10
164930,164930,1,1,16
955912,955912,1,,15
3179209,2921886,1,12,11
78530,78530,1,,16
1077629,1072733,1,12,13
20481,586122,2,1,18
36415,36415,1,1,18
844884,844875,2,1,17
996821,884259,49,1,44
1017594,1017594,1,12,19
295278,295278,1,1,23
1487660,1429585,1,1,25
1207458,1184969,1,12,36
1093287,1086241,1,1,10
910469,910469,1,,16
2428245,2248625,1,12,8
959586,959586,1,,10
1491286,1432799,1,1,7
916692,916692,1,,23
771867,771867,1,12,2
883788,883788,1,1,19
3083018,2836108,1,12,8
198036,198036,1,,10
879215,879215,1,1,9
1115774,1105204,1,1,11
1377816,1333554,1,1,13
262465,262465,1,1,15
683377,683377,1,12,57
879328,879328,1,,12
479675,479675,1,1,99
2869264,2642330,1,12,7
1692335,1609164,1,12,3
2244244,2086552,1,1,10
952748,952748,1,,14
2555028,2359294,1,1,13
869539,869539,1,,12
479464,479464,1,7,8
764026,764026,1,1,5
244596,244596,1,1,25
686811,686811,1,31,6
1286881,1254131,1,12,11
673694,673694,1,12,71
937480,937480,1,,13
580735,580735,1,,11
761298,761298,1,31,12
818679,818679,1,12,20
1239530,1213214,1,,24
300813,300814,3,1,9
1197783,1176375,1,1,5
3766899,3457057,1,54,2
41522,41522,1,1,12
3260443,2995575,1,12,12
713019,713019,1,1,8
180403,180403,1,,14
1059585,1056931,1,1,21
255599,255599,1,,14
786896,786896,1,1,14
695637,695637,1,12,68
937231,937231,1,,16
2342893,2172535,1,12,16
344418,344418,1,1,12
1264477,1235246,1,8,11
69936,69936,1,1,19
620820,620820,1,12,51
312066,312066,1,1,17
210965,210965,1,1,9
301182,301182,1,,10
262355,262355,1,1,11
323591,323591,1,31,12
926423,926423,1,,12
876240,876240,1,,13
407147,407147,1,1,9
800760,800758,2,1,18
1241534,1214963,1,12,3
976333,976333,1,,9
1011260,1011260,1,,7
1304104,1269217,1,12,16
965173,965173,1,,15
711599,711599,1,1,34
582191,582191,1,1,13
694472,694472,1,12,128
1035011,1035011,1,,10
980962,980962,1,1,20
180826,180826,1,1,4
174774,174774,1,,10
296276,296276,1,1,18
1051308,1049792,2,1,19
58246,58246,1,29,8
1310635,1274737,1,12,11
568936,568936,1,1,11
618897,618897,1,1,31
1175539,1157250,163,1,23
1491205,1432727,1,1,7
809907,809907,1,1,80
299338,299338,1,1,12
977778,977778,1,,13
2340719,2170605,1,1,5
94400,94400,1,1,15
526717,526717,1,1,18
694512,694512,1,12,80
1162255,1145990,1,1,15
919862,919862,1,1,19
935275,935275,1,,19
997298,997298,1,,10
1076180,1071481,2,1,8
331571,331571,1,1,18
736309,736309,1,1,20
491405,491405,1,1,12
237457,237457,1,31,8
1301168,1266658,1,8,13
37464,37464,1,1,42
610474,610474,1,12,148
420493,420493,1,1,18
135658,135658,1,,11
3650702,3349792,1,8,5
975806,975806,1,,5
533578,533578,1,1,11
2248376,2090194,1,12,7
227175,227175,1,,19
261573,261573,1,1,11
160600,160600,1,1,14
661802,661802,1,42,4
3655862,3354583,1,12,22
375825,375825,1,1,8
2241207,2083857,1,31,14
2559495,2363408,3,1,20
682936,682936,1,1,59
495173,495150,2,1,11
3900410,3579974,1,12,10
175474,175474,1,8,10
3259867,2995062,1,12,15
219726,219719,2,1,14
283311,283311,1,,8
366019,366019,1,1,9
2341659,2171412,1,12,45
263657,263657,1,1,24
182343,182343,1,,11
2563025,2366611,1,1,12
595229,595229,1,1,13
1650146,1572033,1,31,4
676117,676117,1,1,10
230949,230949,1,1,13
889783,889783,1,,13
226928,226928,1,,6
891634,891634,1,,9
1125709,1113807,1,1,14
2553036,2357535,2,1,47
1183741,1164430,1,12,8
885342,885342,1,,11
436822,436822,1,1,10
412853,412853,1,1,13
1001047,1001047,1,,14
748010,748010,1,12,202
1294573,1260812,1,12,12
2700,2700,1,1,16
2621477,2419374,1,7,19
1251668,1223918,1,1,8
1698764,1614551,1,12,8
1325647,1287290,6,3,25
965540,965540,1,1,16
1238934,1212690,1,,24
1157593,1141908,1,1,12
643749,643744,3,1,14
177739,177739,1,,11
964868,964868,1,,6
729053,729053,1,1,6
119668,119668,1,,9
1297689,1263559,1,1,17
278244,278244,1,1,46
83378,83378,1,1,38
764958,764958,1,8,14
774106,774106,1,1,25
1301052,1266561,1,12,22
423736,423736,1,1,17
2107312,1968785,1,12,22
359547,359547,1,1,13
938766,938766,1,,19
3258346,2993666,1,1,12
1039302,1039302,1,,12
653271,653271,1,1,15
1428601,1378148,1,1,20
407639,407639,1,31,11
1209836,1187066,1,12,60
763313,763313,1,1,11
238657,238657,1,1,15
167088,167085,2,1,24
1151781,1136815,1,1,18
454452,454452,1,,22
1167518,1150605,1,12,22
697527,697527,1,1,27
1300038,1265663,1,1,14
1317151,1280482,1,33,8
1328562,1290419,1,1,15
2868603,2641760,1,29,7
533466,533462,2,1,17
198923,198923,1,1,20
76527,76527,1,,13
1187725,1167938,10,33,11
519868,519868,1,1,14
410609,410609,1,1,17
787623,787623,1,1,11
417267,417267,1,1,4
690582,690582,1,12,52
494123,494123,1,1,12
338552,338552,1,1,27
444885,444885,1,1,11
1358940,1316953,1,1,19
547708,547708,1,1,6
1188611,1168695,1,1,12
311951,311951,1,1,14
2240293,2083075,1,1,11
497478,497463,2,1,16
214320,214320,1,1,6
3087467,2840254,1,12,7
939209,939209,1,,15
411280,411280,1,12,9
985206,985206,1,1,16
60473,60473,1,,77
727967,727967,1,1,15
794498,794498,1,1,16
1143052,1129084,1,29,7
871005,871005,1,1,16
84163,84163,1,,6
1695632,1611988,1,,10
374816,374816,1,1,19
1037148,1037148,1,,10
308408,308408,1,1,16
160075,160075,1,1,13
2552506,2357049,1,1,12
448365,440068,7,1,12
1064552,1061299,1,1,22
905000,905000,1,1,44
3353115,3080414,1,,10
1702426,1617753,1,1,56
3084638,2837588,1,1,14
3088996,2841654,1,12,4
570714,570714,1,1,24
843168,843168,1,,15
772189,772189,1,1,11
2112105,1972893,1,12,10
17866,17866,1,1,12
692752,692752,1,1,24
3080146,2833459,1,1,9
1009220,1009220,1,,14
400201,400201,1,1,17
645163,645163,1,12,99
858629,858629,1,,19
2562157,2365808,1,12,5
2339769,2169745,2,1,14
1366474,1323633,1,7,10
180227,180227,1,1,11
785084,785084,1,1,12
1228561,1203273,1,12,14
1002518,1002518,1,1,16
611857,611857,1,12,55
821256,821256,1,1,24
2244619,2086853,2,1,13
1096987,1089408,1,12,8
534648,534648,1,1,15
1193559,1172661,1,12,10
305478,305478,1,1,10
1705584,1620529,1,31,10
2868704,2641857,1,12,14
753550,753550,1,1,26
1179015,1160323,2,31,9
534085,534085,1,1,13
871323,871323,1,1,5
2249181,2090865,5,1,10
644639,644639,1,12,119
886292,886292,1,,6
620801,620801,1,12,80
126360,126360,1,1,24
1490697,1432276,1,1,11
583890,583890,1,12,18
967129,967129,1,1,15
1030666,1030658,2,,16
3072796,2826840,1,25,11
2247182,2089136,1,12,3
160595,160595,1,,14
2553912,2358296,1,31,13
109613,109613,1,,10
2871381,2644184,1,12,12
83383,83383,1,,25
199326,199326,1,1,17
3901668,3581118,1,12,6
761062,761062,1,1,12
1256226,1227980,1,12,20
713116,713116,1,1,12
337865,337865,1,1,9
387254,387254,1,1,16
908578,908578,1,,18
323364,323364,1,1,15
161587,161587,1,1,14
22272,22272,1,,14
148158,148158,1,1,19
2554018,2358390,1,,31
477326,477323,2,1,17
7388,7388,1,,21
353207,353207,1,1,9
2946393,2712700,1,1,18
2050978,1919945,1,55,2
979355,979355,1,1,10
545880,545880,1,1,13
741950,741950,1,1,30
1041385,842390,2,,7
68375,68375,1,1,10
743778,743778,1,12,30
1018568,1018568,1,1,20
2256107,2096578,2,1,11
587169,587169,1,1,8
2245500,2087616,1,1,18
1127351,1115255,1,1,12
1280800,1248687,1,1,10
2621015,2418967,1,31,10
1014026,1014026,1,1,18
1355622,1314052,1,1,10
561299,561270,3,1,20
1354741,1313252,2,1,21
3767781,3457914,1,12,27
1013442,1013442,1,,14
440217,440217,1,31,5
78614,78614,1,,7
705670,705670,1,1,4
79750,79750,1,34,2
159263,148118,2,1,10
1132929,1120204,1,,14
3254841,2990534,1,1,23
352699,352699,1,1,17
915969,915969,1,,26
1010963,1010963,1,,13
2242372,2084887,3,1,6
898985,898985,1,,10
860490,860490,1,1,10
3704201,3399142,1,1,11
946073,946073,1,1,99
2563022,2366609,1,1,5
634691,634691,1,1,8
87694,87694,1,,11
2696736,2488940,1,1,19
523982,523982,1,1,14
1326173,1288369,1,31,14
1251708,1223958,1,1,8
162464,162464,1,1,10
436318,436318,1,,13
591522,591522,1,1,12
3904549,3583761,1,54,2
2560649,2364449,1,1,19
1253303,1225403,1,31,11
301319,301319,1,31,3
3900720,3580269,1,12,22
1024987,1024987,1,,53
363634,363634,1,1,11
3255382,2991029,2,1,14
1171084,1153622,2,1,5
3770054,3460035,1,1,16
947553,947553,1,,5
2620238,2418335,1,31,12
1115245,1104741,1,1,12
1029419,1029419,1,1,18
2337327,2167600,1,1,16
1310677,1274772,1,1,16
362440,362440,1,1,15
487515,487515,1,1,14
465437,465437,1,1,4
2249965,2091492,1,1,14
949984,949984,1,,26
903385,903385,1,1,21
893019,893019,1,1,5
890792,890792,1,1,63
1164240,1147747,2,1,18
973199,973208,2,,6
688890,688890,1,1,12
957092,957092,1,,8
53791,53791,1,1,3
2250439,2091899,1,1,20
467794,446581,2,1,9
2340516,2170407,1,31,8
1043657,1043416,1,1,13
1176771,1158302,1,1,9
1150065,1135255,1,1,18
123320,123320,1,1,7
82815,82815,1,,30
586538,586518,2,1,19
978821,978821,1,,27
1250011,1222530,1,12,7
511254,511254,1,1,8
1209528,1186792,1,12,57
682856,682856,1,1,38
755021,755021,1,12,60
312974,312974,1,1,22
951053,951053,1,,20
2333268,2163989,1,1,24
287660,287660,1,7,4
507789,507789,1,1,28
1115990,1105381,1,12,4
725474,725465,2,1,4
1207462,1184973,1,12,57
621099,621099,1,1,11
717665,717665,1,31,3
103422,103422,1,1,3
894018,894018,1,1,14
2110826,1971781,1,1,12
529936,529936,1,29,5
535208,535208,1,1,13
2864814,2638273,1,1,14
1227870,1202637,1,31,8
1540035,1474988,1,1,10
310236,310236,1,1,12
303464,303464,1,1,78
561280,561280,1,1,12
690728,690728,1,12,55
116251,116251,1,1,16
2247293,2089237,1,31,10
13139,13139,1,1,6
673739,673739,1,1,10
2114108,1974638,1,31,4
1042477,1042436,1,12,20
1079142,1074057,1,1,17
1611302,1538994,1,12,4
1092804,1085888,1,31,5
371373,371373,1,1,22
1254351,1226348,1,1,13
883970,883970,1,,13
920631,920631,1,,18
531712,531712,1,1,16
376870,376872,2,1,25
429285,429285,1,1,25
1179272,1160549,1,12,4
3651499,3350516,1,1,40
609429,609429,1,12,75
518760,518760,1,1,10
3770211,3460188,1,1,20
3440157,3158525,1,1,12
335397,335397,1,1,10
1038714,1038714,1,,21
674111,674111,1,12,28
1134464,1121533,1,29,2
801360,801360,1,1,16
138446,138446,1,1,22
893161,893157,2,,12
1699902,1615545,11,1,5
910667,910667,1,,12
287095,287092,2,1,9
898719,898719,1,1,14
1206232,1183861,1,1,14
1024500,1024500,1,1,15
628212,628212,1,1,13
2240774,2083501,2,1,15
1198475,1177044,1,12,16
289809,289809,1,1,15
576187,576187,1,1,4
1259563,1230838,2,1,22
715260,715260,1,,22
576712,576712,1,1,15
1035403,1035403,1,,25
3902300,3581703,1,12,11
1022425,1022425,1,,15
569977,569977,1,1,7
1611486,1539154,1,12,11
413247,413247,1,1,19
192357,192357,1,,10
2106481,1968034,1,12,10
503166,503166,1,1,8
851653,851653,1,,11
588500,588500,1,31,3
3904820,3584027,1,12,120
3769955,3459940,1,12,1
1702539,1617851,1,12,9
695783,695783,1,12,134
609946,609946,1,12,243
827334,827334,1,1,28
929203,929203,1,,9
5079,5079,1,1,2
1290785,1257504,1,1,6
670774,670774,1,1,23
411394,411394,1,1,20
844806,844806,1,1,23
252086,252086,1,1,12
962424,962424,1,,13
622238,622238,1,1,14
2338420,2168585,1,12,12
906754,906754,1,,10
955828,955828,1,,12
2240661,2083401,1,33,11
933952,933952,1,1,15
453689,453689,1,12,4
1253752,1225804,1,12,12
2692161,2484888,1,1,12
925809,925809,1,1,14
688039,688039,1,1,15
1049269,1048140,1,33,6
2869535,2642573,1,12,1
598986,598986,1,1,10
382897,382897,1,1,15
761277,761277,1,1,15
263691,263691,1,1,16
10309,10309,1,,41
695287,695287,1,1,15
695231,695231,1,12,60
688784,688784,1,31,8
3256597,2992099,1,8,17
1066143,1062705,1,7,10
855451,855451,1,1,12
695573,695573,1,12,84
897430,897430,1,,28
1166769,1149955,1,1,90
1257392,1228992,1,1,16
620382,620382,1,12,64
1284230,1251709,1,31,3
957822,938884,2,1,99
219584,219584,1,1,7
2146771,2002762,1,12,12
1227941,1202703,1,1,14
736992,736992,1,1,20
137690,137690,1,1,28
1114712,1104275,2,12,5
47684,47684,1,1,11
688564,688564,1,1,11
886744,886744,1,1,14
923197,923197,1,,13
734808,734808,1,1,5
752232,752232,1,1,7
3260781,2995902,1,12,10
803565,803547,4,1,15
470217,470217,1,1,9
1016691,1016691,1,1,13
245727,245727,1,,11
1160162,1144123,1,12,12
149522,149522,1,1,12
2769994,2553875,1,1,22
323485,314999,9,1,20
1738682,1649643,1,1,15
143458,143458,1,1,6
1133586,1120749,1,1,16
1136461,1123348,1,1,16
1195274,1174203,1,1,13
371786,371786,1,1,13
1210147,1187320,2,1,19
385690,385690,1,29,9
63624,63624,1,1,9
1190465,1170254,1,1,25
79181,79181,1,,16
1265740,1236309,1,1,18
1321139,1283972,1,12,10
2105946,1967571,1,1,20
359751,359751,1,12,4
786629,786629,1,1,8
2244115,2086448,1,12,27
1138150,1124844,1,31,10
934782,934782,1,,21
743919,743919,1,12,26
1611309,1539001,1,1,14
87027,87027,1,,12
1740306,1650947,1,8,9
320902,320902,1,1,12
1108780,1099191,3,12,18
2256401,2096817,1,1,15
673805,673805,1,1,8
402421,402428,2,1,10
3254741,2990456,4,1,25
663443,663443,1,1,12
721921,721921,1,1,13
168286,168286,1,,8
873715,873715,1,,12
44176,44176,1,1,10
472076,472076,1,1,20
3766167,3456375,1,1,12
1196960,1175655,1,12,18
915024,915024,1,,14
404475,404475,1,1,10
280830,280830,1,,11
903128,903128,1,,2
951107,951107,1,,19
740587,740587,1,1,16
340166,340166,1,8,21
3083937,2836973,1,12,8
1164067,1147600,1,1,24
785240,785240,1,8,14
690745,690745,1,12,32
61148,61148,1,1,12
1355749,1314154,5,1,9
656274,656274,1,1,17
685264,685264,1,1,8
512190,512190,1,1,13
3655642,3354375,1,1,18
450392,449753,2,1,20
1129348,1117015,1,1,13
613401,613401,1,1,4
899086,899086,1,,13
142106,142106,1,1,17
1314947,1278522,1,1,22
2865583,2638974,1,1,11
657190,657162,2,1,7
485594,485594,1,1,5
1024069,1024069,1,,11
2871015,2643867,1,31,13
1233348,1207535,1,1,12
614439,614439,1,1,20
312601,312601,1,1,12
653270,653270,1,1,9
1197767,1176361,1,31,11
546325,546325,1,1,12
871186,871186,1,,144
1201527,1179717,1,1,14
783279,783279,1,12,25
3652523,3351438,1,12,14
2871818,2644537,1,1,12
1068298,1064557,1,1,6
3766323,3456521,1,12,4
2617000,2415362,1,1,12
907428,907428,1,,12
1064768,1061501,1,12,28
134912,134912,1,1,14
825859,825859,1,1,20
983009,983009,1,,5
1511178,1449595,1,1,15
3083634,2836684,1,12,8
74876,74876,1,1,10
816552,816552,1,1,17
1277115,1245711,3,1,16
1369357,1326088,1,8,18
119906,119906,1,,12
1336682,1297475,1,34,2
399388,399388,1,12,13
617643,617643,1,31,4
3087090,2839910,1,12,1
436195,436195,1,1,24
1065973,1062557,1,1,7
9568,9568,1,1,29
1167716,1150793,1,1,21
989623,989623,1,,12
588222,588222,1,12,42
135907,125716,9,1,17
2243816,2086194,1,12,4
313512,313270,4,1,32
3059550,2814861,1,12,9
718716,718716,1,31,15
1098252,1090478,1,12,210
169117,169117,1,1,10
1426136,1375978,1,1,9
997876,997876,1,,21
583731,583731,1,1,12
995894,995894,1,,18
232928,232928,1,1,9
1277218,1245838,3,1,12
601978,601978,1,12,13
684124,684124,1,1,43
1005383,1005383,1,,18
371309,371309,1,1,23
1166786,1149972,1,1,52
492311,492311,1,1,19
43440,43440,1,1,3
2562977,2366570,1,12,15
3082768,2835868,1,12,13
1200099,1178483,1,1,11
363125,363125,1,1,22
143599,143599,1,1,18
413085,413085,1,31,10
1037457,1037457,1,,12
3254757,2990470,2,1,14
364074,364074,1,1,10
611599,611599,1,12,99
1339134,1299633,1,1,27
277501,277501,1,1,12
1238846,1212614,2,2,13
387087,387085,2,1,10
1380386,1335727,2,1,12
2693583,2486049,2,1,17
186468,186468,1,1,17
2556057,2360226,1,1,30
335251,335251,1,1,14
99440,99348,2,1,27
3652375,3351312,1,1,5
1148184,1133582,1,1,20
591055,591055,1,1,6
1079566,1074439,1,1,19
982647,1033711,3,,99
1143936,1129846,1,31,11
900675,900675,1,1,13
742583,742583,1,1,18
988606,988606,1,1,13
806684,806684,1,1,15
644048,644048,1,1,14
1257586,1229152,1,12,4
434124,434124,1,,48
571323,571323,1,31,3
384802,384802,1,1,32
840465,840465,1,,11
491340,491340,1,7,12
269288,269288,1,1,26
364160,364160,1,1,10
3437382,3155970,1,12,5
815085,815085,1,7,7
321355,321355,1,1,5
1292866,1259373,1,12,16
374680,374680,1,1,22
463972,463972,1,1,20
976159,976159,1,,12
547800,547800,1,1,10
1001954,1001954,1,1,16
2556218,2360379,1,12,19
729930,729930,1,12,25
2242143,2084692,1,12,11
947594,947594,1,1,8
697763,697763,1,1,12
1301769,1267186,1,1,12
506685,506685,1,31,4
436072,436072,1,,2
843171,843171,1,,13
576854,576854,1,1,12
780966,780966,1,1,8
228699,228699,1,,27
111867,111867,1,1,21
1034962,1034962,1,,10
654674,654650,11,1,19
1377095,1332957,1,1,14
310001,310001,1,,3
2248504,2090312,1,8,11
917936,917936,1,,14
988120,988120,1,1,11
1144580,1130418,1,1,12
610877,610877,1,12,33
707208,707208,1,,17
2105775,1967420,1,1,9
929163,929163,1,,7
1145633,1131354,1,1,5
396224,396224,1,1,12
907130,907130,1,,13
1702852,1618145,1,1,27
402816,402816,1,,8
338981,338981,1,1,12
3079309,2832716,3,33,4
181123,181123,1,,15
348584,348584,1,1,13
785402,785402,1,1,12
900291,900291,1,1,32
744567,744567,1,1,21
937392,937392,1,33,11
1259551,1230829,1,12,17
262851,262851,1,,17
645638,645638,1,12,95
2340221,2170151,1,12,10
195158,195158,1,1,10
112164,112164,1,,11
3437402,3155989,1,1,24
322399,322399,1,12,11
85268,85268,1,1,20
1198990,1177513,1,1,7
170743,170743,1,1,18
2244207,2086519,1,12,14
787278,787278,1,1,20
491557,491552,2,1,14
796032,796032,1,1,12
601159,601159,1,7,12
201886,201886,1,1,16
1597614,1527211,1,31,9
749841,749841,1,12,6
757414,757414,1,1,9
17498,17498,1,1,3
854688,854688,1,,11
835658,835658,1,1,16
896731,896731,1,1,14
3258269,2993592,1,1,11
393844,393844,1,1,12
958112,958112,1,1,67
1107458,1098134,1,1,10
1024076,932499,2,1,16
5591,5591,1,1,6
1360307,1318163,1,12,13
35415,35415,1,1,11
368238,368222,4,1,12
30159,30158,2,1,13
687243,687243,1,1,25
242168,242168,1,1,15
317966,317966,1,1,11
95751,95751,1,,56
2867054,2640333,1,7,11
874993,874993,1,,12
51062,51062,1,,8
252507,252507,1,1,55
2864702,2638178,1,1,11
3088992,2841650,1,12,134
280133,280130,2,1,12
2556877,2361002,1,1,13
974824,974824,1,,12
1218182,1194168,1,12,12
706625,706625,1,1,20
1019412,1019412,1,,16
550871,550871,1,,27
1266303,1236819,1,1,13
1344735,1304584,1,1,11
816795,816795,1,1,22
815913,815913,1,1,13
3765303,3455567,1,12,11
143392,143392,1,1,6
363954,363954,1,1,11
609601,609601,1,1,10
370495,370495,1,31,10
219117,219117,1,,11
2865263,2638684,1,31,12
184019,782948,2,1,10
77317,77317,1,1,12
529348,529348,1,1,10
771240,771240,1,8,2
577431,577431,1,8,16
1090224,1083708,1,1,7
60239,60239,1,1,11
999390,999390,1,1,11
1601375,1530426,1,1,10
1268793,1238869,1,1,12
770247,770247,1,1,13
1184208,1164834,1,1,13
3651906,3350897,1,2,10
1024813,1024813,1,,22
1160452,1144327,1,1,12
839370,839370,1,,11
557995,557995,1,1,10
520492,520492,1,1,12
2694469,2486833,1,1,20
111169,111169,1,12,10
3356062,3083096,1,12,1
58166,491023,2,1,17
750130,750130,1,7,12
234,234,1,,17
612035,612035,1,12,28
1172873,1155092,1,31,10
1289994,1256760,74,1,15
334787,334787,1,1,11
3354249,3081431,1,12,10
1311348,1275378,1,1,20
3355927,3082969,1,12,12
723304,723304,1,1,20
2908,2908,1,1,3
1700674,1616201,1,12,18
395564,395564,1,1,8
893241,893241,1,,14
903161,903161,1,1,14
1284941,1252391,1,12,32
2113445,1974041,1,1,8
143932,143932,1,,4
595736,595736,1,1,34
970109,970109,1,,13
907959,907959,1,1,7
300087,300087,1,1,13
3769696,3459695,1,12,9
1352708,1311516,1,1,26
821139,821139,1,1,11
621043,621043,1,12,90
1209218,1186495,1,12,132
183476,183476,1,1,20
2242384,2084916,1,1,17
827065,827065,1,1,11
670375,670375,1,1,16
2697087,2489253,1,12,7
1269664,1239571,6,1,22
601248,601248,1,1,12
1185164,1165659,1,1,17
1123978,1112320,1,1,16
863992,863992,1,,8
2870565,2643503,1,12,17
1315275,1278816,1,,13
935073,935073,1,1,11
1024085,1024085,1,1,15
880214,880214,1,1,21
2749194,2535470,1,31,10
3262774,2997656,1,12,19
703161,703161,1,31,9
561136,561136,1,1,10
89961,89961,1,1,15
967715,967715,1,1,14
699120,699120,1,1,12
227105,227105,1,31,12
49146,49146,1,1,11
1098778,1090846,1,1,2
2111170,1972086,1,1,26
178364,178364,1,1,13
271330,271330,1,1,10
958221,958221,1,,9
179790,179790,1,,8
502434,502434,1,1,12
919386,919386,1,,14
957956,957956,1,1,15
3354949,3082069,3,1,18
1491383,1432873,2,1,14
1032587,1032587,1,1,10
3650747,3349833,1,31,20
902878,902878,2,1,17
415461,415461,1,7,10
2241075,2083735,1,12,22
858032,858032,1,,27
1359991,1317888,1,1,10
2556029,2360199,1,12,11
3259282,2994534,1,1,7
1017608,1017608,1,1,9
472150,472150,1,1,20
293231,293230,2,,20
118490,118490,1,1,10
756118,756118,1,12,16
2106057,1967674,4,43,106
620893,620893,1,12,45
519375,519375,1,1,13
935811,935811,1,,13
383792,383792,1,,16
1299217,1264885,1,1,17
1270441,1240215,1,31,16
428608,428608,1,1,16
1269816,1239303,7,1,14
1380978,1336243,1,1,12
3084225,2837214,1,12,19
662531,662531,1,31,8
1022645,1022645,1,,18
3355654,3082709,1,1,7
1285852,1253166,1,,8
1120921,1109655,1,31,10
1048088,1047160,1,31,4
732391,732391,1,1,9
3903293,3582596,1,54,2
937809,937809,1,,18
647967,647967,1,1,13
907599,907599,1,1,27
3259515,2994737,1,12,17
202797,202797,1,33,3
3261198,2996289,1,12,5
921665,921665,1,,16
910708,910708,1,,11
1244429,1217571,1,12,5
715318,715318,1,1,16
959594,992301,6,1,14
2108140,1969532,1,12,19
507900,507900,1,1,11
3660172,3358583,1,30,8
693979,693979,1,12,118
1069542,1065616,1,1,16
3255641,2991266,1,1,10
3088926,2841586,1,1,15
919480,919480,1,,18
895887,895887,1,,9
994064,994064,1,,17
602488,602488,1,1,12
371933,371933,1,31,3
827925,827925,1,12,7
107625,107625,1,1,12
754934,754934,1,12,56
441686,441686,1,1,15
22973,22973,1,,19
687326,687326,1,1,16
838810,838810,1,33,9
515949,515949,1,31,3
551393,551393,1,12,15
2697409,2489549,1,1,15
2690894,2483743,1,12,19
695827,695827,1,12,50
1108664,1099090,3,1,24
911310,911310,1,,14
425261,425261,1,8,9
663765,663765,1,1,6
3902523,3581865,1,12,53
2562489,2366124,1,1,5
847614,847612,2,,14
1057555,1055179,1,12,13
1850175,1745047,7,1,11
1174814,1156781,1,7,11
552941,552941,1,31,9
927996,927996,1,1,18
1247704,1220476,1,12,11
3256271,2991830,1,1,11
498262,498262,1,,10
1348020,1307415,2,1,19
3899881,3579504,1,12,16
190578,190578,1,29,2
856585,856585,1,42,12
807737,807737,1,1,23
865005,865005,1,,41
794437,793092,22,1,18
843490,843490,1,,77
69651,69651,1,1,10
884485,884485,1,1,14
845650,845650,1,,17
2339005,2169113,1,31,12
913751,913751,1,,14
780318,780318,1,1,39
2558989,2362940,1,8,5
935365,935365,1,1,14
777772,777772,1,1,20
1356807,1315088,1,34,325
369690,369690,1,8,14
94425,94425,1,1,7
1486339,1428402,2,33,12
683305,683305,1,1,60
610748,610748,1,12,97
844839,844837,8,,50
979111,979111,1,1,13
875820,875820,1,,17
879135,879135,1,,13
1100779,1092471,1,12,11
748563,748563,1,12,69
967075,967075,1,,10
40733,40733,1,,12
705146,705146,1,1,18
839120,839120,1,,15
393425,393425,1,1,14
973670,973670,1,1,25
694893,694893,1,12,144
706,706,1,,16
557201,557201,1,1,20
136077,136077,1,1,12
694520,694520,1,12,214
1174275,1156315,1,12,18
2872488,2645180,1,12,17
815584,815584,1,12,6
1424379,1374555,2,1,13
1323636,1286091,1,1,14
978797,978797,1,,19
145733,145733,1,,11
1195356,1174280,2,1,14
3764147,3454508,1,12,18
342960,342960,1,1,11
2871949,1770731,3,63,11
555101,555101,1,1,12
608408,608408,1,12,64
1068540,1064787,1,12,5
3653352,3352217,1,12,4
1232669,1206918,2,1,11
883516,883516,1,,14
380089,380089,1,1,7
3653272,3352141,1,12,11
558698,558698,1,,10
904424,904424,1,,25
988749,988749,1,,15
1700411,1615976,1,1,11
1425452,1375371,1,1,15
1118558,1107548,1,12,2
168623,168623,1,1,25
399337,399337,1,31,2
835548,835546,2,1,12
620661,620661,1,12,45
689573,689573,1,,11
67764,67764,1,1,18
634909,634909,1,1,4
1010354,1010354,1,1,18
925853,925853,1,1,12
1218419,1194376,1,1,6
1294864,1261069,1,1,31
809649,809649,1,1,11
2869340,2642399,1,1,4
1332438,1293752,1,31,3
883871,883871,1,1,20
357,357,1,1,14
75702,75720,1,1,9
53869,53869,1,1,12
368591,368591,1,1,10
145304,145304,1,1,14
616029,616029,1,1,20
205377,205377,1,1,83
1490527,1432126,3,19,15
2621201,2419132,1,1,11
1205625,1183327,1,12,6
1059079,1056485,1,1,11
840001,840001,1,,15
187954,187954,1,1,9
472962,472962,1,1,19
441183,441183,1,1,11
108207,108207,1,1,14
346916,346916,1,1,26
895231,895231,1,,16
65086,65086,1,1,12
556175,556175,1,,14
817421,817421,1,1,16
1732547,1644361,1,1,3
885141,885141,1,1,20
1424819,1374924,1,29,3
9249,9249,1,,9
277194,277194,1,1,14
205465,205465,1,1,21
3355688,3082742,1,12,11
711404,711404,1,1,11
2106101,1967713,3,43,86
868336,868336,1,1,16
2112398,1973142,1,12,4
1134982,1122004,2,1,11
792987,792987,1,1,24
744094,744094,1,1,8
277747,277747,1,1,16
542611,542611,1,1,11
1323038,1285561,1,1,7
2695102,2487417,1,1,18
466966,466966,1,1,20
1246332,1219302,1,1,29
438948,438948,1,1,8
1174902,1156861,1,1,4
223014,223014,1,1,8
640459,640459,1,1,12
836767,836767,1,1,11
3260892,2996005,1,12,15
877108,877108,1,,13
1379870,1335313,1,8,4
344267,344267,1,1,32
1123376,1111811,1,,17
457685,457685,1,1,15
582530,582530,1,12,4
235115,235115,1,1,5
1254049,1226069,1,1,22
3084519,2837485,1,8,6
71753,71753,1,,13
294712,294712,1,1,13
1290639,1257372,1,1,8
738554,738530,4,1,20
889865,889865,1,,12
1121648,791836,2,1,11
554424,554424,1,,9
620376,620376,1,12,57
1138006,1124709,1,1,17
1360857,1318660,1,12,40
296299,296299,1,1,17
536653,536653,1,1,19
274303,274303,1,1,20
906012,906012,1,,9
2244222,2086534,1,31,10
1371174,1327681,2,1,15
868838,868838,1,,13
678366,678366,1,1,98
463982,531712,2,1,16
720380,720380,1,7,12
687471,687471,1,1,18
1155982,1140508,1,12,4
746738,746738,1,1,21
1692046,1608921,1,12,13
169812,169812,1,1,7
710611,710611,1,31,2
670493,670493,1,1,2
2110353,1971413,1,12,99
638732,638732,1,1,16
3088836,2841504,1,12,13
1297065,1263041,1,1,25
323898,323898,1,31,2
2553801,2358192,1,12,9
1123454,1111881,1,1,13
894698,894698,1,1,20
1307099,1271752,1,1,28
1001420,1001420,1,,24
510095,510095,1,1,13
2865903,2639284,1,1,22
865207,865207,1,1,9
398900,398900,1,1,8
48242,48242,1,1,10
434299,434299,1,1,4
533785,533785,1,1,29
463870,463870,1,1,18
351428,351428,1,1,10
98905,98905,1,,10
651189,651189,1,1,11
807492,807492,1,1,14
1350362,1309443,1,1,13
1051648,1050089,1,33,2
661456,661456,1,1,25
1241035,1214528,1,2,20
3255638,2991263,1,1,46
3438856,3157335,1,12,85
924519,924519,1,,10
407157,407157,1,1,13
1348293,1307658,1,1,12
2241433,2084055,1,12,16
118473,118473,1,,2
85654,85654,1,1,9
938807,938807,1,1,10
1262747,1233695,1,12,15
1157905,1142182,1,1,3
953389,953389,1,1,9
519749,519749,1,,35
530146,530146,1,1,10
191680,191680,1,,12
981177,981177,1,,20
573647,573647,1,12,4
1077409,1072532,1,1,11
1693429,1610104,1,1,12
400771,400771,1,1,12
1199271,1177761,1,1,18
3653937,3352781,1,12,5
419187,419187,1,1,12
1015646,1015646,1,,12
337154,337154,1,1,4
1015484,1015484,1,,20
702703,702703,1,1,11
666453,666453,1,1,7
987696,987696,1,,21
664802,664802,1,1,13
645085,645085,1,12,84
907741,907741,1,1,19
365804,365804,1,1,9
1616952,1543738,1,1,20
322288,322288,1,1,14
678990,678990,1,1,13
961293,961293,1,31,12
951531,951531,1,,21
566805,566805,1,31,8
34023,34023,1,1,13
169341,191353,5,1,23
1091761,1084984,1,29,2
43694,43694,1,1,16
956267,956267,1,,10
159797,159797,1,1,12
1142300,1128414,1,1,18
1372045,1328435,1,1,12
1205268,1183027,3,12,15
782295,782295,1,1,18
1697118,1613234,1,,5
1112604,1102400,1,12,5
550376,550376,1,12,16
184872,184872,1,,12
224360,224360,1,,14
1204436,1182281,1,1,13
569010,569005,2,1,29
903781,903781,1,,36
981247,981251,2,,21
338308,338308,1,1,14
1486424,1428481,1,12,14
335462,335462,1,1,13
14994,14994,1,1,13
3256961,2992417,2,1,24
1301421,1266881,1,8,10
681708,681708,1,7,10
2866196,2639288,34,1,20
379260,379260,1,1,18
713903,713903,1,,19
979343,979343,1,,12
1217730,1193809,1,,12
177976,177976,1,1,11
849098,849098,1,1,13
215443,215443,1,1,7
466786,466786,1,12,11
2244164,2086479,1,12,5
501932,501932,1,1,13
454185,454185,1,1,13
697931,697931,1,29,5
512729,512727,2,1,14
772174,772174,1,1,7
1364166,1321610,1,1,25
653871,653871,1,12,13
1303521,1268700,1,12,26
116876,116876,1,1,15
363350,363350,1,1,22
289205,289205,1,31,4
1278725,1246916,1,12,3
657040,657042,2,1,20
369537,369537,1,1,23
184590,184590,1,1,18
127730,127730,1,,11
2113960,1974511,1,12,8
951201,951201,1,,25
295744,295744,1,1,12
1128035,1115840,1,1,8
1092477,1085625,1,12,10
718934,718935,2,1,20
1179542,1160797,1,12,6
611297,611297,1,12,89
1695232,1611633,1,31,16
2243710,2086101,1,12,12
240216,240216,2,1,20
1372296,1328657,1,12,11
1298934,1264627,1,1,10
784535,784535,1,1,21
247105,247105,1,,11
457269,457269,1,1,8
1032097,1032086,2,1,19
1049250,1048126,8,33,31
54457,54457,1,1,11
885361,885361,1,,16
683741,683741,1,1,96
1147216,1132732,1,33,10
859767,859766,9,1,26
891295,891295,1,,10
661804,661805,2,1,22
970185,970185,1,1,20
139749,139749,1,1,16
1286666,1253918,1,12,24
445429,445429,1,1,25
715866,715866,1,1,14
502540,502540,1,1,12
1233052,1207264,1,31,9
226307,226307,1,1,30
985287,985287,1,,6
165467,165467,1,1,2
3355968,3083006,1,12,10
483021,483021,1,1,23
255136,255136,1,,7
165828,165826,3,1,18
976709,976709,1,1,13
484022,484022,1,1,12
1239210,1212927,1,1,12
1349808,1308985,1,1,16
3330762,3059976,1,1,10
668173,668173,1,1,11
1182148,1163052,1,12,9
247998,247998,1,1,13
1205835,1183521,1,,56
1695198,1611601,1,31,10
847264,994312,4,,22
97555,97555,1,1,21
884526,884526,1,,10
2696516,2488747,1,12,45
115857,115857,1,,17
69689,69689,1,1,22
929373,929373,1,,10
977975,977975,1,1,9
904148,904148,1,1,7
639040,639040,1,1,9
584783,584783,1,1,12
358748,358748,1,7,11
71456,71456,1,,21
2619555,2417742,1,1,13
886374,886374,1,,13
2514071,2323332,1,1,10
975563,975751,2,,16
336272,336272,1,1,12
3435702,3154545,1,1,12
302122,302122,1,1,10
979042,979042,1,,14
749828,749828,1,12,287
1125367,1113512,1,1,15
973441,973441,1,1,12
3438307,3156833,2,87,24
1005142,1005142,1,,12
1305705,1270546,1,1,20
3901024,3580550,2,1,24
759157,759157,1,1,9
2560638,2364439,1,12,10
1222608,1198005,1,1,32
1036214,1036214,1,,7
358802,358802,1,1,13
505979,505979,1,1,10
262445,262445,1,1,9
1283487,1251032,1,29,7
1344064,1304004,1,1,11
1137518,1124250,1,1,17
300639,300639,1,12,14
544213,544213,1,1,5
230887,230887,1,1,15
717189,717189,1,1,12
1287350,1254551,1,,12
1209602,1186862,1,12,41
727390,727390,1,1,12
499548,499548,1,1,14
292150,292150,1,1,15
1838174,1734785,1,1,18
464247,464247,1,1,11
3438369,3156890,1,1,6
1488785,1430594,1,1,16
649082,649082,1,8,10
822037,822037,1,1,12
982092,585831,1,1,13
608445,608445,1,1,8
453736,453736,1,1,10
638034,638034,1,8,10
1100275,1092024,1,,12
643608,643608,1,1,21
351829,351829,1,1,21
244955,244956,2,1,34
3085231,2838146,1,12,37
903223,903223,1,,22
1333853,1295021,1,12,6
823830,823830,1,31,2
2105273,1966982,1,1,10
893637,893637,1,,38
873599,873599,1,,15
38317,38315,2,,12
1040578,904443,3,1,16
3083244,2836324,1,1,9
690897,690897,1,12,30
249248,249248,1,31,5
1165348,1148703,1,1,10
1485813,1427933,1,1,10
1489724,1431418,1,1,10
92573,92573,1,,18
1054043,1052186,1,1,4
741151,741151,1,1,21
1059359,1056735,1,1,16
829476,829476,1,1,18
972064,972064,1,,20
574438,574438,1,1,12
158653,158653,1,42,3
718670,718670,1,1,14
608797,608797,1,1,20
958524,958524,1,,42
354646,354646,1,1,13
349630,349630,1,1,15
620430,620430,1,12,99
3438970,3157445,1,1,13
226074,226074,1,,11
107617,107617,1,,16
544114,544114,1,1,18
1155036,1139732,1,1,36
1156355,1140846,1,1,16
434052,434052,1,1,6
393411,393411,1,1,7
704672,704477,4,1,22
287886,287886,1,1,20
88172,88172,1,,10
2562417,2366061,1,1,18
1233324,1207513,1,12,8
1066318,1062874,1,19,28
1064526,351558,2,1,20
183126,183126,1,,12
678169,678169,1,1,13
2989310,2750981,1,1,15
619280,619280,1,,18
99451,99451,1,,38
1306844,1271534,1,12,10
301632,301632,1,1,11
430150,430150,1,1,11
967576,967576,1,1,16
794383,794383,1,1,20
863284,863284,1,,10
3655199,3353956,1,12,15
2692544,2485244,1,12,11
2559000,2362949,1,1,30
3262179,2997126,1,12,13
1696378,1612636,1,1,17
330520,330520,1,1,24
2111314,1972216,2,1,16
169060,169060,1,1,15
1207934,1185387,1,1,12
305673,305673,1,1,22
477748,477748,1,1,19
493543,493543,1,1,9
299955,299955,1,1,7
174002,174002,1,1,12
87042,87042,1,1,15
1287870,1255016,2,1,14
1255352,1227230,1,,9
2110852,1971800,1,1,6
899638,899638,1,,16
953456,953456,1,,15
895681,895681,1,,26
797223,797223,1,1,4
463841,439566,2,1,13
2109195,1970408,1,12,7
183560,183560,1,,12
1041638,983636,2,1,22
1156998,1141378,1,1,16
1158724,1142944,1,12,12
2106650,1968178,1,1,11
1178773,1160110,1,1,19
2866740,2640036,1,3,10
639808,639808,1,31,2
1234687,1208737,1,1,31
2255060,2095725,72,1,15
913450,913450,1,1,12
889593,889593,1,,11
2871059,2643899,3,1,15
155714,155714,1,,11
619704,619704,1,12,44
713014,713014,1,12,21
1286704,1253956,1,12,30
97409,97408,2,1,16
939568,939568,1,,17
1162400,1146113,4,1,14
225733,225733,1,,6
1285781,1253109,1,12,18
303470,303470,1,1,15
1524190,1460921,1,1,2
862687,862687,1,1,20
183959,183959,1,1,18
747554,747554,1,1,21
968909,968909,1,,10
857637,857637,1,,11
947458,947458,1,,10
891470,891470,1,,10
1159158,1143354,2,1,16
3261558,2996630,4,1,24
1172005,1154371,1,1,6
991125,991125,1,,13
611837,611837,1,12,54
626816,626816,1,31,4
1226053,1201025,1,12,14
969887,969887,1,1,16
785558,785558,1,1,1008
514571,514571,1,1,24
3764369,3454714,1,12,13
1119469,1108362,1,31,9
143520,143520,1,,12
615103,615103,1,1,10
547355,547345,3,1,21
1227413,1202232,1,8,9
559079,559079,1,1,14
533187,533187,1,1,15
658545,658544,2,1,15
350863,350863,1,,13
522524,522524,1,1,11
928122,928122,1,1,18
793163,793163,1,1,61
1487948,1429841,1,1,14
1117661,1106748,1,1,17
1154430,1139189,1,1,21
1015794,1015794,1,1,13
2256432,2096846,1,1,16
3260969,2996078,1,1,16
251714,251714,1,1,16
59654,59654,1,7,10
2864888,2638343,1,8,11
2561277,2364994,1,1,20
720876,720876,1,1,15
1612689,1540159,1,1,17
717739,717739,1,8,13
386214,386214,1,14,1
737502,737502,1,10,15
1304601,1269585,8,1,25
806875,806875,1,1,44
1183661,1164360,1,1,7
148388,148387,2,,9
438085,438085,1,1,15
66630,66630,1,,18
867275,867275,1,1,12
687203,687203,1,1,20
1138671,1125297,1,,20
769587,769587,1,1,12
253585,253585,1,1,13
756662,757051,4,1,15
3657943,3356473,1,12,11
319966,319966,1,1,9
3770685,3460628,1,12,11
1094090,1086885,1,1,15
1332316,1293659,1,61,13
928694,928694,1,,23
237343,237343,1,,13
505722,505722,1,7,12
549829,549829,1,1,27
528431,528431,1,1,12
52570,52570,1,1,10
183485,183485,1,1,13
27164,27164,1,1,13
190248,190248,1,,6
658033,658016,16,1,42
3900041,3579646,1,12,16
314325,314325,1,1,21
211855,211855,1,1,10
749002,749002,1,12,60
1262774,1233721,1,3,12
542059,542059,1,1,11
81668,81668,1,1,5
560387,560387,1,1,18
1091097,1084421,1,,11
970240,970240,1,,8
1130018,1117596,2,1,20
379079,379079,1,12,40
1064009,1060831,1,33,6
1269222,1239210,1,,12
2113851,1974419,1,12,17
747762,747762,1,7,6
1184853,1165381,1,12,5
1130588,1118094,1,1,7
41893,41893,1,1,12
656129,656129,1,1,10
357396,357396,1,1,14
679711,679711,1,1,4
930848,930848,1,,14
248523,248523,1,1,14
906852,906852,1,,10
358013,358013,1,7,12
885420,885420,1,1,13
604867,604867,1,1,6
265424,265424,1,1,10
2866906,2640192,4,12,9
2241987,2084560,1,1,6
904168,904168,1,,20
217351,217351,1,,14
2558539,2362547,1,12,14
3262584,2985281,4,1,99
1092840,1085916,1,12,13
1074811,1070259,1,1,20
521369,521369,1,1,10
3652065,3351033,1,1,20
968700,968700,1,1,10
1693761,1610388,2,12,18
747304,747304,1,12,12
1119596,1108471,1,,22
876893,876893,1,,10
793611,793611,1,1,38
3902813,3582141,3,12,30
678780,678780,1,1,99
948892,948892,1,1,13
1690934,1607912,1,1,8
958109,958109,1,,11
588983,586617,38,1,13
160313,160313,1,,10
1027176,1027176,1,1,13
97943,97943,1,,12
1330232,1291874,1,31,9
860875,860875,1,,22
2751721,2537695,1,12,11
1260974,1232137,1,31,11
3261715,2996755,11,1,21
681114,681114,1,1,14
455334,455334,1,1,11
1335572,1296492,1,34,4
372233,372233,1,1,24
1486693,1428733,1,1,22
1167319,1150421,2,1,21
1313329,1277124,1,8,11
263551,263551,1,1,15
807240,807240,1,12,26
1254759,1226704,1,12,36
685090,685090,1,1,12
2556782,2360911,1,1,17
21137,21137,1,1,11
3435091,3153980,1,12,18
62141,62141,1,1,17
413289,413289,1,1,11
1127520,1115409,1,1,22
697170,697170,1,1,16
588764,588764,1,1,11
923738,923738,1,1,7
87776,87776,1,1,11
634662,634662,1,1,7
916996,916996,1,,13
3086694,2839542,1,,15
637306,637306,1,1,11
1702649,1617954,1,31,2
1110419,1100638,1,1,12
3259628,2994845,2,1,9
491786,491786,1,8,11
568539,568539,1,1,14
2007251,1881937,1,33,16
1185635,1166094,1,,16
548330,548330,1,1,12
217306,217305,2,1,6
162148,162146,2,1,22
1103045,1094365,1,,16
1254568,1226534,1,1,10
507400,507400,1,,9
867878,867878,1,,16
3905461,3584634,1,12,9
398218,398218,1,1,12
3767096,3457251,1,31,16
611169,611169,1,1,16
434307,434307,1,31,10
392147,392147,1,1,11
970618,970618,1,1,12
384948,384948,1,1,10
964965,964965,1,1,9
969567,969567,1,,14
270703,270703,1,,34
945675,945675,1,,9
3766687,3456866,1,12,10
1691147,1608115,1,29,2
3769917,3459902,1,12,5
3257609,2993011,1,12,18
1041269,913088,2,1,20
3257919,2993300,1,12,6
2243697,2086088,1,1,18
470114,470114,1,1,14
359215,359215,1,12,4
257533,257533,1,1,12
2245091,2087270,1,31,6
1423623,1373894,1,1,17
879445,879445,1,1,14
2872471,2645163,1,8,6
265132,265132,1,1,15
1247663,1220440,1,1,13
339010,339010,1,1,13
594187,594187,1,1,10
937770,937770,1,1,10
71526,71526,1,,4
797968,792152,2,1,19
713369,713369,1,1,12
1142451,1128544,2,34,5
407763,407763,1,12,8
312428,312428,1,31,9
1291649,1258297,1,1,12
124168,124168,1,1,20
2338674,2168805,2,1,27
620573,620573,1,1,12
3903642,3582913,1,12,8
926848,926848,1,,11
786360,786360,1,1,8
518118,518118,1,1,12
220417,220417,1,1,16
995030,995030,1,,18
127097,127097,1,,13
2696936,2489115,1,12,1
760931,166737,2,,16
824617,824617,1,1,23
1154644,1139386,1,1,19
2556850,2360976,1,1,8
791725,791725,2,1,17
139299,139299,1,31,16
1264979,1235647,1,31,12
201033,357278,2,1,10
742900,742900,1,1,12
344749,344749,1,,23
576303,576303,1,1,12
549141,549141,1,7,8
877208,877208,1,1,30
519605,519605,1,1,19
1190663,1170406,1,33,14
1702523,1617835,1,1,14
561226,561226,1,1,13
1698333,1614192,1,,12
579374,579374,1,1,12
678355,678355,1,1,92
621263,621263,1,1,10
313141,313141,1,1,13
1022959,1022959,1,,15
72611,72611,1,1,11
1307015,1271678,1,31,30
3257872,2993255,1,31,10
761831,761831,1,1,25
483225,483225,1,1,8
1217791,1193862,1,12,18
876553,876553,1,,7
712142,712142,1,,24
126374,126374,1,,14
1014368,1014368,1,1,14
1341997,581992,2,1,24
246495,246485,2,1,21
2242449,2084978,1,31,16
119860,119860,1,1,12
1052064,1050463,1,12,10
33147,33147,1,1,16
2867205,2640470,1,1,11
602501,602501,1,1,13
2240915,2083611,1,1,12
792792,792792,1,,14
656760,656760,1,1,25
931797,931797,1,,17
102120,102120,1,31,3
550996,550996,1,1,24
679328,679328,1,1,85
207139,207139,1,1,11
267847,267847,1,1,21
1173062,1155269,1,1,16
2110927,1971862,1,,4
1137187,1123951,1,1,25
707860,707860,1,1,11
435137,435137,1,1,12
635833,585201,2,1,11
1700329,1615906,9,1,12
674875,674875,1,1,8
428671,428671,1,1,11
263553,263553,1,1,14
485987,485987,1,1,13
546769,546769,1,31,4
132953,132953,1,,24
915908,915908,1,,17
3437210,3155855,5,1,16
339150,339150,1,1,35
604324,604324,1,1,12
3257063,2992507,1,31,11
2243523,2085929,1,12,18
93242,93242,1,1,12
262051,262051,1,1,16
2106197,1967780,1,1,14
886878,886878,1,1,11
67515,67515,1,1,11
242277,242277,1,31,2
2242356,2084889,1,,14
573281,573281,1,12,5
866095,866095,1,,14
1209634,1186894,1,12,34
65571,65571,1,,69
322992,322992,1,1,21
1057009,1054690,1,1,6
69819,69819,1,,28
2080967,1945516,9,1,12
761618,761618,1,1,18
1324879,1287210,1,1,15
1693902,1610507,2,19,26
20641,20641,1,1,14
1128856,1116561,1,33,12
406100,406100,1,1,30
869894,869894,1,,9
1021789,1021789,1,,12
485252,485252,1,1,15
875608,875608,1,,14
152271,152271,1,30,4
1241291,1214750,1,1,12
947941,947941,1,,14
367189,367189,1,33,10
1278589,1246803,1,31,2
519817,519813,2,31,5
1368468,1325366,5,1,18
1138984,1125592,1,1,13
252996,252996,1,1,10
3655954,3354673,1,12,31
393911,393911,1,1,23
2247398,2089324,1,31,18
946361,946361,1,,15
802956,802956,1,7,9
785400,785400,1,1,17
3710846,3405224,1,1,17
641855,641855,1,1,15
864174,864174,1,,36
525327,525327,1,1,11
2113999,1974543,5,1,22
625425,625425,1,1,18
523579,523579,1,1,13
683762,683762,1,31,11
902470,902470,1,1,13
1155584,1140171,1,12,6
916837,916837,1,,5
1611439,1539121,1,12,3
1018392,1018392,1,1,10
1073929,1069543,1,26,17
363266,363266,1,1,12
3728601,3421610,1,12,343
437400,437400,1,12,8
338844,338844,2,1,17
2561032,2364764,1,8,12
559104,559104,1,1,21
542998,542998,1,1,18
70454,70454,1,1,11
2105289,1966997,1,1,13
329788,329788,1,1,13
1112596,1102392,1,1,20
1036667,1036667,1,,11
1486965,1428975,1,1,16
537221,537221,1,1,12
185685,185685,1,1,16
333456,333456,1,1,23
610888,610888,1,12,61
2255759,2096268,1,31,14
780351,780351,1,1,11
3654636,3353418,1,1,10
905783,905783,1,1,9
1006029,1006029,1,,12
186070,186070,1,1,13
2618842,2417074,1,12,12
1168461,1151452,1,1,11
594335,594335,1,1,7
1014224,1014224,1,1,8
2621239,2419158,4,1,20
1696491,1612718,1,12,18
992616,992616,1,,12
529505,529499,2,1,14
536486,536473,18,1,15
1695974,1612278,1,12,4
963469,963469,1,1,6
518174,518174,1,1,14
1702747,1618046,1,12,16
1212787,1189568,1,7,14
492872,492872,1,1,24
1157809,1142105,1,1,23
445333,445333,1,1,20
1217984,1194020,1,12,2
1011621,1011437,2,,16
1287185,1254407,1,1,12
916420,916420,1,,13
1346230,1305871,1,1,20
1260713,1231887,1,12,2
462235,462235,1,1,16
304372,304372,1,1,11
892268,892268,1,,14
410581,410581,1,,12
984411,984411,1,1,13
2553098,883832,2,1,12
5961,5961,1,1,16
2247600,2089506,1,1,12
280511,280511,1,1,2
1080881,1075609,1,1,15
84581,84581,1,,7
874792,874792,1,,10
1257406,1229003,1,1,11
3353815,3081034,1,12,10
150429,150429,1,31,10
741850,741850,1,1,9
1053759,1051969,1,1,31
281354,281354,1,1,7
467947,467947,1,,14
28723,28723,1,1,11
151709,151709,1,1,21
150011,150011,1,33,16
970587,970587,1,,12
269276,269276,1,1,12
1294974,1261172,1,1,29
797182,797182,1,1,13
682653,682653,1,12,12
3354426,3081596,1,31,9
359054,359054,1,1,16
512746,512746,1,,13
423661,423661,1,1,9
836769,836769,1,1,11
576554,576554,1,1,18
423945,423945,1,1,16
979037,979037,1,,26
996067,996067,1,,6
2509,2509,1,1,16
576795,576795,1,1,9
3769449,3459470,1,29,2
485702,485650,14,1,24
688866,688866,1,1,3
325097,325097,1,1,13
100274,100274,1,,20
867630,867630,1,1,19
1076911,1072077,1,1,10
991023,991023,1,,6
904181,904181,1,,20
115016,115016,1,,13
1006504,1006504,1,29,3
3083649,2836699,1,12,12
328838,328838,1,1,12
320875,320875,1,1,16
898029,898029,1,,13
870918,870918,1,,14
880633,880633,1,,18
1110878,1101034,1,7,8
1316833,1280200,1,1,24
859762,859762,1,,12
1239492,1213178,1,12,17
955184,955184,1,1,17
231153,231153,1,1,20
894817,894817,1,1,15
493818,493819,2,1,8
683854,683854,1,1,75
207402,207402,1,12,11
278180,278180,1,1,24
1275681,1244491,1,1,30
1207437,1184950,1,12,65
444909,390002,2,1,16
435317,435317,1,1,9
955347,955347,1,,10
357904,357904,1,1,5
1701977,1617349,1,31,6
763774,763774,1,31,11
526475,526475,1,1,16
192337,192336,2,1,9
3651037,3350092,1,12,180
484071,484071,1,1,16
1259060,1230427,1,1,13
460593,460593,1,33,10
427159,427159,1,1,16
354839,354839,1,1,5
455144,455144,1,12,5
490115,490115,1,1,10
292810,292810,1,1,20
459302,459302,1,1,12
2110651,1971621,1,1,11
1301580,289374,2,1,15
3259186,2994445,1,1,3
761545,761545,1,1,13
1384944,1339694,1,12,11
678299,678299,1,1,99
952135,952135,1,1,20
27921,27918,3,1,11
58422,58422,1,1,10
1209390,1186658,1,12,99
2181100,2032045,1,1,12
39734,39734,1,1,13
234149,234149,1,,6
575314,575314,1,1,12
1145362,1131124,1,1,5
625895,625895,1,12,20
232603,232603,1,1,23
372922,372922,1,1,14
635766,635766,1,1,4
814943,814943,1,31,4
427679,427679,1,1,18
695030,695030,1,12,92
240326,240326,1,,22
576881,576881,1,1,21
951109,951109,1,31,6
54934,54934,1,1,29
1148732,934560,2,1,16
102788,102783,2,1,12
680726,680726,1,7,15
792886,792886,1,1,24
239533,239533,1,2,23
358180,358180,1,1,11
1213921,1190572,1,,9
944454,944454,1,12,10
792103,792103,1,1,85
751674,751674,1,1,29
616700,616700,1,12,75
694633,694633,1,12,45
2455605,2272477,20,1,43
1245817,1218836,1,1,10
684236,684236,1,12,6
677004,677004,1,1,9
619144,619144,1,1,31
943602,943602,1,,16
239496,239496,1,1,12
690675,690675,1,12,39
671650,671650,1,1,18
210552,210552,1,,5
613108,613108,1,12,44
265344,265344,1,1,21
1693778,1610402,1,12,18
565381,565381,1,12,19
44499,44499,1,1,10
604909,604909,1,12,19
561714,561714,1,1,32
3768379,3458479,1,12,77
385937,385937,1,1,13
2340774,2170658,1,12,15
115499,115499,1,1,22
884420,884420,1,,13
560446,560446,1,1,14
279985,279985,1,1,25
3903572,3582849,1,12,9
1086567,1080536,1,1,15
127438,127438,1,1,13
1296121,1262189,1,12,3
486326,486326,1,12,9
987892,987892,1,1,23
2111612,1972482,1,1,15
1692395,1609214,1,12,8
2248671,2090445,1,1,20
2339567,2169572,1,1,10
1291513,1258165,1,12,10
883726,883726,1,,18
563485,563485,1,1,4
475983,475986,2,1,15
1240767,1214284,1,1,16
589564,589564,1,1,17
558850,558850,1,1,16
817154,817154,1,1,10
1251108,1220644,5,1,43
771128,771128,1,1,14
280943,280943,1,1,25
193522,193522,1,1,22
1009171,1009171,1,,10
883819,883819,1,1,24
690825,690825,1,12,34
481197,481197,1,1,10
998062,998062,1,1,12
333687,333687,1,,10
1124022,1112344,1,1,35
97619,97619,1,1,11
1063299,1060182,1,1,12
288502,288497,2,1,11
229426,229426,1,1,8
1069185,1065343,2,1,41
430174,430174,1,7,12
693720,693720,1,12,8
674601,674601,1,12,52
2692528,2485228,1,8,4
215652,215652,1,1,12
726802,715653,2,1,18
2867909,2641126,1,1,23
255839,255839,1,1,14
456486,456486,1,1,13
743953,743953,1,12,32
864636,864636,1,,7
939907,939907,1,,14
352302,352303,2,1,15
2178387,2029835,1,12,19
2560989,2364723,1,1,16
1106889,1097659,1,,4
2203224,2051000,1,1,28
528687,528687,1,1,8
4109,4109,1,1,14
748866,748866,1,1,12
1218330,1194292,1,31,10
80250,80250,1,1,12
2562433,2366072,1,12,11
1055999,1053835,1,1,12
660060,660060,1,1,12
243917,243917,1,1,19
41996,41996,1,1,22
358242,358242,1,1,18
177978,177978,1,1,10
1009837,1009837,1,,26
55191,55191,1,,16
299557,299557,1,1,16
970341,970341,1,1,10
956430,956430,1,1,15
1193405,1172524,1,1,16
807509,807509,1,1,11
1146866,1132419,1,1,2
1025452,1025452,1,,12
3655314,3354068,1,1,10
851413,851413,1,,11
1236803,1210793,2,1,22
841128,841128,1,12,6
536381,536381,1,1,14
417130,417130,1,1,14
2553568,2358030,1,1,19
582582,582582,1,1,16
1217578,1193672,1,1,13
1337539,1298210,1,1,8
181032,181030,2,1,21
1036324,1036324,1,,15
36504,36504,1,1,25
319609,319609,1,1,3
28179,28179,1,1,18
899778,899778,1,,13
801025,801025,1,7,9
300278,300278,1,1,11
92197,92197,1,1,6
459631,459631,1,1,12
409464,409464,1,8,4
894938,894938,1,,16
731831,731831,1,1,17
214358,214358,1,1,15
3767117,3457271,1,12,99
722076,722076,1,1,17
89147,89147,1,,12
556538,556538,1,29,8
1087552,1081404,1,1,12
996437,996437,1,1,17
684246,684246,1,1,51
325727,325727,1,1,36
526085,526085,1,1,11
684791,684791,1,1,13
963597,963597,1,,22
378607,378607,1,1,10
180437,180437,1,,10
975456,975456,1,,14
442552,442552,1,1,12
424209,424209,1,1,12
770387,770387,1,1,17
666029,666029,1,12,10
184224,184224,1,1,13
1110392,1100612,1,1,10
926805,926805,1,,25
3903850,3583117,1,12,13
2622570,2420368,1,12,12
560705,560705,1,1,11
525232,525232,1,1,22
1310934,1275005,2,1,7
