1,2
rec-550215-dup-0,id-550215
id-1790277,rec-1790277-dup-0
rec-196718-dup-0,rec-196718-dup-1
id-1201608,rec-1201608-dup-0
rec-287736-dup-0,id-287736
id-640181,rec-640181-dup-1
id-1151247,rec-1151247-dup-0
rec-198624-dup-0,id-198624
rec-678474-dup-0,id-678474
rec-1256625-dup-0,id-1256625
rec-1774498-dup-0,rec-1774498-dup-1
id-3071812,rec-3071812-dup-0
rec-448384-dup-0,id-448384
rec-279693-dup-0,rec-279693-dup-1
rec-1123300-dup-0,id-1123300
rec-1475959-dup-1,rec-1475959-dup-0
id-2340183,rec-2340183-dup-1
rec-676075-dup-0,id-676075
rec-528549-dup-0,id-528549
rec-345348-dup-0,id-345348
rec-432345-dup-0,id-432345
id-963731,rec-963731-dup-0
rec-1394159-dup-0,id-1394159
rec-1807197-dup-0,id-1807197
id-127507,rec-127507-dup-1
rec-980305-dup-0,id-980305
id-238458,rec-238458-dup-0
id-2743482,rec-2743482-dup-0
id-2115442,rec-2115442-dup-1
rec-212555-dup-0,rec-212555-dup-1
id-846499,rec-846499-dup-0
rec-666961-dup-1,id-666961
rec-644278-dup-0,rec-644278-dup-1
id-841289,rec-841289-dup-0
id-742406,rec-742406-dup-1
rec-486065-dup-0,id-486065
id-1151752,rec-1151752-dup-0
rec-68925-dup-1,id-68925
rec-283103-dup-0,rec-283103-dup-1
id-853599,rec-853599-dup-0
id-490145,rec-490145-dup-0
id-800391,rec-800391-dup-0
id-1190835,rec-1190835-dup-0
rec-218868-dup-1,id-218868
rec-1251797-dup-0,id-1251797
id-1095616,rec-1095616-dup-0
rec-958397-dup-1,rec-958397-dup-0
rec-1291429-dup-0,rec-1291429-dup-1
id-121282,rec-121282-dup-1
rec-577247-dup-0,id-577247
id-529256,rec-529256-dup-1
id-317841,rec-317841-dup-0
rec-345919-dup-0,id-345919
rec-529256-dup-0,id-529256
id-1099400,rec-1099400-dup-0
id-563471,rec-563471-dup-0
rec-868847-dup-0,rec-868847-dup-1
rec-2894416-dup-0,rec-2894416-dup-1
rec-884020-dup-0,id-884020
rec-414245-dup-0,rec-414245-dup-1
rec-833505-dup-0,id-833505
rec-127507-dup-0,rec-127507-dup-1
rec-1035032-dup-0,rec-1035032-dup-1
id-1007711,rec-1007711-dup-1
id-1176220,rec-1176220-dup-1
id-1284089,rec-1284089-dup-1
rec-448196-dup-0,id-448196
id-1381705,rec-1381705-dup-0
rec-901139-dup-0,id-901139
id-1160118,rec-1160118-dup-1
rec-1217615-dup-1,id-1217615
id-1238568,rec-1238568-dup-0
id-976091,rec-976091-dup-0
rec-207271-dup-1,id-207271
rec-448196-dup-0,rec-448196-dup-1
rec-911934-dup-0,rec-911934-dup-1
id-1283960,rec-1283960-dup-1
rec-10039-dup-1,id-10039
rec-1806760-dup-0,rec-1806760-dup-1
rec-824404-dup-0,id-824404
rec-842115-dup-0,id-842115
rec-414245-dup-0,id-414245
rec-2122575-dup-0,rec-2122575-dup-1
id-285354,rec-285354-dup-0
rec-2493667-dup-0,rec-2493667-dup-1
id-1190587,rec-1190587-dup-0
rec-631758-dup-0,id-631758
rec-763175-dup-1,rec-763175-dup-0
rec-1062082-dup-0,id-1062082
id-2097227,rec-2097227-dup-0
id-1534090,rec-1534090-dup-0
id-2743570,rec-2743570-dup-0
id-957983,rec-957983-dup-0
id-1075250,rec-1075250-dup-0
rec-385517-dup-1,id-385517
id-1774498,rec-1774498-dup-1
rec-1810058-dup-1,id-1810058
rec-601847-dup-0,rec-601847-dup-1
rec-1810058-dup-0,id-1810058
id-1018163,rec-1018163-dup-0
id-689226,rec-689226-dup-0
id-1232121,rec-1232121-dup-0
id-326852,rec-326852-dup-0
rec-180749-dup-0,id-180749
rec-420023-dup-0,id-420023
rec-1148934-dup-0,rec-1148934-dup-1
rec-1007711-dup-0,id-1007711
rec-2896349-dup-1,rec-2896349-dup-0
id-320044,rec-320044-dup-0
id-453130,rec-453130-dup-0
id-637507,rec-637507-dup-0
id-196718,rec-196718-dup-1
rec-574006-dup-0,id-574006
id-756879,rec-756879-dup-0
rec-91062-dup-0,id-91062
rec-347649-dup-0,id-347649
id-463854,rec-463854-dup-0
rec-794722-dup-0,id-794722
rec-1465150-dup-1,id-1465150
id-1003953,rec-1003953-dup-0
rec-1967334-dup-0,id-1967334
rec-116825-dup-0,id-116825
id-104632,rec-104632-dup-1
rec-1224740-dup-0,rec-1224740-dup-1
rec-514920-dup-1,id-514920
rec-1003453-dup-1,rec-1003453-dup-0
rec-891756-dup-0,id-891756
id-547836,rec-547836-dup-1
rec-752471-dup-1,rec-752471-dup-0
id-742406,rec-742406-dup-0
id-732653,rec-732653-dup-1
rec-876379-dup-1,id-876379
rec-808354-dup-1,rec-808354-dup-0
id-2215841,rec-2215841-dup-1
rec-238945-dup-0,id-238945
rec-810697-dup-0,id-810697
rec-1528383-dup-1,id-1528383
rec-1128393-dup-1,id-1128393
id-298214,rec-298214-dup-0
rec-1774498-dup-0,id-1774498
rec-108708-dup-0,id-108708
rec-706892-dup-1,rec-706892-dup-0
rec-718460-dup-1,rec-718460-dup-0
id-595351,rec-595351-dup-1
rec-527976-dup-0,rec-527976-dup-1
id-901361,rec-901361-dup-1
rec-1119616-dup-1,id-1119616
id-1075250,rec-1075250-dup-1
id-1095807,rec-1095807-dup-0
rec-678474-dup-0,rec-678474-dup-1
rec-1207867-dup-1,rec-1207867-dup-0
rec-905494-dup-0,id-905494
rec-598079-dup-0,rec-598079-dup-1
id-2122573,rec-2122573-dup-0
id-1240438,rec-1240438-dup-0
rec-212555-dup-0,id-212555
rec-210508-dup-0,id-210508
rec-1529677-dup-1,rec-1529677-dup-0
id-583123,rec-583123-dup-0
rec-2979833-dup-1,rec-2979833-dup-0
rec-822840-dup-0,rec-822840-dup-1
id-192026,rec-192026-dup-1
rec-1150056-dup-0,id-1150056
rec-552483-dup-1,id-552483
rec-630108-dup-0,id-630108
id-1247570,rec-1247570-dup-0
id-1281685,rec-1281685-dup-0
rec-244742-dup-0,id-244742
rec-1275413-dup-0,rec-1275413-dup-1
id-61667,rec-61667-dup-0
rec-1123300-dup-1,id-1123300
rec-1232121-dup-1,id-1232121
rec-794334-dup-1,rec-794334-dup-0
rec-576490-dup-0,id-576490
id-1214087,rec-1214087-dup-0
rec-317841-dup-1,rec-317841-dup-0
id-2122575,rec-2122575-dup-1
id-1284089,rec-1284089-dup-0
rec-84513-dup-0,id-84513
id-993373,rec-993373-dup-0
id-1307739,rec-1307739-dup-0
rec-2338058-dup-0,id-2338058
rec-127507-dup-0,id-127507
id-579639,rec-579639-dup-1
id-2218862,rec-2218862-dup-0
rec-239570-dup-0,id-239570
rec-935516-dup-0,id-935516
rec-731226-dup-1,rec-731226-dup-0
rec-808354-dup-1,id-808354
rec-363011-dup-1,rec-363011-dup-0
rec-757471-dup-1,rec-757471-dup-0
id-778162,rec-778162-dup-0
rec-497829-dup-1,id-497829
id-552483,rec-552483-dup-0
rec-2340165-dup-0,id-2340165
rec-2685973-dup-0,id-2685973
rec-871191-dup-0,id-871191
rec-1336357-dup-1,rec-1336357-dup-0
id-2894416,rec-2894416-dup-1
rec-1084246-dup-1,rec-1084246-dup-0
id-1287806,rec-1287806-dup-0
rec-385517-dup-0,rec-385517-dup-1
id-1235511,rec-1235511-dup-1
rec-315537-dup-0,rec-315537-dup-1
rec-769462-dup-0,rec-769462-dup-1
rec-284678-dup-0,id-284678
id-1175691,rec-1175691-dup-0
rec-996445-dup-0,rec-996445-dup-1
rec-577050-dup-0,id-577050
id-1901917,rec-1901917-dup-1
id-1334778,rec-1334778-dup-0
id-276841,rec-276841-dup-1
rec-171389-dup-0,rec-171389-dup-1
id-753700,rec-753700-dup-0
id-855071,rec-855071-dup-0
id-372863,rec-372863-dup-1
id-868847,rec-868847-dup-1
rec-575615-dup-0,id-575615
id-139962,rec-139962-dup-0
rec-1239917-dup-1,id-1239917
rec-1898676-dup-0,rec-1898676-dup-1
rec-2215841-dup-1,rec-2215841-dup-0
id-429441,rec-429441-dup-0
id-514993,rec-514993-dup-0
rec-1217061-dup-0,rec-1217061-dup-1
id-1085235,rec-1085235-dup-0
rec-1176220-dup-0,id-1176220
rec-363011-dup-1,id-363011
id-2613499,rec-2613499-dup-1
rec-581954-dup-1,id-581954
rec-432345-dup-0,rec-432345-dup-1
rec-1260284-dup-1,id-1260284
rec-1335281-dup-1,id-1335281
rec-1302402-dup-1,id-1302402
rec-763306-dup-1,id-763306
id-382070,rec-382070-dup-0
id-18447,rec-18447-dup-0
rec-130264-dup-1,id-130264
id-688973,rec-688973-dup-0
rec-49316-dup-0,id-49316
id-394990,rec-394990-dup-0
rec-764959-dup-0,id-764959
rec-30848-dup-1,rec-30848-dup-0
rec-699983-dup-0,rec-699983-dup-1
id-659286,rec-659286-dup-0
rec-648715-dup-0,id-648715
id-1007723,rec-1007723-dup-1
id-1305075,rec-1305075-dup-0
rec-779153-dup-1,rec-779153-dup-0
rec-625040-dup-0,id-625040
rec-814621-dup-0,id-814621
id-468376,rec-468376-dup-0
rec-894521-dup-0,id-894521
id-1090396,rec-1090396-dup-1
rec-241435-dup-0,rec-241435-dup-1
rec-32213-dup-1,rec-32213-dup-0
id-595351,rec-595351-dup-0
rec-399095-dup-0,id-399095
id-2337044,rec-2337044-dup-0
rec-923265-dup-1,rec-923265-dup-0
rec-399095-dup-1,rec-399095-dup-0
id-1475959,rec-1475959-dup-1
rec-440724-dup-0,id-440724
id-478828,rec-478828-dup-0
id-645793,rec-645793-dup-0
rec-771917-dup-0,id-771917
id-2684096,rec-2684096-dup-1
id-643584,rec-643584-dup-0
rec-116825-dup-0,rec-116825-dup-1
rec-958558-dup-1,rec-958558-dup-0
rec-374536-dup-0,id-374536
rec-733274-dup-0,rec-733274-dup-1
rec-885858-dup-0,id-885858
id-1249119,rec-1249119-dup-0
rec-298214-dup-1,rec-298214-dup-0
id-692266,rec-692266-dup-0
rec-893189-dup-0,rec-893189-dup-1
id-1247183,rec-1247183-dup-1
id-529692,rec-529692-dup-0
id-290756,rec-290756-dup-1
id-698512,rec-698512-dup-1
id-871059,rec-871059-dup-0
rec-233849-dup-0,id-233849
rec-2340165-dup-1,id-2340165
id-860991,rec-860991-dup-1
rec-640181-dup-1,rec-640181-dup-0
id-325592,rec-325592-dup-0
rec-911934-dup-1,id-911934
rec-1087482-dup-0,id-1087482
id-879178,rec-879178-dup-0
id-130264,rec-130264-dup-0
rec-950323-dup-1,id-950323
rec-276244-dup-0,rec-276244-dup-1
rec-497829-dup-0,id-497829
id-963480,rec-963480-dup-1
rec-1148417-dup-0,rec-1148417-dup-1
rec-385517-dup-0,id-385517
rec-130264-dup-1,rec-130264-dup-0
id-272607,rec-272607-dup-1
rec-2493667-dup-1,id-2493667
id-623035,rec-623035-dup-0
rec-732653-dup-1,rec-732653-dup-0
id-1118982,rec-1118982-dup-0
id-1249119,rec-1249119-dup-1
id-2895405,rec-2895405-dup-0
rec-2612279-dup-1,rec-2612279-dup-0
rec-764959-dup-1,id-764959
rec-971092-dup-0,id-971092
id-1256598,rec-1256598-dup-0
id-757471,rec-757471-dup-0
rec-549086-dup-0,id-549086
rec-816166-dup-1,id-816166
rec-785945-dup-0,id-785945
id-1018764,rec-1018764-dup-0
rec-468921-dup-0,id-468921
rec-747867-dup-0,rec-747867-dup-1
id-1068504,rec-1068504-dup-1
rec-2165076-dup-0,id-2165076
rec-104804-dup-1,id-104804
rec-860991-dup-0,rec-860991-dup-1
rec-95104-dup-0,id-95104
id-995012,rec-995012-dup-0
id-1381407,rec-1381407-dup-1
id-2336802,rec-2336802-dup-1
rec-891625-dup-0,id-891625
rec-1232640-dup-1,rec-1232640-dup-0
rec-2340526-dup-0,id-2340526
rec-63997-dup-1,rec-63997-dup-0
id-290756,rec-290756-dup-0
rec-486065-dup-0,rec-486065-dup-1
rec-818052-dup-0,id-818052
rec-1046585-dup-0,id-1046585
id-215301,rec-215301-dup-1
id-2115654,rec-2115654-dup-1
rec-1403040-dup-0,id-1403040
rec-2115442-dup-1,rec-2115442-dup-0
rec-2115723-dup-0,id-2115723
id-2893489,rec-2893489-dup-0
id-1076937,rec-1076937-dup-0
id-1283960,rec-1283960-dup-0
id-1136240,rec-1136240-dup-0
rec-1207284-dup-0,id-1207284
rec-999126-dup-0,rec-999126-dup-1
rec-2337849-dup-1,id-2337849
rec-564635-dup-1,id-564635
rec-1304683-dup-1,rec-1304683-dup-0
id-958397,rec-958397-dup-1
rec-108199-dup-0,id-108199
rec-161246-dup-0,id-161246
rec-237572-dup-0,id-237572
rec-86190-dup-0,id-86190
rec-497829-dup-1,rec-497829-dup-0
rec-30848-dup-0,id-30848
rec-978298-dup-0,rec-978298-dup-1
rec-225731-dup-0,id-225731
rec-41797-dup-0,id-41797
rec-228309-dup-1,id-228309
rec-1274555-dup-0,id-1274555
rec-597563-dup-1,id-597563
id-95023,rec-95023-dup-0
id-958355,rec-958355-dup-0
id-1899742,rec-1899742-dup-0
rec-2978519-dup-1,id-2978519
id-527976,rec-527976-dup-1
rec-2617983-dup-0,rec-2617983-dup-1
id-2894016,rec-2894016-dup-0
rec-1249037-dup-0,id-1249037
id-979901,rec-979901-dup-0
id-805539,rec-805539-dup-1
rec-762963-dup-0,id-762963
rec-680536-dup-1,rec-680536-dup-0
id-947297,rec-947297-dup-0
rec-673199-dup-0,id-673199
rec-1035720-dup-1,rec-1035720-dup-0
id-37117,rec-37117-dup-0
rec-1965752-dup-0,id-1965752
id-1073635,rec-1073635-dup-0
rec-1053114-dup-0,rec-1053114-dup-1
rec-1185130-dup-0,id-1185130
id-1529677,rec-1529677-dup-1
rec-218868-dup-0,id-218868
rec-1808042-dup-0,id-1808042
id-893932,rec-893932-dup-0
rec-777444-dup-0,id-777444
id-1033836,rec-1033836-dup-0
id-2115442,rec-2115442-dup-0
id-1212628,rec-1212628-dup-0
rec-946657-dup-1,id-946657
rec-946567-dup-1,rec-946567-dup-0
rec-2166242-dup-0,id-2166242
rec-190799-dup-0,rec-190799-dup-1
rec-561863-dup-0,id-561863
rec-1036850-dup-1,rec-1036850-dup-0
id-1901917,rec-1901917-dup-0
rec-999126-dup-1,id-999126
id-172240,rec-172240-dup-0
id-935637,rec-935637-dup-0
rec-489355-dup-0,id-489355
id-771917,rec-771917-dup-1
id-601847,rec-601847-dup-1
rec-1000505-dup-0,id-1000505
id-893189,rec-893189-dup-1
rec-1965383-dup-0,id-1965383
id-98369,rec-98369-dup-1
rec-552483-dup-1,rec-552483-dup-0
id-1132486,rec-1132486-dup-0
rec-1035720-dup-0,id-1035720
id-547836,rec-547836-dup-0
rec-2618142-dup-0,rec-2618142-dup-1
rec-1174894-dup-0,id-1174894
rec-104804-dup-0,rec-104804-dup-1
id-522858,rec-522858-dup-0
id-2217365,rec-2217365-dup-0
id-172097,rec-172097-dup-1
rec-898785-dup-0,id-898785
id-209932,rec-209932-dup-0
rec-450816-dup-0,id-450816
rec-1237949-dup-1,rec-1237949-dup-0
rec-616874-dup-0,id-616874
rec-577050-dup-0,rec-577050-dup-1
rec-2495180-dup-0,rec-2495180-dup-1
id-540365,rec-540365-dup-0
rec-206710-dup-0,id-206710
rec-1377680-dup-0,id-1377680
id-736175,rec-736175-dup-0
id-1378476,rec-1378476-dup-0
rec-771917-dup-0,rec-771917-dup-1
id-896751,rec-896751-dup-0
rec-966624-dup-1,id-966624
rec-1013512-dup-0,id-1013512
id-313258,rec-313258-dup-0
rec-891920-dup-0,id-891920
rec-6506-dup-0,id-6506
id-1214184,rec-1214184-dup-0
rec-638103-dup-0,id-638103
rec-864734-dup-0,rec-864734-dup-1
rec-1309377-dup-0,rec-1309377-dup-1
rec-315537-dup-0,id-315537
id-892455,rec-892455-dup-0
id-808354,rec-808354-dup-0
id-994811,rec-994811-dup-0
rec-996926-dup-1,id-996926
id-188039,rec-188039-dup-1
rec-973218-dup-1,id-973218
id-566539,rec-566539-dup-1
rec-885858-dup-1,id-885858
rec-468921-dup-1,rec-468921-dup-0
rec-2339347-dup-1,id-2339347
rec-1220663-dup-1,id-1220663
rec-1190968-dup-0,id-1190968
rec-906065-dup-1,rec-906065-dup-0
id-1270277,rec-1270277-dup-0
id-185055,rec-185055-dup-0
rec-63997-dup-1,id-63997
rec-186522-dup-0,id-186522
rec-783428-dup-1,id-783428
id-1178072,rec-1178072-dup-0
id-452412,rec-452412-dup-1
rec-814101-dup-1,rec-814101-dup-0
rec-452412-dup-0,id-452412
rec-734124-dup-0,rec-734124-dup-1
id-787045,rec-787045-dup-1
rec-2117889-dup-0,id-2117889
id-915069,rec-915069-dup-0
rec-332730-dup-0,rec-332730-dup-1
id-276841,rec-276841-dup-0
id-54760,rec-54760-dup-0
rec-1002937-dup-0,id-1002937
id-698714,rec-698714-dup-1
id-706892,rec-706892-dup-0
rec-1284287-dup-1,id-1284287
rec-2613851-dup-1,id-2613851
id-1035032,rec-1035032-dup-0
id-1116213,rec-1116213-dup-0
rec-313789-dup-0,id-313789
id-382070,rec-382070-dup-1
rec-896464-dup-0,id-896464
rec-372863-dup-0,id-372863
rec-1228717-dup-0,id-1228717
rec-769015-dup-0,id-769015
rec-754766-dup-0,id-754766
rec-1247570-dup-1,rec-1247570-dup-0
rec-1056238-dup-0,id-1056238
id-558725,rec-558725-dup-0
rec-132880-dup-0,id-132880
rec-1269261-dup-0,id-1269261
id-212650,rec-212650-dup-1
rec-999311-dup-1,id-999311
rec-1007711-dup-0,rec-1007711-dup-1
rec-743091-dup-1,rec-743091-dup-0
rec-10039-dup-0,id-10039
rec-1068504-dup-1,rec-1068504-dup-0
rec-43322-dup-0,rec-43322-dup-1
rec-263383-dup-1,id-263383
id-615751,rec-615751-dup-0
id-1218680,rec-1218680-dup-0
id-894033,rec-894033-dup-0
rec-333477-dup-1,rec-333477-dup-0
id-143131,rec-143131-dup-0
id-1532845,rec-1532845-dup-0
id-986912,rec-986912-dup-0
id-486065,rec-486065-dup-1
rec-1248676-dup-1,id-1248676
rec-1908929-dup-0,rec-1908929-dup-1
rec-846499-dup-1,id-846499
rec-1215261-dup-0,id-1215261
rec-786607-dup-1,id-786607
rec-1274555-dup-0,rec-1274555-dup-1
rec-293499-dup-0,id-293499
id-586844,rec-586844-dup-0
id-1967772,rec-1967772-dup-0
rec-1381705-dup-1,rec-1381705-dup-0
rec-188039-dup-1,rec-188039-dup-0
rec-591141-dup-1,id-591141
id-2218862,rec-2218862-dup-1
rec-891756-dup-1,id-891756
rec-905735-dup-0,rec-905735-dup-1
rec-2897095-dup-0,id-2897095
rec-2494072-dup-0,id-2494072
rec-1175691-dup-1,rec-1175691-dup-0
id-2613264,rec-2613264-dup-0
rec-1581211-dup-0,id-1581211
rec-1123300-dup-1,rec-1123300-dup-0
rec-940839-dup-0,id-940839
id-1900760,rec-1900760-dup-0
id-583123,rec-583123-dup-1
id-341562,rec-341562-dup-1
rec-794722-dup-1,id-794722
rec-597894-dup-0,id-597894
rec-2612900-dup-1,id-2612900
id-450717,rec-450717-dup-0
id-2615515,rec-2615515-dup-0
rec-417719-dup-0,rec-417719-dup-1
rec-1093388-dup-0,id-1093388
rec-863032-dup-1,rec-863032-dup-0
rec-1290023-dup-1,id-1290023
rec-10304-dup-1,id-10304
rec-2495033-dup-0,id-2495033
rec-810697-dup-1,id-810697
rec-958558-dup-1,id-958558
id-993373,rec-993373-dup-1
id-1103074,rec-1103074-dup-0
rec-1047256-dup-0,id-1047256
rec-895743-dup-0,id-895743
rec-2491512-dup-0,id-2491512
rec-7263-dup-0,id-7263
rec-846499-dup-1,rec-846499-dup-0
rec-354895-dup-0,id-354895
id-951884,rec-951884-dup-0
rec-659662-dup-0,id-659662
rec-1118982-dup-1,id-1118982
id-905735,rec-905735-dup-1
id-2215841,rec-2215841-dup-0
rec-853925-dup-0,id-853925
rec-88880-dup-0,id-88880
rec-141714-dup-0,id-141714
id-1148417,rec-1148417-dup-1
rec-1142951-dup-0,id-1142951
rec-192026-dup-1,rec-192026-dup-0
rec-1126659-dup-0,id-1126659
id-698714,rec-698714-dup-0
rec-769015-dup-0,rec-769015-dup-1
rec-958464-dup-0,id-958464
rec-844990-dup-0,rec-844990-dup-1
rec-1290023-dup-0,rec-1290023-dup-1
id-395821,rec-395821-dup-0
id-805820,rec-805820-dup-0
rec-549298-dup-0,id-549298
id-1113793,rec-1113793-dup-1
rec-2495180-dup-0,id-2495180
rec-596190-dup-0,id-596190
rec-251026-dup-0,id-251026
id-32213,rec-32213-dup-1
rec-1240608-dup-0,id-1240608
id-811696,rec-811696-dup-0
rec-514920-dup-0,id-514920
rec-552342-dup-1,rec-552342-dup-0
id-172097,rec-172097-dup-0
id-646959,rec-646959-dup-0
id-946567,rec-946567-dup-0
rec-1128020-dup-1,rec-1128020-dup-0
rec-421969-dup-1,rec-421969-dup-0
id-1097113,rec-1097113-dup-0
rec-710910-dup-1,id-710910
rec-1806760-dup-1,id-1806760
rec-1126621-dup-1,id-1126621
rec-710910-dup-0,id-710910
rec-225731-dup-1,rec-225731-dup-0
id-596190,rec-596190-dup-1
rec-27175-dup-0,id-27175
id-550215,rec-550215-dup-1
rec-769015-dup-1,id-769015
rec-2337148-dup-0,id-2337148
rec-1394159-dup-1,id-1394159
rec-150577-dup-0,id-150577
rec-2337849-dup-1,rec-2337849-dup-0
rec-805539-dup-0,rec-805539-dup-1
rec-583123-dup-1,rec-583123-dup-0
rec-2978519-dup-0,id-2978519
rec-821469-dup-0,rec-821469-dup-1
rec-950720-dup-0,rec-950720-dup-1
rec-2335026-dup-1,id-2335026
rec-752471-dup-1,id-752471
id-1899566,rec-1899566-dup-0
rec-985866-dup-0,id-985866
rec-1025831-dup-0,id-1025831
id-2975628,rec-2975628-dup-0
id-497173,rec-497173-dup-0
id-98369,rec-98369-dup-0
rec-824404-dup-0,rec-824404-dup-1
rec-527976-dup-0,id-527976
id-888806,rec-888806-dup-1
rec-893754-dup-1,id-893754
rec-974559-dup-0,id-974559
rec-10304-dup-1,rec-10304-dup-0
id-342377,rec-342377-dup-0
rec-876606-dup-0,rec-876606-dup-1
id-142174,rec-142174-dup-0
rec-896464-dup-1,id-896464
rec-661749-dup-1,rec-661749-dup-0
rec-400431-dup-1,rec-400431-dup-0
rec-2117889-dup-0,rec-2117889-dup-1
rec-132880-dup-1,rec-132880-dup-0
rec-207271-dup-1,rec-207271-dup-0
id-171389,rec-171389-dup-1
id-1235511,rec-1235511-dup-0
rec-377204-dup-0,id-377204
rec-1125461-dup-0,id-1125461
id-404371,rec-404371-dup-1
rec-999311-dup-1,rec-999311-dup-0
rec-1898241-dup-0,id-1898241
rec-263383-dup-0,id-263383
rec-1131307-dup-0,id-1131307
id-625140,rec-625140-dup-0
rec-2336802-dup-0,rec-2336802-dup-1
id-2617291,rec-2617291-dup-0
rec-1076761-dup-0,id-1076761
id-950729,rec-950729-dup-0
id-894556,rec-894556-dup-0
rec-1271669-dup-0,id-1271669
id-1302700,rec-1302700-dup-0
rec-1812425-dup-1,id-1812425
rec-821813-dup-0,id-821813
rec-1309377-dup-0,id-1309377
rec-1128393-dup-1,rec-1128393-dup-0
rec-38561-dup-1,rec-38561-dup-0
id-454637,rec-454637-dup-0
id-879178,rec-879178-dup-1
rec-454916-dup-0,id-454916
id-978298,rec-978298-dup-0
id-510366,rec-510366-dup-1
rec-108708-dup-0,rec-108708-dup-1
rec-722408-dup-0,id-722408
rec-1119264-dup-0,rec-1119264-dup-1
rec-810697-dup-0,rec-810697-dup-1
rec-1157311-dup-1,id-1157311
rec-1121320-dup-1,id-1121320
rec-794722-dup-0,rec-794722-dup-1
id-786607,rec-786607-dup-0
rec-2340165-dup-0,rec-2340165-dup-1
rec-2097227-dup-1,id-2097227
id-2614796,rec-2614796-dup-0
rec-724028-dup-0,id-724028
rec-1176040-dup-0,id-1176040
id-1244384,rec-1244384-dup-0
id-604625,rec-604625-dup-0
rec-891756-dup-1,rec-891756-dup-0
rec-734124-dup-1,id-734124
rec-1245587-dup-0,rec-1245587-dup-1
rec-626227-dup-0,id-626227
id-1812425,rec-1812425-dup-0
rec-81628-dup-1,rec-81628-dup-0
rec-1150717-dup-0,id-1150717
id-121809,rec-121809-dup-0
rec-10039-dup-0,rec-10039-dup-1
rec-13365-dup-0,id-13365
rec-601847-dup-0,id-601847
id-503350,rec-503350-dup-1
id-1093701,rec-1093701-dup-0
rec-2612900-dup-0,id-2612900
rec-1176636-dup-1,rec-1176636-dup-0
rec-218359-dup-0,id-218359
rec-1020690-dup-1,rec-1020690-dup-0
id-345348,rec-345348-dup-1
rec-400431-dup-1,id-400431
id-1387541,rec-1387541-dup-0
id-317478,rec-317478-dup-0
id-686780,rec-686780-dup-0
rec-958464-dup-0,rec-958464-dup-1
rec-212650-dup-0,rec-212650-dup-1
id-1378476,rec-1378476-dup-1
id-1530679,rec-1530679-dup-1
id-283858,rec-283858-dup-0
id-1128020,rec-1128020-dup-0
id-190764,rec-190764-dup-1
rec-1217615-dup-0,id-1217615
id-979175,rec-979175-dup-0
id-449116,rec-449116-dup-0
id-111548,rec-111548-dup-0
id-710162,rec-710162-dup-0
rec-898785-dup-0,rec-898785-dup-1
rec-979579-dup-0,id-979579
rec-622688-dup-0,rec-622688-dup-1
rec-369534-dup-0,id-369534
id-322908,rec-322908-dup-0
id-372610,rec-372610-dup-0
id-95538,rec-95538-dup-0
id-641874,rec-641874-dup-0
id-1035032,rec-1035032-dup-1
rec-1001377-dup-0,id-1001377
rec-1157311-dup-1,rec-1157311-dup-0
rec-100642-dup-0,id-100642
id-427159,rec-427159-dup-0
id-302574,rec-302574-dup-0
id-737363,rec-737363-dup-0
rec-2117889-dup-1,id-2117889
id-2613499,rec-2613499-dup-0
rec-921402-dup-1,rec-921402-dup-0
rec-454637-dup-0,rec-454637-dup-1
rec-293515-dup-1,rec-293515-dup-0
id-959002,rec-959002-dup-0
id-607086,rec-607086-dup-0
rec-869096-dup-0,id-869096
rec-123893-dup-0,id-123893
rec-1183327-dup-0,rec-1183327-dup-1
rec-164321-dup-0,id-164321
rec-266355-dup-0,rec-266355-dup-1
rec-1481965-dup-0,id-1481965
rec-103601-dup-1,id-103601
id-816645,rec-816645-dup-1
rec-432976-dup-0,id-432976
rec-573612-dup-0,id-573612
id-2219233,rec-2219233-dup-0
rec-1198338-dup-1,rec-1198338-dup-0
rec-794334-dup-1,id-794334
id-695159,rec-695159-dup-0
id-293388,rec-293388-dup-0
rec-895743-dup-0,rec-895743-dup-1
id-894501,rec-894501-dup-0
rec-581954-dup-0,id-581954
id-445477,rec-445477-dup-0
id-860200,rec-860200-dup-0
id-954083,rec-954083-dup-0
id-1256845,rec-1256845-dup-0
rec-1125461-dup-1,rec-1125461-dup-0
rec-1168699-dup-1,id-1168699
rec-163327-dup-0,id-163327
rec-712733-dup-0,id-712733
id-402170,rec-402170-dup-0
id-249100,rec-249100-dup-0
id-2900041,rec-2900041-dup-0
id-1153079,rec-1153079-dup-0
rec-219832-dup-1,id-219832
rec-595351-dup-0,rec-595351-dup-1
id-560236,rec-560236-dup-0
id-1148934,rec-1148934-dup-1
rec-2897836-dup-0,rec-2897836-dup-1
rec-1007429-dup-0,id-1007429
id-994811,rec-994811-dup-1
rec-1966972-dup-0,id-1966972
rec-414245-dup-1,id-414245
rec-782631-dup-0,id-782631
id-2491296,rec-2491296-dup-0
id-1304683,rec-1304683-dup-1
rec-302110-dup-0,id-302110
rec-946074-dup-0,id-946074
rec-2420457-dup-0,id-2420457
rec-2979833-dup-1,id-2979833
id-2101442,rec-2101442-dup-1
id-936820,rec-936820-dup-0
id-141360,rec-141360-dup-0
id-261119,rec-261119-dup-0
rec-2163506-dup-0,id-2163506
id-729743,rec-729743-dup-0
rec-395821-dup-1,id-395821
rec-632107-dup-0,id-632107
id-62811,rec-62811-dup-0
rec-212109-dup-1,id-212109
rec-988933-dup-0,id-988933
id-483659,rec-483659-dup-0
rec-450359-dup-1,id-450359
id-456363,rec-456363-dup-0
id-786318,rec-786318-dup-0
id-1148417,rec-1148417-dup-0
id-83690,rec-83690-dup-0
rec-763175-dup-1,id-763175
rec-586092-dup-0,id-586092
rec-1047256-dup-1,rec-1047256-dup-0
id-295647,rec-295647-dup-0
rec-164618-dup-0,id-164618
rec-391849-dup-1,id-391849
id-417719,rec-417719-dup-0
id-171389,rec-171389-dup-0
id-123926,rec-123926-dup-0
rec-872809-dup-0,id-872809
rec-1183327-dup-1,id-1183327
rec-2495180-dup-1,id-2495180
rec-257937-dup-0,id-257937
id-756571,rec-756571-dup-0
rec-1217061-dup-0,id-1217061
rec-232963-dup-0,id-232963
rec-970744-dup-0,id-970744
rec-139602-dup-0,id-139602
rec-680536-dup-1,id-680536
id-312763,rec-312763-dup-0
id-624896,rec-624896-dup-0
rec-837420-dup-0,id-837420
rec-596190-dup-0,rec-596190-dup-1
rec-895504-dup-0,id-895504
rec-1903982-dup-0,id-1903982
rec-1104290-dup-0,id-1104290
rec-313258-dup-0,rec-313258-dup-1
rec-2340183-dup-0,id-2340183
rec-721415-dup-0,id-721415
id-840535,rec-840535-dup-0
rec-167036-dup-0,id-167036
id-1079369,rec-1079369-dup-0
id-172240,rec-172240-dup-1
rec-420023-dup-0,rec-420023-dup-1
rec-888806-dup-0,id-888806
id-1190968,rec-1190968-dup-1
id-259001,rec-259001-dup-1
id-168593,rec-168593-dup-0
rec-228309-dup-1,rec-228309-dup-0
rec-2742393-dup-0,id-2742393
id-845432,rec-845432-dup-1
id-753241,rec-753241-dup-0
rec-91062-dup-0,rec-91062-dup-1
id-949427,rec-949427-dup-0
rec-1175691-dup-1,id-1175691
id-43322,rec-43322-dup-1
rec-598079-dup-0,id-598079
rec-717814-dup-1,id-717814
rec-378222-dup-0,id-378222
id-733274,rec-733274-dup-1
rec-764959-dup-1,rec-764959-dup-0
rec-447757-dup-0,rec-447757-dup-1
rec-9623-dup-0,rec-9623-dup-1
rec-2895405-dup-1,rec-2895405-dup-0
id-1020690,rec-1020690-dup-0
id-593725,rec-593725-dup-1
id-505194,rec-505194-dup-1
id-1201391,rec-1201391-dup-0
id-1898676,rec-1898676-dup-1
id-822840,rec-822840-dup-1
id-866146,rec-866146-dup-1
rec-3073525-dup-0,id-3073525
rec-731226-dup-0,id-731226
id-1809303,rec-1809303-dup-1
rec-437910-dup-0,id-437910
rec-1530679-dup-0,rec-1530679-dup-1
rec-328595-dup-0,id-328595
rec-1201391-dup-0,rec-1201391-dup-1
rec-1136503-dup-0,id-1136503
id-96674,rec-96674-dup-1
rec-539855-dup-0,id-539855
rec-480467-dup-1,id-480467
rec-8210-dup-1,rec-8210-dup-0
rec-2114606-dup-0,rec-2114606-dup-1
rec-860987-dup-0,id-860987
rec-1240484-dup-0,id-1240484
rec-2617983-dup-1,id-2617983
rec-1176462-dup-0,id-1176462
rec-342377-dup-1,id-342377
rec-1203629-dup-0,id-1203629
rec-1033445-dup-0,id-1033445
rec-2613499-dup-1,rec-2613499-dup-0
rec-920125-dup-0,id-920125
rec-514920-dup-1,rec-514920-dup-0
rec-898785-dup-1,id-898785
rec-1291429-dup-0,id-1291429
rec-291570-dup-0,id-291570
id-1284287,rec-1284287-dup-0
rec-224812-dup-0,id-224812
id-1381705,rec-1381705-dup-1
rec-1183711-dup-1,id-1183711
id-3071328,rec-3071328-dup-0
id-2337044,rec-2337044-dup-1
rec-81628-dup-0,id-81628
rec-996926-dup-0,rec-996926-dup-1
rec-1094471-dup-0,id-1094471
id-719880,rec-719880-dup-0
id-1239227,rec-1239227-dup-0
id-191319,rec-191319-dup-1
rec-458988-dup-0,id-458988
rec-9623-dup-0,id-9623
rec-272022-dup-0,id-272022
rec-268674-dup-1,rec-268674-dup-0
rec-597563-dup-0,id-597563
rec-2613359-dup-0,id-2613359
id-880181,rec-880181-dup-0
id-191319,rec-191319-dup-0
rec-276244-dup-0,id-276244
id-645793,rec-645793-dup-1
id-592744,rec-592744-dup-0
id-8210,rec-8210-dup-1
rec-156444-dup-1,rec-156444-dup-0
rec-171313-dup-0,rec-171313-dup-1
rec-347649-dup-0,rec-347649-dup-1
id-400431,rec-400431-dup-0
rec-2166242-dup-0,rec-2166242-dup-1
rec-1217061-dup-1,id-1217061
rec-291570-dup-0,rec-291570-dup-1
id-1000210,rec-1000210-dup-0
rec-560236-dup-1,rec-560236-dup-0
id-718964,rec-718964-dup-0
id-32213,rec-32213-dup-0
rec-579639-dup-0,id-579639
rec-2119539-dup-1,rec-2119539-dup-0
id-1964636,rec-1964636-dup-0
id-996445,rec-996445-dup-0
id-888288,rec-888288-dup-0
rec-957983-dup-0,rec-957983-dup-1
id-693080,rec-693080-dup-0
rec-1239917-dup-1,rec-1239917-dup-0
rec-946241-dup-0,id-946241
rec-290756-dup-0,rec-290756-dup-1
rec-537886-dup-1,id-537886
rec-121282-dup-0,rec-121282-dup-1
id-123215,rec-123215-dup-1
rec-1402022-dup-0,id-1402022
id-150390,rec-150390-dup-0
id-927011,rec-927011-dup-0
rec-210012-dup-0,id-210012
id-816645,rec-816645-dup-0
rec-706892-dup-1,id-706892
id-1247183,rec-1247183-dup-0
id-844990,rec-844990-dup-1
rec-710910-dup-1,rec-710910-dup-0
id-640181,rec-640181-dup-0
rec-3074658-dup-0,id-3074658
rec-489355-dup-1,rec-489355-dup-0
rec-508015-dup-1,id-508015
id-415648,rec-415648-dup-0
id-1019091,rec-1019091-dup-0
id-1053114,rec-1053114-dup-1
rec-415638-dup-0,id-415638
id-178839,rec-178839-dup-0
rec-251462-dup-0,id-251462
rec-634552-dup-0,id-634552
id-978298,rec-978298-dup-1
rec-1220663-dup-0,id-1220663
id-543804,rec-543804-dup-0
rec-287900-dup-0,id-287900
rec-276841-dup-0,rec-276841-dup-1
id-487262,rec-487262-dup-0
rec-566539-dup-0,rec-566539-dup-1
id-505194,rec-505194-dup-0
rec-745902-dup-0,rec-745902-dup-1
rec-586844-dup-1,rec-586844-dup-0
rec-693490-dup-0,id-693490
rec-191601-dup-0,id-191601
rec-2668340-dup-0,id-2668340
rec-425315-dup-0,id-425315
id-1084246,rec-1084246-dup-0
rec-167203-dup-0,id-167203
id-798688,rec-798688-dup-0
id-1023406,rec-1023406-dup-0
rec-123215-dup-0,rec-123215-dup-1
rec-283103-dup-0,id-283103
rec-1259866-dup-1,id-1259866
id-1274555,rec-1274555-dup-1
id-568004,rec-568004-dup-0
id-188542,rec-188542-dup-0
rec-328822-dup-1,id-328822
rec-272607-dup-0,rec-272607-dup-1
id-1379289,rec-1379289-dup-1
id-1304683,rec-1304683-dup-0
rec-415760-dup-0,rec-415760-dup-1
rec-1965057-dup-1,id-1965057
id-893325,rec-893325-dup-0
rec-579639-dup-0,rec-579639-dup-1
id-1007847,rec-1007847-dup-0
rec-950720-dup-0,id-950720
rec-172097-dup-0,rec-172097-dup-1
rec-999311-dup-0,id-999311
id-1004533,rec-1004533-dup-0
id-729200,rec-729200-dup-0
id-63476,rec-63476-dup-0
rec-505194-dup-0,rec-505194-dup-1
id-909216,rec-909216-dup-0
id-722606,rec-722606-dup-0
id-404371,rec-404371-dup-0
id-1207867,rec-1207867-dup-0
id-804019,rec-804019-dup-1
rec-2978038-dup-1,id-2978038
id-480488,rec-480488-dup-1
rec-1232640-dup-1,id-1232640
id-753116,rec-753116-dup-0
id-266355,rec-266355-dup-1
rec-729200-dup-1,rec-729200-dup-0
rec-2217525-dup-1,id-2217525
rec-2494451-dup-0,id-2494451
id-156444,rec-156444-dup-0
rec-1335281-dup-1,rec-1335281-dup-0
rec-1183327-dup-0,id-1183327
id-1036850,rec-1036850-dup-0
id-649747,rec-649747-dup-0
rec-2613851-dup-1,rec-2613851-dup-0
rec-68925-dup-1,rec-68925-dup-0
id-864734,rec-864734-dup-0
rec-1303092-dup-0,id-1303092
rec-528549-dup-0,rec-528549-dup-1
rec-1302402-dup-0,rec-1302402-dup-1
id-2114606,rec-2114606-dup-1
rec-395821-dup-1,rec-395821-dup-0
rec-139208-dup-0,id-139208
rec-906065-dup-0,id-906065
id-1335281,rec-1335281-dup-0
id-604303,rec-604303-dup-0
rec-137948-dup-0,id-137948
id-1128020,rec-1128020-dup-1
rec-1007723-dup-1,rec-1007723-dup-0
id-268674,rec-268674-dup-0
id-283103,rec-283103-dup-1
id-921402,rec-921402-dup-1
rec-641442-dup-0,id-641442
rec-1298616-dup-0,id-1298616
rec-769462-dup-1,id-769462
rec-426412-dup-0,id-426412
rec-1119264-dup-0,id-1119264
rec-1287806-dup-1,rec-1287806-dup-0
rec-255786-dup-0,rec-255786-dup-1
rec-2217525-dup-1,rec-2217525-dup-0
id-845432,rec-845432-dup-0
id-791836,rec-791836-dup-0
rec-2979833-dup-0,id-2979833
rec-510366-dup-0,rec-510366-dup-1
rec-1119264-dup-1,id-1119264
rec-185055-dup-1,rec-185055-dup-0
rec-123215-dup-0,id-123215
rec-212392-dup-0,id-212392
rec-1381407-dup-0,id-1381407
rec-984419-dup-0,id-984419
rec-123300-dup-0,id-123300
rec-692266-dup-1,rec-692266-dup-0
id-1007723,rec-1007723-dup-0
id-96674,rec-96674-dup-0
id-466235,rec-466235-dup-0
rec-2897836-dup-0,id-2897836
rec-257937-dup-1,id-257937
rec-198697-dup-0,id-198697
id-212650,rec-212650-dup-0
rec-16542-dup-0,id-16542
id-429441,rec-429441-dup-1
rec-278001-dup-0,id-278001
rec-342377-dup-1,rec-342377-dup-0
rec-2218862-dup-1,rec-2218862-dup-0
rec-529256-dup-0,rec-529256-dup-1
id-808414,rec-808414-dup-0
id-454637,rec-454637-dup-1
rec-91062-dup-1,id-91062
id-543804,rec-543804-dup-1
rec-973218-dup-0,id-973218
rec-9682-dup-0,id-9682
id-1007847,rec-1007847-dup-1
rec-1302700-dup-0,rec-1302700-dup-1
id-2336871,rec-2336871-dup-0
rec-642104-dup-0,id-642104
id-269805,rec-269805-dup-1
id-313068,rec-313068-dup-0
rec-843857-dup-0,id-843857
rec-2115578-dup-0,id-2115578
rec-347649-dup-1,id-347649
rec-826058-dup-0,id-826058
rec-867198-dup-0,id-867198
id-291570,rec-291570-dup-1
rec-948303-dup-0,id-948303
id-2337849,rec-2337849-dup-0
rec-597894-dup-0,rec-597894-dup-1
rec-1966390-dup-0,id-1966390
id-2115654,rec-2115654-dup-0
rec-328822-dup-0,id-328822
rec-1036850-dup-1,id-1036850
id-1275413,rec-1275413-dup-0
id-1248463,rec-1248463-dup-0
id-1790277,rec-1790277-dup-1
rec-261119-dup-0,rec-261119-dup-1
rec-920125-dup-1,rec-920125-dup-0
rec-428506-dup-1,rec-428506-dup-0
rec-1148934-dup-0,id-1148934
rec-799714-dup-1,rec-799714-dup-0
id-432345,rec-432345-dup-1
id-588435,rec-588435-dup-0
rec-895743-dup-1,id-895743
id-522858,rec-522858-dup-1
rec-814101-dup-1,id-814101
rec-2120707-dup-0,id-2120707
rec-783428-dup-0,id-783428
rec-456363-dup-1,rec-456363-dup-0
id-2120698,rec-2120698-dup-0
rec-399095-dup-1,id-399095
rec-950036-dup-0,id-950036
rec-816166-dup-1,rec-816166-dup-0
rec-480467-dup-1,rec-480467-dup-0
id-1176636,rec-1176636-dup-1
id-1872922,rec-1872922-dup-0
rec-156444-dup-1,id-156444
id-542555,rec-542555-dup-0
rec-1099444-dup-0,id-1099444
rec-661749-dup-1,id-661749
rec-273082-dup-0,id-273082
rec-930024-dup-1,rec-930024-dup-0
id-2896349,rec-2896349-dup-1
rec-1116213-dup-1,id-1116213
rec-295468-dup-0,id-295468
id-231704,rec-231704-dup-0
rec-163327-dup-1,id-163327
id-238927,rec-238927-dup-0
rec-1047256-dup-1,id-1047256
rec-189078-dup-1,rec-189078-dup-0
id-480488,rec-480488-dup-0
rec-522858-dup-0,rec-522858-dup-1
rec-734124-dup-0,id-734124
rec-711569-dup-0,id-711569
rec-2494072-dup-0,rec-2494072-dup-1
rec-190764-dup-0,rec-190764-dup-1
id-1245384,rec-1245384-dup-0
rec-2613851-dup-0,id-2613851
rec-452412-dup-0,rec-452412-dup-1
id-1529376,rec-1529376-dup-0
id-2978038,rec-2978038-dup-0
rec-74013-dup-1,rec-74013-dup-0
id-747867,rec-747867-dup-0
rec-853073-dup-1,id-853073
rec-437910-dup-1,id-437910
rec-2219462-dup-0,id-2219462
id-912543,rec-912543-dup-0
id-1237949,rec-1237949-dup-0
id-921402,rec-921402-dup-0
rec-1809303-dup-0,rec-1809303-dup-1
rec-974559-dup-1,id-974559
id-1239911,rec-1239911-dup-0
id-2618142,rec-2618142-dup-1
id-122279,rec-122279-dup-0
rec-1249037-dup-1,id-1249037
rec-1872922-dup-1,rec-1872922-dup-0
rec-415760-dup-0,id-415760
rec-405794-dup-0,id-405794
rec-14817-dup-0,id-14817
id-863032,rec-863032-dup-0
rec-911934-dup-0,id-911934
id-745902,rec-745902-dup-1
id-794622,rec-794622-dup-0
rec-269805-dup-1,rec-269805-dup-0
id-864734,rec-864734-dup-1
id-671571,rec-671571-dup-0
rec-1298616-dup-0,rec-1298616-dup-1
rec-622225-dup-0,id-622225
rec-298214-dup-1,id-298214
rec-212109-dup-0,id-212109
rec-38561-dup-1,id-38561
rec-1969277-dup-0,id-1969277
rec-1965057-dup-1,rec-1965057-dup-0
rec-2048229-dup-0,id-2048229
id-447757,rec-447757-dup-1
rec-950323-dup-0,rec-950323-dup-1
rec-920125-dup-1,id-920125
rec-799714-dup-1,id-799714
rec-883949-dup-0,id-883949
id-2617291,rec-2617291-dup-1
rec-693080-dup-0,rec-693080-dup-1
rec-392023-dup-0,id-392023
id-543743,rec-543743-dup-0
rec-30848-dup-1,id-30848
rec-426189-dup-0,id-426189
rec-296685-dup-0,id-296685
rec-1013522-dup-0,id-1013522
rec-1247776-dup-0,rec-1247776-dup-1
rec-996926-dup-0,id-996926
rec-950415-dup-0,id-950415
rec-949427-dup-1,rec-949427-dup-0
id-2491695,rec-2491695-dup-0
id-718460,rec-718460-dup-1
rec-225731-dup-1,id-225731
rec-122279-dup-1,rec-122279-dup-0
rec-722978-dup-0,id-722978
rec-83001-dup-0,id-83001
id-1000725,rec-1000725-dup-0
rec-1181250-dup-0,id-1181250
rec-219832-dup-1,rec-219832-dup-0
id-262315,rec-262315-dup-0
rec-942502-dup-1,rec-942502-dup-0
id-1160118,rec-1160118-dup-0
rec-1135847-dup-0,id-1135847
rec-528549-dup-1,id-528549
id-872585,rec-872585-dup-0
id-876606,rec-876606-dup-1
id-1217763,rec-1217763-dup-0
rec-591141-dup-1,rec-591141-dup-0
id-147594,rec-147594-dup-0
id-1377511,rec-1377511-dup-0
id-745902,rec-745902-dup-0
id-928755,rec-928755-dup-0
rec-3072867-dup-0,id-3072867
id-660884,rec-660884-dup-0
rec-1254215-dup-0,id-1254215
rec-1528383-dup-0,id-1528383
rec-452739-dup-0,id-452739
rec-958363-dup-0,id-958363
rec-1021708-dup-1,rec-1021708-dup-0
id-149082,rec-149082-dup-0
rec-1226238-dup-0,id-1226238
rec-104632-dup-1,rec-104632-dup-0
id-393528,rec-393528-dup-1
id-2895405,rec-2895405-dup-1
rec-104804-dup-0,id-104804
id-617962,rec-617962-dup-1
rec-2617704-dup-0,id-2617704
rec-537886-dup-1,rec-537886-dup-0
rec-1248676-dup-0,id-1248676
rec-1247570-dup-1,id-1247570
rec-139962-dup-0,rec-139962-dup-1
rec-1003453-dup-0,id-1003453
rec-663759-dup-0,id-663759
rec-930024-dup-0,id-930024
rec-415760-dup-1,id-415760
rec-1168699-dup-0,id-1168699
id-962995,rec-962995-dup-0
rec-879178-dup-0,rec-879178-dup-1
id-177015,rec-177015-dup-0
rec-1190968-dup-0,rec-1190968-dup-1
rec-428506-dup-1,id-428506
rec-492813-dup-0,id-492813
id-591141,rec-591141-dup-0
rec-1201620-dup-0,id-1201620
id-646959,rec-646959-dup-1
id-901361,rec-901361-dup-0
rec-1183711-dup-0,id-1183711
id-743289,rec-743289-dup-0
id-1030459,rec-1030459-dup-0
rec-666961-dup-0,id-666961
rec-1019075-dup-0,id-1019075
rec-1177144-dup-0,id-1177144
rec-853073-dup-0,id-853073
rec-787045-dup-0,id-787045
rec-1529376-dup-1,rec-1529376-dup-0
rec-993373-dup-0,rec-993373-dup-1
rec-1217615-dup-0,rec-1217615-dup-1
id-958313,rec-958313-dup-0
rec-2615515-dup-1,rec-2615515-dup-0
rec-312763-dup-1,id-312763
rec-186522-dup-1,rec-186522-dup-0
rec-860991-dup-0,id-860991
rec-1029450-dup-0,id-1029450
rec-534841-dup-1,id-534841
id-2334825,rec-2334825-dup-0
id-1247776,rec-1247776-dup-1
rec-923265-dup-0,id-923265
rec-81628-dup-1,id-81628
rec-782631-dup-1,id-782631
id-268674,rec-268674-dup-1
rec-420023-dup-1,id-420023
id-1246449,rec-1246449-dup-0
rec-495368-dup-1,rec-495368-dup-0
id-190764,rec-190764-dup-0
rec-300401-dup-0,id-300401
rec-381246-dup-0,id-381246
rec-592744-dup-1,id-592744
id-317841,rec-317841-dup-1
id-214592,rec-214592-dup-1
id-241435,rec-241435-dup-1
rec-1812425-dup-1,rec-1812425-dup-0
rec-1070327-dup-0,id-1070327
rec-1303092-dup-0,rec-1303092-dup-1
rec-341562-dup-0,id-341562
rec-787045-dup-0,rec-787045-dup-1
rec-255786-dup-0,id-255786
rec-783668-dup-0,id-783668
id-1069716,rec-1069716-dup-0
rec-893754-dup-1,rec-893754-dup-0
id-698962,rec-698962-dup-0
rec-445860-dup-0,id-445860
rec-251775-dup-0,id-251775
id-846063,rec-846063-dup-0
id-490901,rec-490901-dup-0
rec-543804-dup-1,rec-543804-dup-0
id-798947,rec-798947-dup-0
id-497173,rec-497173-dup-1
id-231704,rec-231704-dup-1
rec-317473-dup-0,id-317473
rec-836238-dup-0,id-836238
id-998704,rec-998704-dup-0
rec-2742393-dup-0,rec-2742393-dup-1
rec-712733-dup-1,id-712733
rec-1810859-dup-1,id-1810859
id-876606,rec-876606-dup-0
rec-163327-dup-1,rec-163327-dup-0
rec-2978038-dup-1,rec-2978038-dup-0
rec-1118982-dup-1,rec-1118982-dup-0
id-511448,rec-511448-dup-0
rec-1527243-dup-0,id-1527243
rec-932829-dup-0,id-932829
rec-214592-dup-0,id-214592
rec-799714-dup-0,id-799714
id-936432,rec-936432-dup-0
id-863032,rec-863032-dup-1
id-693080,rec-693080-dup-1
id-1176636,rec-1176636-dup-0
id-666019,rec-666019-dup-0
rec-196718-dup-0,id-196718
rec-794622-dup-1,id-794622
id-2741892,rec-2741892-dup-0
id-2219462,rec-2219462-dup-1
rec-171313-dup-0,id-171313
rec-974559-dup-0,rec-974559-dup-1
rec-1070327-dup-1,rec-1070327-dup-0
rec-707732-dup-0,id-707732
rec-763306-dup-0,rec-763306-dup-1
id-794334,rec-794334-dup-0
id-1514556,rec-1514556-dup-0
rec-293515-dup-1,id-293515
rec-2216120-dup-0,id-2216120
id-974286,rec-974286-dup-0
id-2612279,rec-2612279-dup-0
id-711569,rec-711569-dup-1
id-1198338,rec-1198338-dup-0
rec-931672-dup-0,id-931672
rec-1335556-dup-0,id-1335556
rec-1176462-dup-1,id-1176462
rec-617962-dup-0,rec-617962-dup-1
rec-1810859-dup-0,id-1810859
rec-564635-dup-1,rec-564635-dup-0
rec-1250314-dup-0,id-1250314
id-942988,rec-942988-dup-0
rec-2118848-dup-0,id-2118848
rec-1465150-dup-0,rec-1465150-dup-1
rec-2684096-dup-0,rec-2684096-dup-1
rec-404371-dup-0,rec-404371-dup-1
id-1224740,rec-1224740-dup-1
id-957983,rec-957983-dup-1
rec-2684096-dup-0,id-2684096
id-822840,rec-822840-dup-0
id-1157311,rec-1157311-dup-0
id-905735,rec-905735-dup-0
id-1908929,rec-1908929-dup-1
rec-1039220-dup-0,id-1039220
rec-597563-dup-0,rec-597563-dup-1
rec-255340-dup-0,id-255340
id-631758,rec-631758-dup-1
rec-885858-dup-1,rec-885858-dup-0
rec-1379289-dup-1,rec-1379289-dup-0
id-448196,rec-448196-dup-1
rec-1898676-dup-0,id-1898676
id-882901,rec-882901-dup-0
rec-1810620-dup-0,id-1810620
rec-103601-dup-0,id-103601
rec-334841-dup-0,id-334841
id-958464,rec-958464-dup-1
rec-581954-dup-1,rec-581954-dup-0
id-2495162,rec-2495162-dup-0
rec-1184874-dup-0,id-1184874
id-597894,rec-597894-dup-1
rec-593725-dup-0,id-593725
rec-2335026-dup-0,id-2335026
rec-1336357-dup-1,id-1336357
rec-999126-dup-0,id-999126
id-2217525,rec-2217525-dup-0
id-918828,rec-918828-dup-0
id-946231,rec-946231-dup-0
id-996445,rec-996445-dup-1
rec-81885-dup-0,id-81885
id-1021708,rec-1021708-dup-1
rec-711569-dup-0,rec-711569-dup-1
id-2339646,rec-2339646-dup-0
rec-74013-dup-1,id-74013
rec-1806760-dup-0,id-1806760
id-317478,rec-317478-dup-1
rec-132880-dup-1,id-132880
id-751456,rec-751456-dup-1
rec-263383-dup-1,rec-263383-dup-0
rec-1232640-dup-0,id-1232640
id-1201391,rec-1201391-dup-1
id-98228,rec-98228-dup-0
rec-1205934-dup-1,rec-1205934-dup-0
rec-2114606-dup-0,id-2114606
id-942502,rec-942502-dup-0
rec-1061847-dup-0,id-1061847
rec-219832-dup-0,id-219832
rec-1125461-dup-1,id-1125461
id-10304,rec-10304-dup-0
rec-2896852-dup-0,id-2896852
rec-893189-dup-0,id-893189
id-718460,rec-718460-dup-0
id-778417,rec-778417-dup-0
rec-2339347-dup-1,rec-2339347-dup-0
id-876571,rec-876571-dup-0
id-120135,rec-120135-dup-0
rec-382070-dup-0,rec-382070-dup-1
rec-2165605-dup-0,id-2165605
id-594067,rec-594067-dup-0
id-2119534,rec-2119534-dup-0
rec-648403-dup-0,rec-648403-dup-1
rec-317478-dup-1,rec-317478-dup-0
rec-312763-dup-1,rec-312763-dup-0
rec-1240454-dup-0,id-1240454
rec-276244-dup-1,id-276244
rec-758305-dup-0,id-758305
rec-1185339-dup-0,id-1185339
id-982491,rec-982491-dup-0
rec-575615-dup-1,rec-575615-dup-0
rec-2219233-dup-1,rec-2219233-dup-0
id-264044,rec-264044-dup-0
rec-189078-dup-1,id-189078
id-1135056,rec-1135056-dup-0
id-1090191,rec-1090191-dup-0
id-143294,rec-143294-dup-0
id-661749,rec-661749-dup-0
id-189078,rec-189078-dup-0
rec-958355-dup-0,rec-958355-dup-1
rec-497173-dup-0,rec-497173-dup-1
rec-1076667-dup-0,id-1076667
id-191287,rec-191287-dup-0
rec-950720-dup-1,id-950720
rec-218868-dup-0,rec-218868-dup-1
rec-443243-dup-0,id-443243
rec-27175-dup-0,rec-27175-dup-1
id-886333,rec-886333-dup-0
id-510366,rec-510366-dup-0
id-1174894,rec-1174894-dup-1
rec-455508-dup-0,id-455508
id-1965057,rec-1965057-dup-0
id-1239917,rec-1239917-dup-0
rec-742900-dup-0,id-742900
id-1127894,rec-1127894-dup-0
id-1245587,rec-1245587-dup-0
rec-2895348-dup-1,rec-2895348-dup-0
id-2742393,rec-2742393-dup-1
rec-782631-dup-1,rec-782631-dup-0
id-563471,rec-563471-dup-1
id-1475959,rec-1475959-dup-0
id-1084397,rec-1084397-dup-0
rec-1116513-dup-0,id-1116513
rec-506740-dup-0,id-506740
rec-698512-dup-0,rec-698512-dup-1
rec-421969-dup-1,id-421969
id-681571,rec-681571-dup-0
id-692266,rec-692266-dup-1
rec-946567-dup-1,id-946567
id-958558,rec-958558-dup-0
rec-1007847-dup-1,rec-1007847-dup-0
id-808414,rec-808414-dup-1
id-228309,rec-228309-dup-0
rec-797442-dup-0,id-797442
rec-1207491-dup-0,id-1207491
rec-495368-dup-1,id-495368
id-261119,rec-261119-dup-1
rec-1249119-dup-1,rec-1249119-dup-0
id-241435,rec-241435-dup-0
id-180810,rec-180810-dup-0
rec-129289-dup-0,id-129289
id-1053114,rec-1053114-dup-0
rec-1237949-dup-1,id-1237949
rec-2115654-dup-0,rec-2115654-dup-1
id-586844,rec-586844-dup-1
id-2120698,rec-2120698-dup-1
rec-1090396-dup-0,rec-1090396-dup-1
rec-27175-dup-1,id-27175
rec-393528-dup-0,rec-393528-dup-1
rec-900377-dup-0,id-900377
rec-959220-dup-0,id-959220
id-1303092,rec-1303092-dup-1
id-1260284,rec-1260284-dup-0
id-979901,rec-979901-dup-1
id-729743,rec-729743-dup-1
rec-215301-dup-0,rec-215301-dup-1
id-824404,rec-824404-dup-1
rec-63476-dup-0,rec-63476-dup-1
id-332730,rec-332730-dup-1
id-847332,rec-847332-dup-0
rec-1291429-dup-1,id-1291429
id-417719,rec-417719-dup-1
rec-575615-dup-1,id-575615
rec-1810058-dup-1,rec-1810058-dup-0
rec-171313-dup-1,id-171313
rec-564635-dup-0,id-564635
rec-2897836-dup-1,id-2897836
rec-939783-dup-0,id-939783
rec-458988-dup-1,id-458988
id-1173573,rec-1173573-dup-0
id-503350,rec-503350-dup-0
rec-845432-dup-0,rec-845432-dup-1
rec-717814-dup-0,id-717814
rec-1176220-dup-0,rec-1176220-dup-1
rec-1046585-dup-1,rec-1046585-dup-0
rec-2618142-dup-0,id-2618142
id-363011,rec-363011-dup-0
id-736947,rec-736947-dup-0
rec-1394159-dup-1,rec-1394159-dup-0
id-1185827,rec-1185827-dup-0
rec-251026-dup-1,id-251026
id-122279,rec-122279-dup-1
rec-3074338-dup-0,id-3074338
rec-172240-dup-0,rec-172240-dup-1
id-942502,rec-942502-dup-1
id-625216,rec-625216-dup-0
id-805539,rec-805539-dup-0
rec-563471-dup-0,rec-563471-dup-1
rec-743091-dup-0,id-743091
rec-942743-dup-0,id-942743
rec-1790277-dup-0,rec-1790277-dup-1
rec-876379-dup-0,id-876379
id-798893,rec-798893-dup-0
rec-2612900-dup-1,rec-2612900-dup-0
rec-2335026-dup-0,rec-2335026-dup-1
rec-547836-dup-0,rec-547836-dup-1
rec-866146-dup-0,id-866146
rec-906065-dup-1,id-906065
id-756571,rec-756571-dup-1
rec-979901-dup-0,rec-979901-dup-1
rec-2101442-dup-0,rec-2101442-dup-1
id-751456,rec-751456-dup-0
id-8210,rec-8210-dup-0
rec-930024-dup-1,id-930024
rec-950323-dup-0,id-950323
id-610100,rec-610100-dup-0
id-844165,rec-844165-dup-0
rec-508015-dup-0,id-508015
rec-593725-dup-0,rec-593725-dup-1
rec-1249037-dup-0,rec-1249037-dup-1
rec-699983-dup-0,id-699983
rec-1472054-dup-1,id-1472054
rec-503350-dup-0,rec-503350-dup-1
rec-1530965-dup-0,id-1530965
id-2334416,rec-2334416-dup-0
rec-821469-dup-0,id-821469
id-960496,rec-960496-dup-0
rec-266355-dup-0,id-266355
rec-1183711-dup-0,rec-1183711-dup-1
id-814101,rec-814101-dup-0
rec-330180-dup-0,id-330180
id-644278,rec-644278-dup-1
rec-1198338-dup-1,id-1198338
id-648403,rec-648403-dup-1
id-120135,rec-120135-dup-1
id-313258,rec-313258-dup-1
rec-328822-dup-0,rec-328822-dup-1
id-1287806,rec-1287806-dup-1
id-916012,rec-916012-dup-0
rec-1121320-dup-1,rec-1121320-dup-0
rec-429441-dup-1,rec-429441-dup-0
rec-333477-dup-0,id-333477
rec-860987-dup-1,id-860987
id-825992,rec-825992-dup-0
id-1335854,rec-1335854-dup-0
rec-2336802-dup-0,id-2336802
rec-1298616-dup-1,id-1298616
rec-210012-dup-1,id-210012
id-1908929,rec-1908929-dup-0
id-844311,rec-844311-dup-0
rec-955722-dup-0,id-955722
id-269805,rec-269805-dup-0
rec-1224740-dup-0,id-1224740
rec-1472054-dup-0,id-1472054
rec-743091-dup-1,id-743091
id-393528,rec-393528-dup-0
id-963480,rec-963480-dup-0
id-560236,rec-560236-dup-1
rec-450359-dup-0,rec-450359-dup-1
rec-1302402-dup-0,id-1302402
rec-617962-dup-0,id-617962
rec-197016-dup-0,id-197016
id-2895348,rec-2895348-dup-0
rec-1126621-dup-1,rec-1126621-dup-0
rec-210012-dup-1,rec-210012-dup-0
id-1196456,rec-1196456-dup-0
rec-783428-dup-1,rec-783428-dup-0
id-1529677,rec-1529677-dup-0
rec-212555-dup-1,id-212555
rec-391849-dup-1,rec-391849-dup-0
id-804670,rec-804670-dup-0
rec-860614-dup-0,rec-860614-dup-1
id-495368,rec-495368-dup-0
id-2119539,rec-2119539-dup-0
rec-3075112-dup-0,id-3075112
rec-2097227-dup-1,rec-2097227-dup-0
id-1207867,rec-1207867-dup-1
id-1205934,rec-1205934-dup-0
rec-1116213-dup-1,rec-1116213-dup-0
rec-808414-dup-1,rec-808414-dup-0
rec-408626-dup-0,id-408626
rec-96674-dup-0,rec-96674-dup-1
rec-191319-dup-1,rec-191319-dup-0
id-1809303,rec-1809303-dup-0
rec-1284287-dup-1,rec-1284287-dup-0
id-2894416,rec-2894416-dup-0
rec-893754-dup-0,id-893754
rec-332957-dup-0,id-332957
rec-185055-dup-1,id-185055
id-145223,rec-145223-dup-0
id-2895348,rec-2895348-dup-1
rec-868847-dup-0,id-868847
rec-680536-dup-0,id-680536
rec-1283960-dup-1,rec-1283960-dup-0
rec-949427-dup-1,id-949427
rec-2117439-dup-0,id-2117439
rec-1235511-dup-0,rec-1235511-dup-1
rec-2617983-dup-0,id-2617983
id-552342,rec-552342-dup-1
id-108163,rec-108163-dup-0
id-725573,rec-725573-dup-0
rec-1108018-dup-0,id-1108018
rec-1003453-dup-1,id-1003453
id-991184,rec-991184-dup-0
rec-794622-dup-1,rec-794622-dup-0
rec-2163506-dup-0,rec-2163506-dup-1
rec-866146-dup-0,rec-866146-dup-1
rec-946657-dup-0,id-946657
rec-212109-dup-0,rec-212109-dup-1
rec-1378476-dup-0,rec-1378476-dup-1
id-1901046,rec-1901046-dup-0
rec-1904190-dup-0,id-1904190
id-1021708,rec-1021708-dup-0
id-2618032,rec-2618032-dup-0
rec-678474-dup-1,id-678474
rec-622688-dup-0,id-622688
id-392023,rec-392023-dup-1
rec-54040-dup-0,id-54040
id-1121320,rec-1121320-dup-0
rec-278640-dup-0,id-278640
rec-313789-dup-0,rec-313789-dup-1
rec-270192-dup-0,id-270192
rec-1969277-dup-1,id-1969277
rec-763175-dup-0,id-763175
rec-821469-dup-1,id-821469
rec-437910-dup-1,rec-437910-dup-0
id-757373,rec-757373-dup-0
rec-372863-dup-0,rec-372863-dup-1
rec-345348-dup-0,rec-345348-dup-1
rec-540198-dup-0,id-540198
id-1305459,rec-1305459-dup-0
rec-1501468-dup-0,id-1501468
id-865892,rec-865892-dup-0
id-1020690,rec-1020690-dup-1
id-534841,rec-534841-dup-0
id-1084246,rec-1084246-dup-1
rec-98369-dup-0,rec-98369-dup-1
id-79293,rec-79293-dup-0
id-1275413,rec-1275413-dup-1
rec-896751-dup-0,rec-896751-dup-1
rec-207271-dup-0,id-207271
rec-1174894-dup-0,rec-1174894-dup-1
rec-761137-dup-0,id-761137
rec-1247183-dup-1,rec-1247183-dup-0
rec-853073-dup-1,rec-853073-dup-0
rec-1234026-dup-0,id-1234026
rec-712733-dup-1,rec-712733-dup-0
id-832438,rec-832438-dup-0
id-1265808,rec-1265808-dup-0
rec-763306-dup-0,id-763306
id-145627,rec-145627-dup-0
rec-435437-dup-0,id-435437
rec-1472054-dup-1,rec-1472054-dup-0
rec-631758-dup-0,rec-631758-dup-1
rec-644278-dup-0,id-644278
rec-1113793-dup-1,rec-1113793-dup-0
rec-120135-dup-1,rec-120135-dup-0
id-188039,rec-188039-dup-0
rec-1279506-dup-0,id-1279506
id-332730,rec-332730-dup-0
rec-645793-dup-1,rec-645793-dup-0
rec-10582-dup-0,id-10582
rec-458988-dup-1,rec-458988-dup-0
rec-2101442-dup-0,id-2101442
rec-902804-dup-0,id-902804
rec-1271726-dup-0,id-1271726
rec-816645-dup-0,rec-816645-dup-1
rec-186522-dup-1,id-186522
rec-341562-dup-0,rec-341562-dup-1
rec-934763-dup-0,id-934763
rec-534841-dup-1,rec-534841-dup-0
id-2896349,rec-2896349-dup-0
id-1212628,rec-1212628-dup-1
id-335953,rec-335953-dup-0
id-1245587,rec-1245587-dup-1
rec-844990-dup-0,id-844990
rec-1176462-dup-0,rec-1176462-dup-1
rec-699983-dup-1,id-699983
id-298125,rec-298125-dup-0
rec-468921-dup-1,id-468921
rec-598079-dup-1,id-598079
rec-550215-dup-0,rec-550215-dup-1
id-1190587,rec-1190587-dup-1
rec-255786-dup-1,id-255786
rec-983109-dup-0,id-983109
rec-615117-dup-0,id-615117
rec-666961-dup-0,rec-666961-dup-1
id-786318,rec-786318-dup-1
id-904041,rec-904041-dup-0
id-732653,rec-732653-dup-0
rec-1529376-dup-1,id-1529376
rec-1534436-dup-0,id-1534436
rec-646959-dup-0,rec-646959-dup-1
id-177550,rec-177550-dup-0
rec-954114-dup-0,id-954114
rec-1899810-dup-0,id-1899810
rec-1901917-dup-1,rec-1901917-dup-0
id-958397,rec-958397-dup-0
rec-816166-dup-0,id-816166
rec-2617291-dup-0,rec-2617291-dup-1
rec-447757-dup-0,id-447757
id-175470,rec-175470-dup-0
rec-1284089-dup-1,rec-1284089-dup-0
rec-631334-dup-0,id-631334
id-63476,rec-63476-dup-1
id-672349,rec-672349-dup-0
id-1247776,rec-1247776-dup-0
rec-2493667-dup-0,id-2493667
id-239444,rec-239444-dup-0
rec-1810859-dup-1,rec-1810859-dup-0
rec-622145-dup-0,id-622145
id-779153,rec-779153-dup-1
rec-392023-dup-0,rec-392023-dup-1
rec-804019-dup-1,rec-804019-dup-0
id-181071,rec-181071-dup-0
rec-717814-dup-0,rec-717814-dup-1
rec-566539-dup-0,id-566539
id-2976231,rec-2976231-dup-0
rec-251026-dup-1,rec-251026-dup-0
id-693286,rec-693286-dup-0
id-228964,rec-228964-dup-0
id-999497,rec-999497-dup-0
id-421969,rec-421969-dup-0
rec-1090396-dup-0,id-1090396
rec-1104290-dup-1,id-1104290
id-355020,rec-355020-dup-0
id-958355,rec-958355-dup-1
rec-237660-dup-0,id-237660
rec-963480-dup-0,rec-963480-dup-1
id-2339347,rec-2339347-dup-0
id-1379289,rec-1379289-dup-0
rec-742406-dup-1,rec-742406-dup-0
id-1632212,rec-1632212-dup-0
rec-188542-dup-1,rec-188542-dup-0
id-779153,rec-779153-dup-0
rec-108708-dup-1,id-108708
rec-698714-dup-1,rec-698714-dup-0
rec-751456-dup-0,rec-751456-dup-1
rec-279693-dup-1,id-279693
rec-1078953-dup-0,id-1078953
id-1380643,rec-1380643-dup-0
rec-2122575-dup-0,id-2122575
id-1068504,rec-1068504-dup-0
rec-362215-dup-0,id-362215
id-2165222,rec-2165222-dup-0
rec-1104290-dup-0,rec-1104290-dup-1
rec-1259866-dup-0,id-1259866
rec-769462-dup-0,id-769462
rec-333477-dup-1,id-333477
rec-2340183-dup-0,rec-2340183-dup-1
rec-231704-dup-0,rec-231704-dup-1
rec-592744-dup-1,rec-592744-dup-0
rec-1232121-dup-1,rec-1232121-dup-0
rec-885693-dup-0,id-885693
id-537886,rec-537886-dup-0
rec-2163506-dup-1,id-2163506
rec-888806-dup-0,rec-888806-dup-1
id-121282,rec-121282-dup-0
rec-973218-dup-0,rec-973218-dup-1
rec-901499-dup-0,id-901499
rec-1190587-dup-1,rec-1190587-dup-0
rec-511304-dup-0,id-511304
rec-789478-dup-0,id-789478
rec-1381407-dup-0,rec-1381407-dup-1
rec-725469-dup-0,id-725469
id-272607,rec-272607-dup-0
rec-1128393-dup-0,id-1128393
rec-2494072-dup-1,id-2494072
rec-400288-dup-0,id-400288
id-799065,rec-799065-dup-0
rec-540141-dup-0,id-540141
rec-994811-dup-1,rec-994811-dup-0
rec-1220663-dup-0,rec-1220663-dup-1
rec-2615515-dup-1,id-2615515
rec-1260284-dup-1,rec-1260284-dup-0
id-1281431,rec-1281431-dup-0
id-2338781,rec-2338781-dup-0
rec-867129-dup-0,id-867129
rec-1070327-dup-1,id-1070327
rec-450359-dup-0,id-450359
rec-1183803-dup-0,id-1183803
rec-1160118-dup-1,rec-1160118-dup-0
rec-499541-dup-0,id-499541
rec-480488-dup-0,rec-480488-dup-1
rec-257937-dup-0,rec-257937-dup-1
rec-214592-dup-0,rec-214592-dup-1
rec-190799-dup-0,id-190799
rec-1075250-dup-1,rec-1075250-dup-0
rec-2612279-dup-1,id-2612279
rec-876379-dup-0,rec-876379-dup-1
rec-1248676-dup-0,rec-1248676-dup-1
rec-433080-dup-0,id-433080
id-2684834,rec-2684834-dup-0
id-391849,rec-391849-dup-0
rec-860614-dup-1,id-860614
rec-2978519-dup-0,rec-2978519-dup-1
rec-9623-dup-1,id-9623
rec-923265-dup-1,id-923265
rec-1530679-dup-0,id-1530679
rec-239570-dup-1,id-239570
id-577050,rec-577050-dup-1
rec-1205934-dup-1,id-1205934
rec-315537-dup-1,id-315537
rec-733274-dup-0,id-733274
id-104632,rec-104632-dup-0
rec-946657-dup-0,rec-946657-dup-1
rec-739649-dup-0,id-739649
rec-2120698-dup-1,rec-2120698-dup-0
rec-2219462-dup-0,rec-2219462-dup-1
id-139962,rec-139962-dup-1
rec-520719-dup-0,id-520719
rec-259001-dup-0,rec-259001-dup-1
rec-1465150-dup-0,id-1465150
id-947001,rec-947001-dup-0
id-914916,rec-914916-dup-0
rec-786318-dup-0,rec-786318-dup-1
rec-901361-dup-0,rec-901361-dup-1
id-747867,rec-747867-dup-1
rec-38561-dup-0,id-38561
id-1302700,rec-1302700-dup-1
id-665642,rec-665642-dup-0
rec-860987-dup-0,rec-860987-dup-1
rec-752471-dup-0,id-752471
rec-786607-dup-1,rec-786607-dup-0
id-43322,rec-43322-dup-0
rec-815460-dup-0,id-815460
rec-1168699-dup-1,rec-1168699-dup-0
rec-944141-dup-0,id-944141
rec-190799-dup-1,id-190799
rec-757471-dup-1,id-757471
rec-388280-dup-0,id-388280
rec-729743-dup-0,rec-729743-dup-1
id-188542,rec-188542-dup-1
rec-648403-dup-0,id-648403
id-328344,rec-328344-dup-0
id-215301,rec-215301-dup-0
rec-1528383-dup-1,rec-1528383-dup-0
rec-293515-dup-0,id-293515
rec-698512-dup-0,id-698512
rec-1219617-dup-0,id-1219617
id-2219233,rec-2219233-dup-1
id-552342,rec-552342-dup-0
id-530634,rec-530634-dup-0
rec-259001-dup-0,id-259001
rec-456363-dup-1,id-456363
rec-2337044-dup-1,rec-2337044-dup-0
id-121278,rec-121278-dup-0
rec-2115771-dup-0,id-2115771
rec-1035720-dup-1,id-1035720
rec-896464-dup-1,rec-896464-dup-0
rec-731226-dup-1,id-731226
id-1217322,rec-1217322-dup-0
rec-1336357-dup-0,id-1336357
id-622688,rec-622688-dup-1
rec-2166242-dup-1,id-2166242
rec-103601-dup-1,rec-103601-dup-0
id-896751,rec-896751-dup-1
rec-1058979-dup-0,id-1058979
id-804019,rec-804019-dup-0
rec-966624-dup-0,id-966624
id-428506,rec-428506-dup-0
id-480467,rec-480467-dup-0
rec-1046585-dup-1,id-1046585
rec-1182501-dup-0,id-1182501
rec-1872922-dup-1,id-1872922
id-1113793,rec-1113793-dup-0
rec-1018969-dup-0,id-1018969
id-583338,rec-583338-dup-0
rec-1126621-dup-0,id-1126621
rec-1969277-dup-1,rec-1969277-dup-0
rec-1290023-dup-0,id-1290023
rec-2339198-dup-0,id-2339198
rec-489355-dup-1,id-489355
rec-860614-dup-0,id-860614
rec-1259866-dup-0,rec-1259866-dup-1
rec-589055-dup-0,id-589055
id-63248,rec-63248-dup-0
rec-1212628-dup-0,rec-1212628-dup-1
id-74013,rec-74013-dup-0
id-719460,rec-719460-dup-0
rec-508015-dup-0,rec-508015-dup-1
rec-239570-dup-1,rec-239570-dup-0
rec-63997-dup-0,id-63997
rec-729200-dup-1,id-729200
id-313789,rec-313789-dup-1
rec-68925-dup-0,id-68925
rec-1309377-dup-1,id-1309377
rec-756571-dup-0,rec-756571-dup-1
rec-966624-dup-0,rec-966624-dup-1
id-192026,rec-192026-dup-0
rec-279693-dup-0,id-279693
rec-754158-dup-0,id-754158
id-507914,rec-507914-dup-0
id-950447,rec-950447-dup-0
rec-116825-dup-1,id-116825
id-2119539,rec-2119539-dup-1
