tconst,averageRating,numVotes
tt0374594,4.4,10
tt12532752,9.5,16
tt12543237,6.0,10
tt12537087,7.3,9
tt12533088,5.4,138
tt12538154,7.9,92
tt12535755,6.3,150
tt5132414,6.9,13
tt12541408,8.6,53
tt12534669,7.0,5
tt12534868,6.3,922
tt12541355,6.1,124
tt0040146,5.6,14
tt2578260,6.6,5
tt12534907,7.3,18812
tt12543213,4.9,5
tt5254584,8.5,10
tt12540399,6.0,6
tt12542391,8.0,16
tt0108622,6.7,355
tt12532849,8.3,5
tt12540390,6.6,60
tt12531237,7.7,7
tt12531412,6.5,1811
tt12533523,8.5,10
tt1456970,5.3,13
tt0927634,6.4,8
tt12535746,7.6,-1
tt12539879,5.5,85
tt12540401,7.0,59
tt12541831,4.4,9
tt12539977,6.4,23
tt12533929,7.3,11
tt12532783,6.5,39
tt12545357,1.1,122
tt9035628,5.1,60
tt12531849,6.8,2
tt12533952,7.8,258
tt12539741,5.1,29
tt0039847,6.7,377
tt12538930,7.2,32
tt12534268,6.8,42
tt12533076,9.3,6
tt12535785,9.1,28006
tt2061640,8.9,8
tt12545610,7.1,17
tt12534667,7.6,7
tt12540917,5.8,432
tt8181336,6.4,19
tt12535723,5.8,121
tt12541653,6.5,24
tt12543032,5.6,6
tt0031799,6.2,128
tt12540418,7.2,842
tt12538716,5.9,39
tt12540958,4.7,126
tt12532968,7.0,39
tt12541427,8.3,12
tt12542918,7.0,14
tt12538296,5.2,6
tt0311234,6.8,11
tt12537280,7.8,25
tt12538434,8.6,21
tt12541634,5.3,15
tt12538062,7.4,52
tt12536025,6.3,149
tt12543825,4.8,24
tt12543926,5.1,247
tt12543819,6.5,38
tt12533245,6.5,11
tt0977637,6.3,1034
tt12545396,5.7,16
tt12531999,5.9,13
tt12544709,8.3,19
tt12539123,4.0,-1
tt12544195,4.6,30
tt12544362,7.8,89
tt12532254,7.4,61
tt12541733,5.2,64
tt0015156,5.2,5
tt2083932,5.9,15
tt6548410,4.0,10
tt12531395,5.8,28
tt12535617,6.9,23538
tt4708408,2.2,8
tt0499179,8.6,16
tt12535533,7.3,754
tt12542257,9.1,15
tt6620638,6.5,8
tt12535633,4.5,11
tt12545654,5.5,48
tt12539677,4.3,15
tt12532992,5.3,17
tt12542350,6.7,20
tt0035697,7.4,8
tt12542144,5.7,1172
tt12531800,5.0,755
tt12543138,6.5,5
tt12539478,8.2,11
tt12531600,4.9,10
tt1337354,7.2,847
tt12538281,2.5,803
tt12533288,6.6,247
tt12542862,7.3,15
tt12531413,6.7,1811
tt12532204,2.6,24
tt0471839,5.2,31
tt12535644,4.9,8
tt12534926,6.4,126
tt12544497,7.2,8
tt3399368,5.0,290
tt12537316,6.6,7
tt12540297,6.1,10
tt12541775,6.1,18
tt12535190,7.8,8
tt12536172,7.0,5
tt0074004,8.4,690
tt0234528,8.6,9
tt12545974,6.4,143
tt12531195,7.9,11
tt12534531,4.7,68
tt12535718,7.7,25
tt1459073,7.4,11
tt12545778,7.4,55
tt12543702,7.4,165
tt12533194,7.3,7
tt12541504,4.9,243
tt12536078,5.3,14
tt12542733,7.5,66
tt12539070,6.0,8
tt12538966,5.0,285
tt12532136,7.1,76
tt12533597,7.2,673
tt12533392,4.6,7
tt0494712,2.3,805
tt12535808,6.2,28
tt12539959,5.8,304
tt12536340,7.0,184
tt7388830,7.7,16
tt12543980,5.1,17
tt12534020,1.5,11
tt12541380,4.4,1189
tt12540779,5.9,6
tt12539473,5.4,10
tt12545636,7.2,439
tt12533448,4.5,386
tt12543668,6.3,2400
tt12531194,7.5,17
tt12531668,10.0,15
tt1124107,7.3,21
tt2308048,6.6,13
tt12534147,6.4,7
tt0865634,8.4,52
tt12535270,8.0,12
tt12545048,6.3,1034
tt12541379,4.4,1186
tt12534827,7.4,6
tt12545148,9.0,7602
tt0828149,8.6,12
tt12531236,7.1,11
tt12536038,6.0,-4
tt1674052,6.6,5
tt12545536,5.1,22995
tt5421602,8.7,28009
tt12533850,6.9,10
tt12537406,8.2,16
tt12540137,5.6,1057
tt7349906,4.6,8
tt12532474,7.0,7
tt12544580,7.2,-4
tt12541929,6.9,0
tt12531231,5.0,7
tt8667604,8.3,12
tt12544455,4.2,1
tt12540048,7.6,9
tt12536968,9.1,2113
tt12539622,6.0,-4
tt0378450,8.0,23
tt12536033,7.1,9
tt12539386,6.2,6
tt12544812,6.4,114
tt12542856,8.0,22
tt12534312,7.9,18
tt12541915,4.4,299
tt0250200,6.2,6
tt12539885,7.0,6
tt7203520,6.0,909
tt12536369,8.0,79
tt3073216,6.4,5
tt12532745,6.6,7
tt12535271,8.2,15
tt12537971,5.9,5
tt12536124,6.5,177
tt12531452,8.0,3124
tt12536221,7.0,13
tt0350037,6.3,149
tt12533903,7.1,54
tt12532677,8.1,91
tt10410130,9.1,8
tt12532294,6.3,404
tt12538572,6.9,30
tt12545683,5.4,188
tt1879071,5.5,10
tt12545482,7.8,53
tt12544326,4.6,52
tt12534789,6.0,22
tt12536731,6.2,-1
tt1024156,9.0,111
tt0350750,3.8,13
tt12537038,4.0,2173
tt12543923,5.6,15
tt12535451,8.7,6
tt12536970,9.3,2105
tt12536429,7.6,83
tt12535069,5.7,21
tt12536445,7.0,256
tt12537273,6.7,149
tt6083652,8.4,5
tt12543760,4.6,12
tt12542760,7.5,167
tt12543412,8.0,45
tt12534923,6.7,348
tt12544082,6.8,7
tt12540343,7.5,56
tt12533514,8.4,9
tt12532053,7.4,7
tt12544403,5.9,5
tt3526322,7.2,5
tt12537583,6.6,59
tt12545128,5.8,96
tt12532919,7.7,176
tt12531870,6.3,0
tt12535438,5.4,55
tt5815434,6.6,69
tt12536034,7.2,9
tt12537252,6.5,6
tt12545129,5.3,95
tt12536238,7.9,17
tt2302511,6.8,20
tt12542126,5.5,15
tt2513610,8.0,5
tt12538563,5.0,9
tt12542065,7.2,17
tt12537182,8.3,-4
tt12541919,7.1,28
tt12532013,6.4,7
tt6876646,8.5,8
tt12543632,5.9,8
tt12543415,5.0,6
tt12542735,7.0,66
tt12545321,7.4,5
tt12534589,7.1,7
tt12541832,4.0,11
tt12545611,7.1,7
tt12532704,1.7,26
tt12532279,5.4,13
tt12541697,8.8,18
tt0457121,7.4,43
tt0835031,7.0,8
tt12535614,6.8,13
tt0189439,6.9,29
tt12536044,6.5,335
tt12541068,6.0,231
tt12544636,7.9,981
tt2141569,7.4,15
tt12531325,7.3,29
tt0493322,3.6,552
tt12539664,6.1,116
tt12539069,5.9,14
tt12544050,6.4,92
tt12543140,5.4,-5
tt0954423,7.8,9
tt0030861,6.8,24
tt12545091,7.4,44
tt12531863,4.6,2149
tt12538615,6.5,96
tt12538867,7.8,33
tt12543861,4.7,28
tt12534428,7.5,26
tt12542375,1.9,103
tt12535196,5.3,34
tt12542127,5.5,21
tt12542142,5.6,4
tt12543389,7.1,19
tt0314490,6.0,5
tt1155541,6.6,9
tt12544049,6.5,84
tt12532319,8.0,13
tt12537970,6.2,6
tt4995922,6.0,5
tt12537760,7.3,88
tt12544866,4.7,20
tt1096871,6.0,52
tt12545898,7.6,15
tt12538176,8.0,4
tt12534252,5.9,10
tt12533508,1.7,22
tt12536597,6.1,5
tt12539619,7.7,7
tt12541993,6.1,19
tt12542555,6.6,29
tt12544459,8.0,131
tt12534406,5.2,36
tt12539679,4.3,5
tt12532255,7.1,61
tt12541213,6.4,-4
tt12536125,6.9,163
tt12544079,6.0,1551
tt12532389,7.1,17
tt12537301,6.4,36
tt1672376,6.4,5
tt1754315,8.8,11
tt12532006,6.3,25
tt12539242,7.0,6
tt12536433,8.5,13
tt12536045,6.5,332
tt12534012,8.3,12
tt12536696,7.0,18
tt12538412,5.9,14
tt12541065,5.7,10
tt12540368,6.7,217
tt0448136,4.0,27
tt12535434,7.2,24
tt12537920,4.8,-3
tt12536682,6.7,31
tt12542380,6.8,11
tt12540460,5.8,145
tt7897052,8.2,11
tt3364888,6.1,11
tt0210959,7.4,7
tt12541325,7.2,5
tt12532813,5.3,6
tt12532520,7.0,218
tt12540918,5.6,426
tt12535716,7.2,9
tt0036374,7.8,44
tt12536713,8.5,8
tt12540974,6.8,11
tt0255901,7.6,7
tt12531232,4.7,5
tt12539456,7.1,30
tt12531526,5.0,835
tt12544532,4.0,2
tt12535285,5.9,30
tt12532225,6.2,940
tt12532388,7.0,14
tt12532954,6.5,88
tt12537456,7.9,504
tt12538413,5.6,21
tt9652752,7.6,13
tt12544011,5.6,5
tt12543390,7.1,13
tt7773250,4.0,5
tt12543216,8.7,7
tt1144924,6.2,23
tt2770480,6.9,11052
tt0253409,6.6,36
tt12536026,5.8,149
tt12545773,7.3,10
tt12542737,6.5,5
tt1296418,6.4,5
tt12541407,8.8,53
tt12534492,5.5,25
tt12533973,6.8,-5
tt12545395,5.3,16
tt12541123,5.9,371
tt12535122,8.2,7
tt12539290,7.5,1483
tt12534401,4.8,448
tt6829094,7.4,89
tt3314940,7.6,5
tt12541426,7.7,14
tt12535110,5.4,87
tt12537278,7.3,25
tt0003158,6.0,12
tt12535108,5.2,85
tt12535631,4.8,5
tt12533587,4.7,1710
tt1351264,8.6,20
tt12533308,7.9,65
tt1107906,5.0,6
tt12545743,7.4,6
tt0816629,4.9,243
tt12531670,9.7,6
tt12539291,7.1,1475
tt2180561,7.6,68
tt12532955,6.2,86
tt12532727,6.2,6
tt0328285,8.4,5
tt0205948,7.5,11
tt12536511,6.1,32
tt12543975,7.1,8
tt12541032,6.2,16
tt12541076,6.5,29
tt12539967,6.9,219
tt12535557,7.9,350
tt12539278,5.9,96
tt0956193,7.1,30
tt12545793,6.1,8
tt12539742,5.0,29
tt4288938,9.2,9
tt2309949,4.3,7
tt12531574,7.9,8
tt12540214,6.8,19
tt12535618,5.2,125
tt12543236,5.8,6
tt12535725,5.5,131
tt11757862,6.4,15
tt12543995,7.7,12
tt7867852,6.3,6
tt12543380,7.3,450
tt12545226,7.0,17
tt12539448,6.0,330
tt12537090,6.2,2469
tt12531828,7.6,1143
tt12534909,7.2,18816
tt12541324,6.7,5
tt3554298,6.0,94
tt12540322,4.9,18
tt12535748,7.6,7
tt0050047,8.1,11
tt12542141,5.2,5
tt12540495,7.6,12
tt12536712,8.6,15
tt12543416,4.5,6
tt0366371,6.1,191
tt12545335,3.2,552
tt12534073,5.6,68
tt0052919,6.1,11
tt12538548,7.3,109
tt12540629,6.8,3
tt12539385,5.9,6
tt12541491,6.0,5
tt12535619,5.7,123
tt0175904,6.8,41
tt12533482,8.1,5
tt0364182,9.0,14
tt12533534,7.3,137
tt1807409,3.6,16
tt12545147,9.0,7610
tt12532295,6.4,404
tt0395657,7.0,5
tt2953038,8.0,9
tt12532981,8.3,12
tt12545092,7.2,44
tt3542816,9.3,14
tt12538458,8.3,29
tt12533348,7.6,353
tt0403877,7.7,7
tt12533466,9.0,7
tt0804223,5.1,17
tt12537042,6.0,5
tt12541777,6.2,25
tt5742374,6.8,94405
tt12537206,7.7,8
tt12538013,8.4,5
tt12541436,5.5,12
tt12543009,7.4,267
tt0387616,8.1,516
tt12534972,6.4,14
tt5533118,7.7,6
tt12545568,7.5,13
tt0094926,4.8,79
tt12538167,6.9,573
tt12544496,6.9,8
tt0017883,5.9,10
tt12536414,5.6,119
tt12532782,6.2,39
tt12540074,9.1,2
tt0047400,6.0,304
tt6662506,7.3,22
tt12540720,4.7,79
tt12541583,6.4,5
tt12542966,6.3,24
tt12542067,7.1,2
tt1545097,4.7,1710
tt12544877,6.4,527
tt4241804,8.8,9
tt12531573,7.9,8
tt12535340,7.4,8
tt9409854,4.5,86
tt12535161,7.0,76
tt12537759,7.9,88
tt12545749,7.3,7
tt12531181,7.8,68
tt12538130,6.6,63
tt8305258,7.5,167
tt12541356,6.1,116
tt12542309,6.9,15
tt12535121,8.0,7
tt12542382,7.2,15
tt12539050,5.9,10
tt1773466,5.6,8
tt12533504,4.3,8
tt12536921,8.8,15
tt2836540,8.5,10
tt12539963,6.1,206
tt12531801,4.7,774
tt12537392,6.0,231
tt12540764,3.6,15
tt12538017,7.0,15
tt12533476,6.6,13
tt7510284,7.7,175
tt12542273,7.7,178
tt0246906,6.6,256
tt12532647,7.0,-1
tt12534800,5.3,358
tt12535436,5.4,64
tt12531853,8.7,9
tt12542722,7.0,487
tt6488386,7.9,38
tt12542147,7.7,735
tt12531324,7.5,27
tt12532317,7.6,3
tt12535341,7.4,8
tt0181449,6.8,20
tt12534212,7.2,34
tt12539678,4.3,18
tt12539976,6.4,26
tt12537415,3.6,815
tt12540773,7.5,11
tt0063241,5.7,74
tt12532925,6.3,29
tt12532982,7.6,12
tt12541619,7.7,18
tt12543431,6.1,23
tt12533525,8.8,10
tt1733527,7.3,12
tt0948457,7.8,32
tt12533085,4.0,27
tt12542683,5.8,39
tt9747450,7.1,672
tt12543761,4.1,10
tt12540719,4.6,71
tt12543284,6.7,18
tt12531998,5.9,13
tt9032914,6.8,71
tt12533122,7.5,504
tt12538793,6.9,30
tt12534945,6.0,10
tt12543062,7.9,32
tt12538943,8.0,11
tt12533596,6.9,672
tt12538616,7.0,91
tt12539676,4.1,85
tt10036886,7.8,25
tt12543927,5.0,250
tt12531827,7.5,1153
tt12540494,7.3,17
tt12531251,7.4,4
tt12544409,8.1,516
tt2390480,6.0,31
tt12542568,5.8,127
tt12531131,6.8,53
tt5937980,10.0,6
tt12534960,8.9,25
tt1113723,8.1,54
tt12542003,6.2,13
tt5950092,1.9,103
tt0059205,5.4,1727
tt1078899,4.8,1597
tt12532394,6.6,36
tt12539617,7.7,2
tt0477575,7.5,8
tt0391140,5.2,5
tt12533089,5.4,138
tt12545460,9.0,1892
tt12531610,5.2,53
tt6103096,7.4,7
tt12534757,3.7,293
tt0796932,8.0,32
tt12537718,7.6,8
tt1961844,8.2,12
tt12536184,3.6,9
tt12533404,7.2,37
tt12541182,9.3,17
tt12545835,4.2,296
tt12537205,7.9,6
tt12533821,7.7,13
tt12542785,6.8,71
tt12539366,7.4,13
tt12541734,5.2,64
tt12543342,7.7,68
tt7272242,7.0,867
tt12540307,3.6,16
tt12538451,6.2,13
tt12538662,8.0,5
tt0441958,6.0,7
tt12536910,7.1,13
tt2268019,7.4,615
tt12542981,6.3,48
tt12543129,7.7,236
tt12535810,5.2,253
tt1145500,8.7,1892
tt12540839,5.9,900
tt12541834,3.7,40
tt12535538,6.9,3
tt12535448,6.0,94
tt12537279,7.8,25
tt12538762,7.6,20
tt12542280,6.2,128
tt12540772,7.2,7
tt0052547,5.1,56
tt2099698,7.3,76
tt12532402,4.8,33
tt5120734,6.7,91
tt12545294,6.6,6
tt0195054,6.4,120
tt0023465,6.4,114
tt0249008,9.0,7602
tt12540201,5.5,17
tt12535275,3.9,-4
tt12532318,7.4,2
tt12545475,2.2,14
tt12535372,5.3,7
tt0347191,7.9,7
tt4852398,5.9,13
tt12535666,6.5,40
tt1934293,7.7,15
tt12545446,8.2,71
tt12540328,8.4,494
tt1943035,3.8,298
tt5376904,7.4,20
tt12534902,6.0,51
tt12543524,4.5,28
tt12539958,6.1,304
tt12542234,5.5,43
tt12537672,6.4,0
tt7176076,9.3,20
tt12536518,4.3,6
tt12533446,4.8,390
tt12539188,8.6,0
tt0052483,8.8,53
tt12543042,5.6,30
tt7838260,7.0,27
tt0019924,6.4,8
tt2234551,7.7,62
tt2568154,5.4,5
tt12533972,6.9,-3
tt12532622,3.6,178
tt12534776,10.4,0
tt12533048,6.8,7
tt5991582,6.5,11
tt1151649,5.8,96
tt12541276,6.0,9
tt4575788,6.2,5
tt4054468,6.6,7
tt12535667,6.5,39
tt3105448,6.0,10
tt0284537,6.0,331
tt12543523,4.6,28
tt12537839,7.1,101
tt8881102,5.8,432
tt0340422,6.5,10
tt1693592,7.9,8206
tt12535724,5.5,122
tt12544083,6.5,11
tt0354946,5.4,150
tt8155710,7.0,6
tt12541136,6.5,30
tt12536223,7.5,4
tt12537608,6.6,6
tt12533846,9.0,103
tt12545361,5.8,40
tt1612099,7.9,8
tt12531230,4.6,-5
tt12534867,6.0,926
tt12531764,8.5,9
tt2207026,6.6,63
tt12541438,5.5,6
tt12532526,6.2,26
tt12534709,7.5,11
tt12531326,7.3,21
tt2907124,6.3,26
tt0058975,8.3,37
tt12531639,8.1,-4
tt0212254,6.1,18
tt12535776,6.9,16
tt0482220,7.4,14
tt12543137,6.8,5
tt12537803,7.1,17
tt12534801,5.4,358
tt2613788,3.6,21
tt12534866,6.2,926
tt12542548,7.6,7
tt12535643,3.9,47
tt12533347,7.2,340
tt12539665,6.0,119
tt12535632,4.4,13
tt0385541,4.8,20
tt2574518,7.1,12
tt4213788,6.0,6
tt0990310,5.5,28
tt5919848,7.6,88
tt12539057,8.2,20
tt0046813,6.0,155
tt1370191,9.5,8
tt12539758,5.4,150
tt12539406,5.9,428
tt0441517,7.8,12
tt12532422,6.8,9
tt12543762,4.5,10
tt12541764,6.0,155
tt12537315,5.3,94
tt12534480,7.8,19
tt12543673,6.0,12
tt12543862,5.2,31
tt12535878,7.1,23
tt12545911,7.2,24
tt12536725,5.2,5
tt12536681,6.7,31
tt12531196,7.9,20
tt12536074,3.4,9
tt12537875,3.4,250
tt12541725,6.8,22
tt12535326,5.0,79
tt12540985,4.6,8
tt0092451,7.7,107
tt0266921,6.1,11
tt5784568,6.1,231
tt12541633,5.3,13
tt12542069,6.2,10
tt12531611,5.1,53
tt0205872,5.5,62
tt12538659,7.8,48
tt12541731,6.8,8
tt1172587,5.7,1551
tt12539152,7.4,66
tt12532432,6.7,6
tt3142914,5.0,20
tt0212651,7.2,5
tt0204694,5.5,23
tt1010401,6.1,124
tt0047291,6.6,101
tt12540400,6.0,-1
tt12533098,6.4,873
tt12537274,6.6,149
tt12541134,6.7,29
tt12544846,7.2,38
tt12544586,7.4,13
tt12535257,6.3,13
tt12540412,6.7,138
tt12536862,6.8,73
tt0087915,6.0,55
tt12544735,9.2,9
tt12544441,9.6,16
tt12532410,8.9,10
tt12542687,5.0,12
tt12543406,5.5,26
tt12543141,5.4,5
tt3811966,4.4,5
tt12539244,6.6,6
tt0483456,8.0,25
tt0024207,4.2,12
tt12532521,6.7,217
tt12540215,6.5,21
tt12536909,7.0,13
tt12531575,7.9,8
tt12538806,6.6,0
tt5582984,6.4,5
tt12545082,5.1,9
tt12539429,5.0,192
tt12541448,6.8,4
tt12543655,5.8,81
tt12532678,7.7,91
tt1213609,5.9,30
tt12535368,6.7,84
tt3385806,5.6,11
tt12538617,6.0,43
tt12532401,5.3,41
tt12537919,4.8,5
tt12537290,4.9,20
tt12534409,6.8,5
tt10954426,6.3,29
tt0484802,5.4,153
tt0250341,6.3,36
tt12544297,5.1,5
tt12542406,7.4,8
tt12543128,7.4,236
tt12544708,8.3,13
tt12540694,4.1,16
tt12533398,7.7,14
tt12541763,6.0,150
tt12537516,7.7,55
tt12534302,9.0,30
tt12540106,6.2,2823
tt0265743,6.2,17
tt12540200,5.5,-1
tt5441282,4.1,84
tt12535744,5.7,9
tt12538791,6.7,11
tt12535534,7.3,749
tt12540281,7.6,17
tt12545320,7.2,5
tt12538663,7.6,5
tt3740292,8.1,19
tt12536339,7.0,184
tt0307292,4.0,175
tt12536798,7.2,16
tt12539789,7.8,-3
tt12533399,7.9,-3
tt9257696,6.5,6
tt12537253,6.9,6
tt12538060,7.3,7
tt12545311,3.0,33
tt12542890,7.8,-4
tt12537804,7.3,2
tt12538248,7.6,2931
tt12534799,5.3,353
tt12541338,7.7,-3
tt12542249,7.2,40
tt12541916,4.5,299
tt12531848,6.6,9
tt0060746,5.7,29
tt4026034,7.1,1688
tt12532623,4.0,182
tt12542786,6.8,71
tt0397843,8.2,19
tt0382255,6.8,299
tt1366332,6.9,28
tt12541776,6.1,18
tt12534149,6.7,10
tt12542472,6.5,34
tt12537231,6.8,24
tt12539095,8.1,49
tt12533393,4.6,12
tt12541306,5.8,22
tt12545340,6.9,56
tt3782864,8.1,18
tt12531179,7.7,68
tt12531865,4.8,2142
tt12538715,6.0,25
tt0019035,7.0,83
tt12541101,8.3,105759
tt0029768,5.8,35
tt12537405,7.8,13
tt12533505,4.4,6
tt12532421,6.7,13
tt12539808,7.7,13
tt12539054,7.0,6
tt12538606,8.3,45
tt12544565,7.7,163
tt12532309,6.1,359
tt12539218,8.2,15
tt0393824,5.1,11
tt12539124,3.9,7
tt0813734,8.0,742
tt12537972,6.2,5
tt2907394,4.3,299
tt0762082,7.9,20
tt12535208,5.5,114
tt1883368,8.2,13
tt0955242,3.6,9
tt12539804,3.3,225
tt0072343,7.0,5
tt12542688,5.0,12
tt12543996,7.9,12
tt12536927,8.0,8
tt12532409,8.8,10
tt12538743,6.8,20
tt12539964,6.5,204
tt12537160,7.9,9
tt12532975,6.1,22
tt3728382,5.6,21
tt12536015,7.8,6
tt12536900,6.8,20
tt12534424,6.0,40
tt12537086,7.3,14
tt12542789,6.1,11
tt12534604,8.5,26
tt0034251,7.1,1483
tt9168706,7.0,7
tt10418830,6.8,5
tt1458786,7.4,17
tt12541833,4.4,-1
tt12544635,8.0,987
tt12537671,6.4,3
tt6272216,6.7,20
tt3364206,6.6,129
tt0467771,8.1,13
tt12531365,4.2,169
tt12545176,7.4,5
tt12541077,6.9,29
tt12533849,6.5,10
tt12543033,5.5,6
tt4327728,10.0,15
tt2104487,5.9,13
tt12543527,7.0,7
tt12533192,7.0,7
tt12542591,7.7,17
tt12531460,7.3,2539
tt1291631,7.2,21
tt1865769,5.9,11910
tt12531854,8.4,16
tt12536072,3.7,14
tt0055719,6.6,6453
tt12536992,5.8,9666
tt12542565,5.2,64
tt12531765,8.3,9
tt12544617,6.9,38
tt12539576,6.8,18
tt2080042,3.7,43
tt12542632,7.1,251
tt0081586,6.0,40
tt12533099,6.9,863
tt6766384,5.0,7
tt12542409,6.8,28
tt12544094,7.0,872
tt0285073,8.2,165
tt12532885,6.6,221
tt2173450,7.6,23
tt12538565,5.0,13
tt12536509,5.9,32
tt12538177,7.7,6
tt0246057,6.0,37
tt12544531,3.5,-3
tt12540872,6.4,19
tt12541099,8.6,105759
tt12532519,7.1,209
tt12539279,6.0,96
tt12531474,4.1,88
tt12534961,8.9,20
tt3399706,7.1,248
tt0074294,4.7,81
tt12543648,7.4,22
tt5447520,2.0,15
tt12541069,6.1,231
tt12533075,9.3,22
tt0210824,5.7,181
tt0180492,5.9,16
tt12531625,6.5,10
tt12541835,3.4,44
tt6002956,7.2,5
tt12540863,7.8,13
tt0024542,1.6,10
tt12538658,7.8,52
tt12532458,6.1,13
tt12536517,4.6,9
tt1374943,7.6,8
tt12544285,7.5,8
tt2269908,6.9,15
tt12532393,6.1,36
tt12542143,6.2,1172
tt12545862,7.1,615
tt12542567,5.4,127
tt0077206,5.8,47
tt12537165,6.7,15
tt4492840,5.9,7
tt12537037,3.8,2166
tt12532008,6.3,29
tt12533537,7.0,19
tt12542103,9.1,14
tt12538614,6.9,101
tt12545244,6.5,1
tt1644575,7.8,59
tt12543172,6.3,224
tt0861684,7.8,51
tt12539094,8.1,46
tt12541163,7.1,128
tt1591903,7.1,9
tt2279927,5.6,73
tt12539333,7.1,68
tt12534721,6.9,50
tt2789248,8.1,16
tt12534311,7.6,23
tt12541409,3.6,9
tt12544944,8.0,15
tt12538844,8.1,18
tt12544734,9.1,9
tt12536018,6.0,45
tt2196603,6.9,33
tt12541147,8.6,7
tt12542541,7.0,32
tt10011176,6.6,9
tt12536019,6.0,46
tt12539077,6.0,63
tt12538450,6.2,8
tt12545794,6.4,8
tt12533509,7.4,116
tt2257246,5.5,131
tt12100536,6.5,32
tt12538236,6.9,11047
tt12534347,7.8,554
tt7493294,6.1,12
tt12533071,6.4,8
tt12545975,6.4,141
tt12545280,7.1,1688
tt12532705,1.3,33
tt12544185,6.7,5
tt12545207,6.2,524
tt12544010,5.0,5
tt12539216,8.5,10
tt1496903,8.1,45
tt12545397,5.2,17
tt12542407,7.3,5
tt12534371,5.5,7
tt5044186,6.4,143
tt5720152,4.6,8
tt12543703,7.1,164
tt12543270,5.6,26
tt12543430,6.8,16
tt12531669,10.0,8
tt0303418,7.7,6
tt2035561,6.5,10
tt12539178,6.8,6
tt12545167,8.5,10
tt0082126,5.4,85
tt1967616,5.3,6
tt12535450,8.1,6
tt12537877,3.4,252
tt12533429,6.7,4077
tt0085273,5.6,435
tt12545734,6.7,28
tt12538866,8.2,32
tt0425447,7.8,12
tt12544410,8.1,516
tt12540499,6.7,10
tt12543269,5.3,26
tt12541359,7.2,94413
tt0393068,6.3,6
tt0072308,7.0,37873
tt12542026,4.2,64
tt5987338,7.4,8
tt12540296,6.0,10
tt12532304,5.8,482
tt12539407,5.6,433
tt12543087,3.6,21
tt12535367,6.7,89
tt12542685,5.8,35
tt12534374,8.6,15
tt12532920,7.7,175
tt12545584,5.9,29
tt12541591,6.2,423128
tt12541762,5.9,155
tt12545328,6.8,14
tt12539962,6.6,213
tt12541086,8.2,10
tt12542021,6.7,333
tt12543653,6.0,73
tt12534045,6.2,13
tt12542254,6.0,156
tt12542882,5.4,172
tt12539387,6.3,8
tt12533063,7.5,110
tt12537678,6.3,60542
tt12545913,7.1,23
tt12538540,7.6,8209
tt0288289,5.8,6
tt3822730,6.5,13
tt12537069,5.7,38517
tt12533515,8.8,2
tt12545635,7.0,438
tt12532585,5.8,6
tt12545686,7.7,25
tt12540076,8.7,8
tt12531864,4.8,2141
tt4023072,6.8,24
tt12532061,8.7,14
tt12533483,7.9,15
tt1849823,6.9,56
tt12536947,6.6,32
tt12545312,3.0,33
tt0277359,7.3,11
tt12539476,8.2,10
tt12541275,5.9,11911
tt12545792,6.4,16
tt12540108,6.2,2823
tt12543660,7.1,11
tt12535244,5.3,11
tt12542250,7.4,43
tt12533643,6.2,23
tt12535691,7.8,13
tt12533307,7.7,65
tt6736186,4.5,34
tt12533077,9.3,21
tt12543266,7.7,55
tt12537302,6.3,32
tt12533249,6.1,228
tt12538605,8.6,46
tt12534199,6.0,83
tt12534588,7.1,7
tt12542736,6.6,3
tt0372046,8.2,9
tt12534382,7.5,6
tt12536209,7.3,3042
tt12533507,1.5,10
tt5236976,7.0,12
tt12541687,7.2,14
tt12541062,7.7,112
tt12531339,6.6,16
tt1545323,4.9,10
tt12537609,6.1,3
tt12537183,8.6,6
tt12541305,5.9,15
tt0232677,8.1,46
tt12543285,6.3,15
tt12535715,7.0,13
tt12542310,6.9,24
tt12541654,6.5,24
tt0207280,5.7,9
tt12540081,7.3,52
tt12537876,3.1,250
tt12531640,8.4,5
tt12534405,5.1,41
tt12545808,5.4,130
tt2164682,7.7,7
tt11428420,7.2,43
tt3796272,6.5,8
tt0043750,6.2,21
tt12535784,8.7,28004
tt0055630,8.2,105759
tt1202151,5.6,9
tt12536863,7.6,76
tt1461698,5.1,94
tt12539316,5.7,134
tt12540377,5.5,38
tt12544296,4.9,1
tt12544907,8.5,11
tt1024760,3.5,6
tt12536747,5.0,10
tt1047812,6.2,122
tt4134634,4.7,68
tt3778126,5.3,313
tt12540202,5.5,16
tt12542105,9.4,11
tt12531253,7.8,1
tt10097954,6.4,5
tt12544456,5.0,8
tt0258172,3.0,33
tt0227853,6.8,53
tt7980288,7.0,6
tt12545175,7.6,5
tt0008915,7.2,6
tt12536308,6.0,4491
tt12533227,7.4,14
tt12535858,6.9,343
tt12543823,4.5,18
tt12533178,5.0,6
tt12537186,7.1,462
tt5014322,6.7,42
tt12531364,4.0,175
tt7612392,5.1,53
tt12538648,5.4,17
tt1198083,7.5,1153
tt12531522,7.7,6
tt0264845,4.8,11
tt2017708,6.4,8
tt12532751,9.6,9
tt12534211,6.8,37
tt12532200,7.0,5
tt12538564,5.0,3
tt0161597,6.8,6
tt12534826,7.2,6
tt5535270,8.4,487
tt1636495,7.8,8
tt9473520,6.8,8
tt0431579,5.4,34
tt12541952,8.0,32
tt12543528,7.1,7
tt12538878,7.7,3
tt12542017,7.7,6
tt12541584,6.7,11
tt12543718,8.5,1998
tt12544460,8.0,140
tt12544263,7.4,60
tt12545261,3.4,34
tt12541632,5.3,8
tt12534198,6.5,89
tt12542016,7.5,6
tt0407961,6.4,7
tt12542631,7.3,261
tt12533524,8.3,1
tt12533065,7.5,119
tt12538900,2.1,22
tt12536751,8.7,8
tt12539538,8.6,18
tt12536301,6.6,7
tt12544736,9.6,0
tt12543654,5.7,82
tt12542253,6.2,156
tt0395147,7.1,78
tt12536309,5.5,4491
tt12544616,6.5,33
tt2339956,6.6,8
tt12541124,6.2,371
tt1373383,7.6,8
tt12540403,7.4,50
tt12534346,7.4,564
tt12532663,5.7,181
tt0336822,6.9,41
tt12542027,4.4,55
tt3352564,8.5,17
tt0165972,6.9,41
tt12543661,7.1,1
tt0218277,5.2,250
tt12543211,5.0,0
tt12543484,7.1,456
tt0386470,7.9,77
tt12531396,5.8,28
tt12543235,5.8,14
tt0109082,5.0,5
tt2391875,7.1,7
tt2294965,6.2,2469
tt9426804,7.2,36
tt9056994,6.6,19
tt12532884,6.2,221
tt1575622,5.5,15
tt12542068,6.5,10
tt2305139,6.1,28
tt1505891,7.3,6
tt12544421,6.7,10
tt12540919,5.6,431
tt0301963,6.6,15
tt12533927,7.3,11
tt12540975,6.8,12
tt0949506,6.0,231
tt7217962,6.0,194
tt12545356,1.2,123
tt12545653,5.1,56
tt12533346,7.1,349
tt12532967,6.7,49
tt12532332,6.9,371
tt12541149,6.2,13
tt12542686,5.0,12
tt12542919,7.1,14
tt9435488,7.1,23
tt12533427,6.2,4070
tt12534134,6.4,8
tt12542504,5.2,107
tt12533440,5.0,483
tt12536814,6.8,24
tt12543976,7.1,14
tt12532718,6.1,26
tt12537840,7.0,91
tt12534502,7.4,24
tt0247196,7.2,23529
tt1846673,5.4,138
tt12537617,5.9,5459
tt12541331,3.5,125
tt12534491,5.5,31
tt12535460,8.1,16
tt12541796,7.1,28
tt0420389,7.0,8
tt12544633,6.4,19
tt12543569,8.6,385
tt12536621,5.9,86
tt0202181,7.3,109
tt12533087,5.4,138
tt12536946,6.6,28
tt12541797,7.1,28
tt12543860,5.2,31
tt12539886,6.7,-4
tt12534495,6.4,87
tt12537391,6.0,231
tt10525592,6.9,39
tt12545567,7.5,13
tt7512512,6.5,38
tt1863203,4.4,1186
tt12531159,7.4,215
tt12534241,5.4,1553
tt2035595,7.0,6
tt12534574,6.6,6453
tt12540395,5.1,18
tt2112944,7.5,6
tt12531542,5.6,28
tt12542571,5.9,13
tt4295286,4.0,7
tt12543824,4.8,20
tt3822386,7.4,10
tt12539289,7.1,1489
tt12536622,6.3,82
tt12540308,3.6,21
tt12534973,6.4,15
tt12534270,6.7,42
tt12541067,6.1,238
tt12536620,6.0,89
tt0986338,6.6,8
tt0090825,4.7,20
tt0800080,6.7,423130
tt6416520,7.5,66
tt12532348,4.5,86
tt12537089,6.5,2469
tt12534530,4.7,68
tt12532692,8.1,16
tt12536235,5.0,74
tt12539430,5.3,192
tt12533047,7.3,15
tt12531826,7.5,1153
tt12531262,4.8,8
tt12532983,8.5,12
tt1418725,8.2,16
tt0457495,5.1,22995
tt1100032,6.0,5
tt12537039,5.0,313
tt12542933,6.1,0
tt12534903,5.7,46
tt5643380,6.4,1810
tt2235356,8.3,7
tt12536103,4.2,9
tt4839424,1.1,122
tt0054655,6.5,38
tt12531523,7.8,9
tt12532525,6.2,23
tt12531893,6.2,8
tt12536599,6.4,11
tt1188681,4.3,6
tt3114132,6.7,4077
tt12539620,6.0,6
tt12541330,3.5,133
tt12533309,7.9,66
tt12535852,5.5,56
tt0077460,5.8,32
tt12537139,5.7,8
tt12541755,4.9,152
tt12531624,6.7,3
tt12531160,7.5,214
tt12539367,7.4,19
tt12540484,7.9,18
tt0298835,7.2,5
tt12536748,5.2,10
tt0484916,4.3,15
tt12531521,7.5,1
tt0820083,9.0,9
tt12545821,5.5,21
tt0245001,7.8,20
tt12536928,7.5,8
tt0339725,6.7,333
tt9092600,2.8,24
tt12538664,6.3,15
tt12543041,6.0,29
tt1255975,7.4,15
tt8594582,3.9,83
tt12539280,4.3,6
tt12533818,8.0,5
tt12544715,7.1,17
tt12535693,7.8,8
tt0015700,6.7,42
tt12540240,8.2,16
tt12540259,8.4,747
tt6000488,7.7,6
tt12533086,4.0,20
tt0888682,7.3,9
tt12543649,7.6,21
tt8485166,7.9,14
tt12536310,6.0,4498
tt12544030,7.8,59
tt7144150,8.6,7
tt12532054,7.4,7
tt12531394,6.0,37
tt12541552,7.5,17
tt12540369,7.4,215
tt12539975,8.0,8
tt12536749,5.5,10
tt12541756,5.3,151
tt12535719,7.7,32
tt12536236,5.0,58
tt12543407,5.1,22
tt12536598,6.4,10
tt12543366,6.1,11
tt12545777,7.2,63
tt12541801,6.6,132
tt12537204,7.7,6
tt12538586,8.1,46
tt12538967,5.0,290
tt12543015,7.4,8
tt0259362,6.5,88
tt0351716,6.5,24
tt12542281,6.2,125
tt12542140,4.7,6
tt12540765,4.0,17
tt2154007,3.7,9
tt12534253,6.2,10
tt5974454,6.7,49
tt12545149,9.0,7593
tt12542590,7.4,11
tt3281770,9.1,10
tt12537184,8.3,6
tt12534399,5.4,435
tt12543031,5.4,6
tt12532586,5.8,14
tt5210858,5.1,14
tt10445464,1.5,11
tt12536079,5.3,6
tt12542589,7.5,11
tt12532263,6.8,33
tt12544284,7.5,8
tt12541620,7.2,8
tt12543922,5.6,14
tt12533954,7.9,258
tt12537199,4.6,60
tt1984239,4.9,8
tt0413366,3.1,37
tt0103742,7.5,26
tt12539562,7.2,255
tt12535558,7.9,350
tt12542408,6.9,20
tt12543817,6.5,38
tt12545939,5.9,10
tt12536993,5.9,9662
tt12544878,6.4,521
tt0328820,5.0,68
tt1708505,4.2,11
tt12532974,6.5,4
tt0261562,6.4,48
tt12539078,6.0,60
tt12538637,6.3,14
tt0402526,6.7,27
tt12544760,5.4,97
tt12540957,4.8,128
tt12538520,5.4,1722
tt3272232,6.2,5
tt12534427,7.5,27
tt12539709,7.6,68
tt12537962,6.9,56
tt12545165,8.7,15
tt12545805,7.4,3
tt12533244,6.2,11
tt8230598,7.1,154
tt7379228,6.9,12
tt1010415,4.6,475
tt12531056,9.0,10
tt12545160,7.8,16
tt12541930,7.4,9
tt1844092,7.1,17
tt12544945,8.0,25
tt12541726,7.2,22
tt12539412,4.6,2
tt12540675,5.2,0
tt12535645,4.5,-2
tt12534722,6.9,50
tt12534638,5.5,9
tt5916942,5.7,16
tt12538636,5.9,11
tt12533179,5.5,11
tt12545337,3.5,552
tt12544420,6.7,7
tt12531847,6.6,9
tt12543763,7.9,14
tt12533046,5.3,40
tt12541064,5.5,14
tt1372681,5.0,835
tt0924401,6.6,23
tt12545742,7.0,6
tt12540376,5.4,38
tt7651698,7.0,53
tt12542684,5.8,35
tt0231934,7.8,5
tt0303076,5.9,102
tt2591600,6.6,16
tt12532687,5.8,14
tt12540082,7.4,48
tt12538381,7.0,867
tt1781772,8.9,17
tt0271887,6.5,29
tt12535615,7.0,22
tt0808256,6.7,9
tt12544186,7.0,0
tt12537437,8.1,1
tt5592768,6.2,13
tt12534571,6.2,8
tt12534974,6.4,24
tt12536338,6.7,180
tt12535579,7.8,38
tt12542909,5.6,191
tt12533627,6.3,497
tt1787747,7.0,575
tt12534758,3.8,298
tt0316481,7.7,15
tt0887279,5.5,8
tt12541729,6.1,8
tt12533069,6.8,14
tt12532137,7.0,83
tt12532014,6.4,7
tt12531454,7.4,3118
tt12544196,4.6,30
tt5635916,3.6,7
tt3437690,6.8,11
tt12534383,7.5,6
tt12533250,5.9,226
tt12537438,8.1,6
tt12535370,5.0,16
tt12542377,2.3,103
tt7341328,5.8,9
tt0257384,5.9,29
tt12538646,5.7,8
tt12534981,7.0,304
tt12540025,5.9,222
tt12536813,6.3,17
tt12544518,5.7,456
tt12541164,7.1,128
tt12535773,4.4,12
tt12539334,7.1,78
tt12545461,8.7,1899
tt12543408,5.2,29
tt12539759,5.7,144
tt12538237,6.9,11052
tt12532646,6.7,6
tt0283478,7.7,63
tt6064440,7.7,91
tt8181364,7.0,6
tt12541447,6.6,-2
tt12538018,7.2,15
tt0210154,5.0,6
tt12542324,5.9,122
tt12538168,6.6,578
tt0264066,7.1,251
tt12541323,7.3,4
tt12543212,5.0,6
tt12538063,6.9,52
tt12539674,4.1,87
tt12536278,6.4,94
tt12544095,7.2,872
tt12543343,7.7,65
tt0854119,8.0,258
tt0251057,5.0,390
tt6172304,8.2,6
tt12539666,5.7,124
tt12536795,5.9,104
tt12542473,6.5,26
tt12532431,6.7,5
tt12538868,8.1,32
tt12540024,6.1,225
tt12540309,3.4,18
tt12535443,5.9,19
tt1992126,5.8,40
tt0268418,7.0,7
tt12537589,1.6,16
tt12544292,5.8,23
tt12541688,7.2,5
tt12535809,5.2,250
tt12535153,6.9,17
tt12538729,6.6,116
tt12535109,4.9,85
tt12544618,6.4,41
tt12534304,8.9,28
tt12543466,8.4,2371
tt12545245,6.4,5
tt12540335,3.8,158
tt1132292,7.4,261
tt1067224,6.8,178
tt2091127,7.8,562
tt12544716,7.1,19
tt12532166,6.0,194
tt12531261,4.6,8
tt12544389,6.4,1813
tt12532065,8.2,161
tt12538317,6.4,42
tt12544533,4.0,0
tt2112157,5.4,38
tt9042106,6.3,10
tt12537230,7.0,17
tt12532239,6.3,221
tt12540325,6.6,2
tt12537955,3.7,43
tt12545484,7.3,46
tt12539778,6.2,8
tt12538382,7.4,867
tt0395779,6.2,56
tt12544581,7.7,6
tt12538012,8.2,5
tt12533536,6.3,19
tt12532629,8.4,60
tt0061784,5.3,868
tt12539506,5.3,861
tt12541274,5.5,11914
tt12542352,6.7,20
tt0877333,7.3,7
tt12533616,7.5,7
tt3430462,8.1,26
tt12543977,7.0,8
tt12532443,6.0,253
tt12537954,3.6,47
tt3212614,8.3,6
tt12536519,4.6,-3
tt12532665,5.7,178
tt12533044,5.6,27
tt12539807,7.6,9
tt7712392,5.7,9
tt12541148,6.6,17
tt12541706,6.7,6331
tt12534136,6.7,4
tt12536430,7.9,77
tt12531192,3.3,644
tt12534019,1.1,11
tt12531173,7.1,154
tt12534982,6.8,290
tt12532976,6.1,13
tt12539806,7.6,8
tt12534376,8.2,14
tt12535342,7.1,8
tt12545393,7.0,37876
tt3316134,7.6,5
tt12535357,7.1,3
tt12533614,7.1,11
tt12544404,6.4,5
tt1588349,7.0,13
tt0086973,5.8,9666
tt12537005,7.0,8
tt12542569,6.3,13
tt3396558,1.8,22
tt8531538,3.5,133
tt12531749,7.3,73
tt12542539,7.1,38
tt0029337,5.5,114
tt12540622,7.0,12
tt12532457,6.6,13
tt12540370,6.8,216
tt0400623,6.4,7
tt12539177,7.5,11
tt12538282,1.8,798
tt12540864,8.0,6
tt12537761,7.6,88
tt1059840,6.1,117
tt12535195,5.4,31
tt0104255,7.2,267
tt12535642,3.6,40
tt2040565,7.5,507
tt12539455,7.1,33
tt12539315,5.7,134
tt12535879,7.1,23
tt12535209,5.5,114
tt7507362,6.2,16
tt6815714,6.6,28
tt12542741,6.5,251
tt12536073,3.3,22
tt12532059,8.4,14
tt12533049,7.0,7
tt12539948,9.3,20
tt12532007,6.1,20
tt12543587,5.4,390
tt12539408,3.1,10
tt0387133,7.9,350
tt0395804,6.4,156
tt12542566,5.6,127
tt12545603,5.7,29
tt12535358,6.9,8
tt12540786,6.0,55
tt12544519,5.7,456
tt12531527,5.1,835
tt0077668,3.7,178
tt12540258,8.0,737
tt12535152,7.3,17
tt12531363,4.2,175
tt2543828,3.6,40
tt0303329,8.9,9
tt12537416,3.5,815
tt2279343,5.8,13
tt3110794,7.7,7
tt12538763,8.0,11
tt0161506,5.3,18
tt12535593,6.6,645
tt4601708,4.6,7
tt12539947,8.9,20
tt12539472,5.4,10
tt12543265,7.3,59
tt12531956,8.2,21
tt12535536,7.2,11
tt12532226,6.2,929
tt1216279,7.1,217
tt4462242,6.8,6
tt12544262,7.4,63
tt12538699,7.8,1
tt0488542,8.1,12
tt12541931,7.4,10
tt12540493,7.6,17
tt0056432,6.8,37
tt1977096,7.2,8
tt12538608,5.3,9
tt12531607,6.9,20
tt1329495,7.0,5
tt12545861,7.4,615
tt6964378,8.2,11
tt0412270,5.4,10
tt12537161,7.3,12
tt12534490,5.5,31
tt12544025,6.7,43
tt12535692,8.2,11
tt12534135,6.4,7
tt12543283,6.9,7
tt12535369,6.7,90
tt12534777,9.6,2
tt12535243,5.9,11
tt12533397,7.9,7
tt12543115,8.4,30
tt0303515,5.7,134
tt12531459,7.4,2547
tt12531760,7.1,106
tt12542011,6.7,91
tt0105597,5.4,1553
tt12532676,7.7,84
tt12540871,6.4,27
tt12543010,6.7,276
tt12531414,6.7,1819
tt12537407,7.7,13
tt12531132,6.9,51
tt12544714,7.1,16
tt12537140,5.7,9
tt12535245,5.8,6
tt5021598,5.8,6
tt4048584,7.4,10
tt12533380,6.1,974
tt12532253,6.7,62
tt12535807,6.1,33
tt0074235,7.3,4549
tt12531894,5.8,8
tt0035040,6.3,29
tt12539221,7.3,192
tt0298530,6.7,18
tt12543365,5.9,14
tt12533905,7.1,46
tt12544495,7.2,-2
tt12536899,6.8,26
tt3810428,7.1,33
tt12533513,8.7,-1
tt11898442,6.7,873
tt12540984,4.3,16
tt0320558,6.4,89
tt8917420,5.0,9
tt12532590,8.6,20
tt12543008,7.2,267
tt4634466,7.0,6
tt0057241,6.9,347
tt0072885,7.4,77
tt12536678,7.4,77
tt12531759,7.4,114
tt12532628,8.4,52
tt12534708,7.3,17
tt12543667,6.3,2409
tt12538744,6.8,20
tt12534908,7.4,18809
tt4001278,7.8,8
tt12536024,6.3,149
tt12540574,3.8,16
tt2277728,5.9,14
tt12540430,6.6,9
tt12539477,8.1,11
tt1691892,5.3,26
tt12544811,6.8,112
tt12531751,7.4,73
tt0061002,6.2,251
tt12536222,7.2,6
tt12536010,7.0,794
tt12543076,7.0,21
tt6988208,4.8,2143
tt0197267,6.6,16
tt12532814,5.7,6
tt12542540,7.1,38
tt12542881,5.7,171
tt2056638,6.9,65
tt12532624,3.7,178
tt12543467,8.6,2382
tt12531869,6.0,18
tt12540341,7.0,60
tt12545243,6.2,11
tt12545224,7.4,20
tt12545585,5.9,29
tt12543170,6.1,220
tt3425302,7.1,38
tt12539153,7.7,69
tt12538414,5.6,21
tt12533226,5.9,909
tt12542710,6.9,17
tt12543215,8.6,7
tt12534345,7.8,563
tt12532135,7.0,41
tt12538843,8.5,16
tt12545260,3.1,33
tt12541181,8.9,8
tt12541278,5.6,16
tt1171628,8.9,18
tt3687938,6.3,82
tt12533289,6.8,255
tt12539563,7.4,248
tt12533381,6.1,981
tt12540329,8.4,491
tt12532726,6.4,11
tt12532690,8.1,21
tt12532746,6.8,10
tt7633954,6.8,17
tt2652870,7.3,55
tt4288750,5.4,29
tt12533899,5.5,230
tt12542855,8.0,23
tt12542390,8.0,16
tt1344727,7.5,73
tt12539053,7.2,15
tt0276269,8.0,16
tt12542376,2.3,101
tt0461693,6.5,43
tt12542711,7.2,21
tt12544026,6.7,38
tt2265265,7.3,28
tt12532310,6.2,358
tt12539187,8.6,11
tt6800764,5.2,6
tt12535071,5.6,13
tt12541585,6.4,5
tt0379560,7.3,17
tt12540168,3.7,11
tt12532167,6.0,194
tt12540483,8.0,16
tt0271435,6.3,20
tt12545803,7.7,3
tt0351173,4.4,8
tt0090225,5.5,12
tt12532281,4.8,20
tt12535435,7.5,37
tt0110818,4.3,366
tt0354068,4.7,765
tt4575154,5.9,10
tt12532883,6.6,212
tt12532775,6.4,5
tt0829302,4.7,128
tt12537300,6.1,36
tt0075922,6.1,977
tt1358894,7.7,68
tt12542934,6.1,16
tt12545750,7.3,7
tt1710621,7.5,215
tt12533845,9.0,112
tt12536796,6.0,102
tt2429588,6.6,5
tt1700600,8.1,16
tt12535012,7.5,5
tt12542351,6.7,20
tt12540976,6.9,11
tt1758611,8.7,15
tt12541526,5.7,9
tt12537457,7.6,504
tt0249609,6.0,6
tt1564698,7.5,2543
tt12542570,5.9,13
tt0833621,5.9,14
tt12532475,7.0,7
tt5542806,7.2,5
tt12536726,5.2,5
tt0050282,7.6,504
tt12542899,5.1,17
tt0167812,6.0,6
tt12537068,6.0,38514
tt12545973,6.6,143
tt12542381,7.6,20
tt12545330,6.8,24
tt12535210,5.1,105
tt7905602,7.0,5
tt12540527,7.9,10371
tt12545295,6.6,9
tt0288573,4.3,6
tt12544847,7.2,32
tt12540766,4.0,10
tt12536371,8.2,71
tt12541063,8.1,97
tt12538864,5.1,1597
tt12535556,7.9,350
tt6957448,6.3,10
tt5576992,7.1,14
tt12536729,5.8,-1
tt12532524,6.2,24
tt12536969,9.2,2104
tt12540260,8.0,743
tt12534423,6.0,40
tt12532403,5.3,42
tt12545394,7.0,37867
tt0414797,8.6,14
tt12536370,8.2,71
tt12543659,8.7,13
tt12536443,7.1,247
tt12533379,6.5,985
tt12545566,7.8,5
tt0907299,6.7,89
tt1343104,7.7,6
tt12532444,6.4,252
tt12535459,8.1,20
tt12540282,8.0,12
tt12531180,8.1,73
tt12532427,4.3,7
tt12540838,6.1,903
tt4227386,4.9,114
tt12540107,6.2,2823
tt0165818,6.5,10
tt0289480,4.8,5
tt12537777,7.3,4549
tt1300851,6.3,60547
tt12544467,5.5,31
tt4730224,8.4,2377
tt12533586,4.7,1710
tt12539096,8.3,55
tt12532993,5.2,19
tt3740066,6.6,794
tt12540676,5.3,5
tt1613875,7.6,9
tt1874719,4.5,10
tt12544778,7.0,0
tt12536173,7.0,8
tt0971196,7.3,10
tt8061420,7.6,17
tt12537918,4.8,1
tt12540413,6.6,148
tt12539390,6.6,13
tt12542898,5.1,17
tt12539409,3.4,8
tt12535717,7.0,7
tt12537166,6.7,9
tt12541836,3.8,44
tt12535747,7.5,7
tt12545834,4.3,294
tt7410352,6.2,482
tt12542936,7.2,13
tt4222240,8.6,10
tt12533097,6.7,879
tt12542146,7.9,735
tt12533628,6.3,487
tt12541968,5.5,76
tt12533657,5.8,26
tt12541066,5.2,18
tt0043680,6.1,524
tt7941920,8.2,6
tt1733412,5.8,359
tt12534707,7.5,14
tt12545820,6.0,23
tt12537292,4.9,14
tt0326536,7.2,8
tt12543978,5.1,12
tt12536102,4.2,5
tt12531340,6.6,15
tt12539151,7.4,66
tt12535160,7.1,76
tt3089896,7.1,20
tt12532395,6.6,36
tt12531626,6.9,2
tt12544327,5.3,56
tt6762814,5.8,28
tt12544012,5.1,11
tt12545225,7.6,9
tt12541214,6.2,5
tt1871420,3.4,166
tt12540693,4.6,15
tt12532953,6.7,88
tt12536240,7.8,27
tt12542550,6.8,178
tt12543483,7.0,456
tt12531475,3.5,83
tt12537314,4.9,94
tt1285278,8.8,6
tt4930646,6.4,5
tt12540817,6.2,12
tt12533428,6.7,4077
tt12536510,6.0,32
tt0168007,7.3,74
tt12541406,8.7,50
tt12534788,6.6,30
tt12536237,5.0,68
tt12538898,1.8,22
tt0431384,5.2,41
tt12540485,7.9,13
tt10122366,8.0,132
tt0307940,6.5,83
tt1871373,7.4,63
tt12544956,5.6,15
tt12539710,7.6,68
tt12543568,8.2,379
tt12539788,7.7,-2
tt5906084,7.0,7
tt12544943,8.0,17
tt12536046,6.5,341
tt12542970,4.3,368
tt12541732,5.1,64
tt0022890,5.9,223
tt12544585,7.0,12
tt12533520,6.7,6
tt12543818,6.2,38
tt12535775,7.3,16
tt12542917,6.6,18
tt12533629,6.5,491
tt12531193,3.3,644
tt12538131,6.4,58
tt2275990,7.9,10366
tt4567640,8.6,7
tt12538954,6.4,21
tt4984864,6.7,20
tt5463088,7.1,165
tt12541932,1.0,142
tt6401390,5.5,18
tt12544879,6.4,521
tt0095464,7.0,100
tt0329294,4.6,5
tt2229708,7.6,110
tt12541841,4.9,11
tt12535447,6.0,90
tt12543102,8.0,17
tt0295743,6.7,1811
tt0478851,6.2,6
tt12540692,4.3,15
tt4296800,5.1,250
tt4266402,9.2,2113
tt12541527,5.4,10
tt12542256,8.7,18
tt12543658,9.4,15
tt12534924,6.8,359
tt12538585,8.1,55
tt12532066,8.1,173
tt12542790,6.4,11
tt0014339,7.1,21
tt12538449,6.2,5
tt12531392,6.0,37
tt12544325,5.5,53
tt12541381,4.4,1176
tt12541263,6.7,11
tt12531855,8.0,22
tt0209107,6.9,15
tt12542742,6.3,249
tt1646920,8.2,15
tt12532923,6.6,35
tt12532924,6.2,29
tt12543101,8.5,17
tt12542935,6.1,4
tt12535535,7.3,740
tt12533394,4.9,9
tt12534570,6.7,13
tt12535853,5.6,60
tt12542066,7.5,8
tt12536011,6.6,794
tt12542549,6.8,178
tt12537584,6.6,70
tt9056818,7.7,2931
tt1325031,3.4,250
tt8496508,6.3,224
tt12536945,6.6,28
tt2104902,7.9,14
tt12533817,8.0,5
tt0409764,7.5,13
tt12537291,5.4,16
tt0920455,6.2,26
tt12532316,7.4,8
tt12541008,6.1,14
tt0260948,7.6,3118
tt12541167,6.2,8
tt0077932,5.5,188
tt12534269,6.4,45
tt1160455,5.2,5
tt12539449,6.0,335
tt12541135,6.8,35
tt12545772,6.9,5
tt12534668,7.2,14
tt12538942,7.8,14
tt0071449,7.3,749
tt12542272,7.0,178
tt0862799,7.1,54
tt12538951,7.1,26
tt0069639,8.3,92
tt12538247,7.7,2931
tt12542556,6.3,29
tt2148964,8.8,17
tt0181718,5.8,26
tt12531638,8.4,14
tt0023039,7.7,12
tt12537041,5.2,313
tt12540575,3.9,20
tt12533510,6.7,127
tt12545537,4.6,22995
tt1935899,7.2,21
tt12542564,5.3,64
tt12532134,6.8,39
tt12537036,3.8,2159
tt1558859,6.2,13
tt12538955,6.0,21
tt0076210,5.9,5459
tt12538604,8.3,37
tt12534496,6.8,86
tt12536039,5.8,15
tt3727460,6.3,222
tt12539966,6.7,220
tt12538433,8.7,24
tt0458419,7.1,8
tt12538877,7.5,6
tt5078214,6.2,2823
tt3063268,5.9,8
tt12540397,5.1,14
tt12542012,7.0,91
tt12534242,5.4,1553
tt0392232,5.4,48
tt12542860,7.7,15
tt12543586,5.4,399
tt12531252,7.4,7
tt12542002,6.2,8
tt0170363,5.6,56
tt0045540,7.2,33
tt12531955,7.8,16
tt5378736,5.4,9
tt12535189,7.8,15
tt12532060,8.4,14
tt12538730,6.5,109
tt12538638,5.7,9
tt12534504,7.6,15
tt12543381,7.3,443
tt12538541,7.9,8211
tt12545940,6.3,10
tt12545362,5.8,40
tt12543879,7.2,33
tt0044979,5.6,29
tt12545822,5.6,14
tt1620956,6.0,13
tt0933344,7.4,17
tt7090140,5.4,393
tt12533852,6.4,-1
tt12545215,5.7,21
tt12539051,6.2,11
tt12544078,5.6,1551
tt12531238,7.4,11
tt12534414,7.6,18
tt12536279,6.5,96
tt7689182,1.2,142
tt12533900,5.7,229
tt0250784,5.4,59
tt12544761,5.4,103
tt12532648,6.9,6
tt0220200,8.0,984
tt12540623,7.2,4
tt1074988,7.0,52
tt0053195,7.2,44
tt12540816,6.1,11
tt0043072,5.9,371
tt12539504,5.3,874
tt12534372,5.9,7
tt1582428,6.7,9
tt12532688,5.9,14
tt12540239,8.5,11
tt12536929,7.6,4
tt12538899,1.8,22
tt12532308,5.9,359
tt12533904,7.1,54
tt12543413,8.1,43
tt12540324,6.6,5
tt12543268,5.3,27
tt12533225,6.0,909
tt12540169,3.5,6
tt0415727,7.7,65
tt1334247,6.9,218
tt7326824,6.5,22
tt12535327,4.8,79
tt4126728,7.5,10
tt12537254,6.9,6
tt12533822,7.7,7
tt0085057,7.5,26
tt0091604,5.7,456
tt12534605,8.1,34
tt12536680,7.4,80
tt1572783,6.2,1172
tt7350062,6.1,11
tt12539281,4.5,6
tt12535620,5.7,130
tt3651810,4.6,9
tt1431155,7.3,21
tt12534148,6.7,3
tt12545214,6.4,23
tt12535276,4.2,5
tt5644396,7.3,7
tt12540500,6.5,2
tt12537436,8.5,12
tt5660288,7.3,16
tt12536434,8.9,13
tt12542255,6.7,156
tt12538607,5.8,9
tt0023044,5.5,85
tt3042946,7.0,217
tt12540050,7.6,8
tt4247856,5.3,33
tt12539058,7.8,20
tt1562890,6.8,5
tt7307426,7.2,28
tt12537200,5.1,60
tt1164089,4.3,287
tt12545169,8.8,2
tt12545329,6.9,29
tt12534413,7.8,18
tt12531151,7.3,33
tt12534310,7.6,29
tt12536353,4.8,11
tt12536101,4.2,12
tt12545685,5.5,180
tt12534411,7.2,5
tt12531133,6.9,53
tt12545668,6.7,42
tt12539878,5.5,77
tt12539505,5.0,868
tt12532138,7.0,83
tt12542323,6.2,122
tt0081563,5.3,358
tt12535777,7.7,16
tt0045066,7.0,184
tt12543114,8.2,26
tt1339463,7.3,192
tt6053480,6.7,6
tt12532991,5.3,16
tt12538698,8.0,0
tt12531453,7.6,3113
tt12545511,8.5,9
tt12535437,5.1,51
tt12531609,7.3,20
tt12537040,5.3,313
tt12533506,4.3,6
tt12538119,3.1,7
tt1268161,5.4,126
tt12532321,8.1,14
tt12545172,5.6,73
tt12544957,5.5,15
tt12538865,5.0,1595
tt12544845,7.2,32
tt1344772,7.5,25
tt12538805,6.6,6
tt12537414,3.6,817
tt12531750,7.5,71
tt12535856,6.9,352
tt12545684,5.2,188
tt12538609,5.8,-1
tt12542734,7.9,66
tt12533615,7.2,9
tt12542471,6.5,38
tt12531172,7.3,147
tt12533123,7.5,507
tt12544466,5.5,23
tt12545476,2.6,15
tt1754567,6.5,111
tt12534412,7.8,18
tt12534925,6.4,120
tt12545512,9.1,14
tt12545669,6.7,38
tt12543074,6.7,29
tt0167042,5.5,15
tt12533851,6.3,5
tt12545168,8.5,10
tt12545339,6.9,74
tt12545281,6.8,1685
tt0107964,5.5,230
tt12534046,6.2,13
tt12532350,4.4,86
tt12536431,8.0,79
tt0108822,7.5,65
tt12531699,6.8,19
tt12537677,6.3,60538
tt12542967,6.7,21
tt0103893,5.7,38514
tt12535743,5.6,10
tt12536413,5.8,128
tt12535013,7.5,13
tt12544291,6.0,20
tt6166140,6.7,43
tt12540840,5.7,900
tt12537007,7.0,8
tt12533045,5.3,33
tt12534240,5.4,1556
tt3697868,6.1,8
tt12541360,7.2,94405
tt12544706,4.6,844
tt12531473,3.5,73
tt12545860,7.4,615
tt12537313,5.1,94
tt12535537,7.2,11
tt12537778,7.3,4549
tt6131392,7.3,17
tt12541146,8.8,-3
tt12540419,7.0,847
tt12545571,6.3,6
tt12542022,6.7,340
tt0158117,6.2,645
tt12538792,7.1,21
tt1847750,7.0,482
tt12541125,5.5,369
tt12544710,8.3,8
tt12538619,6.1,61
tt0977673,7.0,7
tt12535592,5.8,645
tt12544388,6.3,1819
tt12534503,7.4,23
tt12533403,7.1,30
tt4641416,7.8,35
tt12542410,6.8,20
tt12545667,6.5,37
tt2014365,7.4,66
tt12534944,6.2,10
tt12545336,3.4,552
tt12545744,6.8,6
tt12532428,4.3,14
tt1663660,6.3,926
tt12534373,6.1,7
tt12545216,6.0,19
tt12538411,4.5,34
tt12537043,6.0,3
tt2066049,4.6,15
tt12545804,7.7,5
tt0336821,5.2,5
tt12538406,6.9,9
tt0954968,7.1,106
tt12533953,8.3,264
tt12538953,7.0,28
tt12536799,7.2,16
tt12538965,4.6,280
tt0288114,7.6,349
tt6064698,6.4,10
tt2873162,7.6,15
tt12539539,8.1,12
tt0203189,5.4,172
tt12545164,8.4,9
tt12543704,7.1,165
tt12543103,8.3,23
tt12532331,6.7,377
tt12544634,8.4,985
tt12539973,8.1,8
tt12541337,7.4,7
tt0229335,5.4,127
tt9046568,7.0,841
tt12532165,6.0,185
tt12533316,4.2,1
tt12533064,7.1,110
tt0300758,5.8,6
tt12533317,4.2,7
tt12545733,7.2,28
tt12539365,7.4,20
tt12542982,6.8,48
tt12538120,3.5,6
tt2825982,8.1,8
tt2295886,6.2,6
tt12532776,6.4,10
tt12539621,5.8,6
tt12533221,6.8,32
tt1436347,5.3,45
tt12531158,7.5,215
tt12545083,5.1,6
tt12535754,6.3,140
tt0066461,8.5,1998
tt12541553,8.0,22
tt12544361,7.1,89
tt12538061,7.0,52
tt12532847,8.0,5
tt12541934,1.0,142
tt0327379,6.6,96
tt12537070,5.2,38522
tt7252092,7.4,163
tt1684914,6.1,900
tt12540340,7.7,3
tt12541592,6.4,423130
tt12535070,5.8,20
tt1067065,4.5,28
tt12540334,3.1,175
tt0190244,7.2,5
tt1225592,7.9,27
tt12534787,6.5,22
tt3686948,6.7,31
tt1949112,8.2,32
tt0030944,7.3,3050
tt12538618,6.0,52
tt12531543,5.1,28
tt1715726,7.2,8
tt12545208,6.1,533
tt12542322,6.2,124
tt12541425,7.6,14
tt12543717,8.5,2005
tt12534481,8.1,19
tt12540135,6.0,1056
tt12538155,8.3,84
tt12534303,9.2,32
tt12540774,7.1,-3
tt12535458,8.1,19
tt12537044,6.0,-1
tt12535774,4.2,12
tt12540459,6.3,150
tt12537531,5.5,-2
tt0387937,7.2,11
tt12544197,5.0,30
tt12541492,6.0,7
tt6224632,6.0,96
tt0266342,5.3,7
tt2609324,6.6,8
tt1157664,7.8,18
tt12535580,7.6,35
tt12541698,9.0,11
tt12533439,4.6,475
tt12543013,7.2,8
tt2836576,6.6,10
tt2538194,6.9,9
tt12532719,7.0,23
tt12536035,7.3,6
tt1548982,7.2,15
tt12544465,5.5,22
tt9855206,5.4,5
tt0499311,6.3,142
tt12539618,8.0,11
tt1427093,6.0,9
tt0777267,7.9,16
tt12536185,3.7,6
tt12537717,7.6,-1
tt0245416,7.1,23
tt12531338,6.6,16
tt12541967,6.0,71
tt0051755,6.3,2400
tt12541277,5.2,9
tt12532691,7.9,20
tt0963168,8.0,6
tt12540190,7.8,9
tt0243250,5.7,64
tt12531152,7.1,42
tt12541009,5.9,4
tt0106989,7.1,462
tt12543061,7.9,32
tt12545806,5.7,126
tt12532205,2.8,32
tt12545572,5.9,17
tt12542723,7.1,490
tt12540873,6.7,18
tt12533193,7.5,-3
tt12540136,6.0,1066
tt12543570,7.9,393
tt12535371,4.9,15
tt1612615,5.6,21
tt12542503,4.6,121
tt12533220,6.3,41
tt12545748,7.0,7
tt12538383,7.3,867
tt12543267,7.3,55
tt2512326,7.6,7
tt12541180,9.0,26
tt1051832,8.3,17
tt6111338,9.0,7
tt12537287,6.7,1
tt12536797,7.2,16
tt12541933,1.2,149
tt12545483,7.4,50
tt12537616,5.9,5459
tt12538407,6.9,9
tt12544264,7.4,63
tt3079310,6.8,13
tt0342492,7.3,18812
tt12531700,7.2,30
tt12545609,7.1,12
tt8460750,7.2,16
tt12545170,5.6,65
tt12540431,6.9,15
tt12538283,2.3,805
tt12544031,7.3,59
tt12543086,3.4,21
tt12531393,6.0,37
tt12544906,8.2,27
tt6218548,6.4,87
tt0047434,6.3,497
tt12539790,7.8,12
tt12533644,6.2,18
tt0475022,3.5,44
tt12532238,6.4,213
tt4194392,6.0,76
tt12542104,9.1,14
tt12545604,6.1,29
tt12545130,6.2,96
tt7089878,7.2,872
tt12544908,8.2,19
tt12535616,7.2,23528
tt12538295,5.2,12
tt7772412,7.4,236
tt12531601,4.4,5
tt2564196,8.2,5
tt0036727,8.2,385
tt12539978,6.7,26
tt12543764,7.5,10
tt12543139,6.8,-3
tt12537203,8.5,17
tt0246857,5.3,33
tt12542968,4.3,372
tt12544440,9.4,19
tt12534021,1.4,11
tt12537202,8.5,17
tt12541920,7.3,21
tt12542148,7.9,737
tt12539410,4.5,7
tt0349971,6.7,6
tt12532689,5.6,5
tt0172053,6.8,26
tt0057760,8.2,76
tt12535806,6.1,26
tt12536302,6.8,7
tt12534639,5.5,4
tt0029646,6.7,148
tt5639338,6.8,11
tt12535444,6.1,1
tt12532591,8.1,20
tt12541705,6.6,6341
tt12539708,7.6,71
tt0023398,7.1,61
tt12537229,6.3,7
tt12536009,6.5,793
tt9129708,8.2,16
tt0112630,5.2,64
tt12537996,6.1,7
tt12542937,7.1,11
tt12539122,4.0,11
tt0110246,7.0,438
tt12537201,8.4,20
tt12539471,5.4,10
tt1847746,6.7,6341
tt12543171,6.3,233
tt12539457,6.8,33
tt12541525,5.4,6
tt12542910,5.7,181
tt12541994,6.0,20
tt12535613,6.3,13
tt12541336,8.1,7
tt12532848,8.2,8
tt12538956,6.2,21
tt12540630,6.7,10
tt12532774,6.6,10
tt4295226,7.2,32
tt12542023,6.4,325
tt12545770,6.8,6
tt12534375,8.7,14
tt12536994,5.8,9666
tt0105761,7.3,443
tt0105845,7.1,28
tt12537088,7.7,9
tt12537455,7.9,504
tt0038635,6.3,221
tt12542938,7.2,3
tt12534640,5.5,10
tt12537651,5.2,233
tt2790002,8.5,14
tt12541085,8.0,16
tt4037876,6.5,168
tt12536239,7.9,27
tt12540398,6.1,8
tt12532587,5.8,8
tt12540075,9.0,0
tt12532280,5.3,13
tt12544566,7.4,172
tt0173787,3.4,8
tt12534074,5.0,62
tt0070695,4.3,55
tt12543014,7.4,14
tt4557242,7.4,178
tt12543414,8.2,53
tt12540323,4.8,18
tt12545047,6.3,1026
tt12536679,7.4,78
tt12543361,7.7,23
tt12541410,3.6,11
tt12534123,8.1,698
tt12536750,8.4,-2
tt0064625,5.0,192
tt0037868,6.4,245
tt0331289,6.7,7
tt12534410,7.2,14
tt12542235,4.9,45
tt12545445,7.8,81
tt12545279,7.1,1697
tt0087190,6.4,149
tt12538129,6.7,65
tt1860336,5.7,123
tt12531608,7.2,11
tt12532012,6.4,7
tt12535772,4.4,17
tt5033472,6.4,19
tt12542125,5.5,15
tt12534575,6.6,6462
tt12538952,7.5,26
tt0437803,3.5,815
tt12540391,6.2,56
tt4516496,6.2,934
tt12542759,7.6,176
tt2763330,5.5,10
tt12531799,4.7,765
tt12541995,5.7,17
tt12536208,7.4,3050
tt12544867,4.6,20
tt2989060,8.3,9
tt12532349,4.5,86
tt12540780,6.6,6
tt6355698,7.9,32
tt2305088,6.1,14
tt7359270,8.4,14
tt12534576,6.6,6462
tt0068972,6.0,1066
tt0196869,6.4,8
tt12541358,6.8,94405
tt12540339,7.1,-2
tt12532664,5.7,175
tt2330549,4.6,844
tt12540778,6.3,8
tt1475185,8.5,13
tt0199322,7.2,9
tt12538059,7.3,15
tt12541842,5.3,6
tt3161760,7.7,33
tt12539740,5.1,38
tt12539675,3.8,84
tt12538944,7.7,12
tt12538647,6.3,12
tt12533519,7.0,6
tt12535449,5.8,94
tt12537286,6.4,8
tt12539965,6.9,218
tt1853725,6.5,204
tt12536444,7.1,253
tt12540458,6.3,149
tt4023878,9.1,14
tt12536352,4.8,19
tt0435050,5.2,22
tt2608638,7.4,63
tt12543214,9.0,7
tt12542861,7.7,15
tt12541638,7.2,841
tt0374806,5.2,6
tt12535857,6.9,347
tt12533438,4.6,481
tt12541329,3.5,133
tt0155505,8.3,6
tt12532110,5.5,10
tt12541503,4.9,243
tt0880928,4.6,5
tt1333118,6.6,5
tt0380493,6.5,341
tt0809917,6.6,18
tt12543674,6.0,12
tt12537532,5.6,2
tt0427942,9.0,28
tt1165013,7.5,13
tt12539577,6.7,18
tt12535286,6.2,30
tt12545161,7.7,9
tt12535256,6.5,13
tt12534400,5.3,436
tt12534983,6.8,299
tt0102739,6.8,35
tt7166310,7.9,735
tt12532199,7.0,13
tt12532052,7.6,0
tt12541007,6.1,20
tt12538410,4.5,29
tt12541953,7.9,27
tt12538571,6.9,39
tt0332364,7.2,24
tt12532111,5.6,18
tt1548628,3.8,2166
tt12542013,6.7,91
tt12543979,5.1,11
tt12532476,7.0,1
tt12532303,5.9,482
tt12543075,6.2,11
tt12540501,6.3,5
tt12538587,8.5,50
tt2719562,6.1,13
tt12545897,7.2,24
tt12534200,6.5,83
tt0043677,6.6,221
tt12540191,8.6,11
tt12538432,8.8,20
tt12536697,6.3,27
tt0834914,8.0,71
tt12539222,7.3,192
tt12543633,5.8,6
tt1637609,8.5,17
tt12532966,6.7,49
tt12538547,7.3,109
tt12536864,7.3,66
tt12544632,6.4,19
tt12536730,6.2,7
tt12537517,7.0,63
tt2392381,7.2,20
tt12535745,5.8,9
tt12538665,5.9,16
tt5189894,6.0,4491
tt12545807,5.6,132
tt0081605,5.3,19
tt4134678,6.7,9
tt0220626,6.2,18
tt12540049,7.4,9
tt12538519,5.4,1732
tt12536014,8.2,6
tt12541357,6.5,117
tt12542891,7.5,6
tt7889590,6.9,50
tt12545605,5.7,29
tt2051999,6.4,521
tt12543877,6.7,28
tt12542145,6.2,1169
tt12533847,9.0,102
tt0366681,5.4,97
tt0469569,6.0,46
tt12538931,6.7,27
tt12539431,5.0,192
tt12542738,6.9,3
tt1787741,3.4,18
tt12538459,7.6,38
tt12534759,3.8,298
tt12532296,6.0,404
tt12538169,6.5,575
tt12532330,7.0,375
tt0077946,5.9,128
tt5138018,3.3,225
tt1228773,7.5,6
tt12539411,4.6,7
tt12531957,8.3,16
tt12537185,7.1,457
tt12543116,8.4,23
tt12545912,6.8,23
tt0317202,3.3,644
tt12535272,8.3,15
tt12545833,4.3,287
tt5880942,1.3,26
tt12538807,6.6,5
tt1291082,7.2,11
tt12544051,6.4,89
tt12541802,6.6,124
tt12542070,6.0,13
tt12539391,6.6,16
tt0071456,7.0,456
tt12543529,7.2,7
tt12541168,6.0,8
tt12542505,4.7,113
tt0169268,7.3,137
tt12540396,5.1,14
tt12542547,7.3,0
tt0216553,6.5,404
tt12544283,7.5,8
tt5706918,6.3,21
tt12533848,6.5,15
tt12544442,9.4,21
tt12544707,4.6,851
tt12532262,6.5,33
tt0290293,5.1,9
tt12536432,8.5,5
tt1978512,7.2,128
tt12533928,7.3,10
tt12542791,6.1,11
tt0372153,7.0,7
tt12532320,8.1,18
tt12541637,7.2,841
tt12533477,6.9,18
tt12536126,6.7,168
tt12540023,6.3,230
tt12545338,6.9,65
tt12541840,4.5,3
tt12545166,8.9,5
tt12534013,8.3,7
tt12541033,6.2,16
tt0062646,5.5,10
tt12533224,6.0,909
tt0377297,7.3,7
tt12534122,8.6,690
tt12537995,6.4,-2
tt12545171,5.6,80
tt12540402,7.0,53
tt3420044,5.3,6
tt12532112,5.5,8
tt0052538,5.2,241
tt12539779,7.0,6
tt12533447,5.0,390
tt0454426,8.0,15
tt12538318,7.2,42
tt12537961,7.3,56
tt12541212,6.2,5
tt0452323,7.6,14
tt4875520,5.3,442
tt12531541,5.0,35
tt12541031,6.6,21
tt12544360,7.1,89
tt12539217,9.0,16
tt12533405,7.2,36
tt12533535,7.3,137
tt12541262,6.5,11
tt12543878,6.9,33
tt0272121,6.1,9
tt0091933,4.9,30
tt12543522,4.4,26
tt0451089,6.3,153
tt0273062,7.4,7
tt12531701,7.2,24
tt12540787,5.7,50
tt12542282,6.2,128
tt12539052,7.2,18
tt9050312,7.8,12
tt12536922,8.6,1
tt0299505,6.2,13
tt12544520,5.7,453
tt2873046,4.4,12
tt12538011,8.4,1
tt12537590,1.6,14
tt12545687,7.5,25
tt12537722,7.2,39
tt12533467,8.8,1
tt12545771,6.8,6
tt12543362,7.7,15
tt0449120,7.5,13
tt12539974,8.1,13
tt1570565,7.3,7
tt12533228,7.8,14
tt3553312,7.0,123
tt12545293,6.5,9
tt12537006,7.0,3
tt12533823,7.7,10
tt0028584,5.5,25
tt12541437,5.5,12
tt3487334,9.4,16
tt12544779,7.4,7
tt12531057,9.1,2
tt3692292,6.0,60
tt12541969,6.3,76
tt12534666,7.7,7
tt12541100,8.2,105760
tt0457223,7.2,6
tt12537317,6.9,17
tt12537650,5.2,241
tt12537721,7.4,33
tt12542969,4.4,366
tt12541730,6.2,8
tt0848569,7.4,8
tt12545769,6.8,12
tt12533656,5.5,26
tt12540342,7.5,65
tt5797822,5.8,20
tt12540526,7.9,10366
tt12539243,7.2,6
tt1456134,5.0,12
tt12539805,3.3,220
tt12533070,6.4,15
tt12534901,5.8,51
tt2477894,4.5,6
