id,release,position,format,track_count
550123,id-550123,1,1,11
747615,id-747615,1,12,17
711067,id-711067,1,1,10
648148,id-648148,1,1,15
1085042,id-1079331,1,12,10
597366,id-597366,1,1,10
701425,id-701425,1,1,13
618816,id-618816,1,1,24
2342359,id-2172053,2,38,29
1329377,id-1291138,1,1,11
1313806,id-1277549,2,1,21
2239706,id-2082545,1,1,14
652296,id-652296,1,1,11
992766,id-992766,1,,16
748844,id-748844,1,1,2
1337778,id-1298430,1,,12
491057,id-491057,1,1,15
524692,id-524692,1,1,19
442788,id-442787,2,1,18
828328,id-828328,1,1,14
344533,id-344533,1,1,12
2561683,id-2365371,1,1,32
1025785,id-1025785,1,,23
72329,id-72329,1,1,12
1156313,id-1140806,1,1,15
713618,id-713618,1,1,17
1233720,id-1207878,1,,15
591625,id-591625,1,1,4
723686,id-723686,1,8,13
531365,id-531365,1,1,10
2336293,id-2166663,1,1,7
1213707,id-1190377,1,7,14
1014424,id-1014424,1,,12
644686,id-644686,1,12,24
121070,id-121070,1,,16
453737,id-453737,2,1,49
2868496,id-2641657,1,12,12
112808,id-112786,3,1,20
792104,id-792104,1,1,71
815519,id-815519,1,1,20
1422486,id-1372885,1,1,12
938276,id-938276,1,,13
748086,id-748086,1,12,283
417184,id-417184,1,1,20
1605986,id-972212,2,1,10
179426,id-179426,1,,12
199685,id-199685,1,,10
3650630,id-3349724,1,12,1
1306158,id-1270929,1,1,10
317183,id-317183,1,1,13
1015896,id-1015896,1,,13
1116459,id-1105751,1,1,11
523385,id-523385,1,1,10
1035425,id-1035425,1,,26
757394,id-757394,1,1,9
456640,id-456640,1,1,13
1287312,id-1254516,1,1,16
1054276,id-1052385,2,1,27
86760,id-86760,1,12,84
3654461,id-3353248,1,12,7
1269830,id-1239711,1,1,20
467096,id-467096,1,,15
338625,id-338625,1,1,13
3089013,id-2841671,1,12,214
154122,id-154122,1,1,14
375336,id-375336,1,1,8
942196,id-942196,1,1,17
879104,id-879104,1,,12
649663,id-649663,1,1,14
2692126,id-2484858,1,12,79
98550,id-98550,1,1,4
120485,id-120485,1,1,12
621050,id-621050,1,12,99
1147787,id-1133236,1,12,9
890609,id-890609,1,,13
1275705,id-1244511,1,,12
647918,id-647918,1,1,14
3650994,id-3350054,1,31,12
566459,id-566459,1,1,46
1425628,id-1375530,1,12,4
900488,id-900488,1,1,12
915442,id-915442,1,,21
622396,id-622396,1,1,12
591293,id-591293,1,1,17
933259,id-933259,1,1,18
3768258,id-3458353,1,1,12
2255244,id-2095803,1,1,15
1024547,id-1024547,1,1,17
1019525,id-1019525,1,1,28
446713,id-446713,1,1,11
870543,id-870543,1,1,13
736612,id-736612,1,31,12
715622,id-715622,1,,7
197168,id-197168,1,1,13
758042,id-758042,1,1,12
1371362,id-1327856,3,1,20
1449317,id-1396220,1,1,11
914616,id-914616,1,1,21
3262643,id-2997533,1,1,11
997466,id-997466,1,1,18
646413,id-646413,1,3,16
1044554,id-1044200,1,1,14
343843,id-343843,1,1,9
1100576,id-1092285,1,12,17
3657203,id-3355804,1,1,10
1307409,id-1272020,1,12,10
694717,id-694717,1,12,396
859148,id-859148,1,,12
2554095,id-2358450,2,1,18
790811,id-790804,2,1,47
740553,id-740553,1,1,29
859461,id-859461,1,,13
2694681,id-2487025,1,1,12
473268,id-473268,1,1,15
3080850,id-2834111,1,12,28
1695434,id-1611812,1,1,13
1698609,id-1614409,1,1,17
1003679,id-1003679,1,,12
1122037,id-1110656,1,1,12
1155113,id-1139800,1,1,12
610314,id-610314,1,12,16
888924,id-888924,1,,3
1534995,id-1470410,1,1,2
424668,id-424668,1,1,1
640278,id-640280,2,1,11
1485721,id-1427855,1,1,15
961846,id-961846,1,,20
3256273,id-2991832,1,1,10
790582,id-790582,1,1,22
424614,id-424614,1,1,12
423169,id-423169,1,1,18
3439226,id-3157682,2,1,8
2552504,id-2357047,1,1,22
1085189,id-1079452,1,12,7
923510,id-923510,1,1,11
1126898,id-1114843,1,1,13
344887,id-344887,1,7,12
347307,id-347307,1,1,10
526120,id-526120,1,1,14
216819,id-508714,20,1,16
3089314,id-2841955,1,12,2
484549,id-484549,1,1,4
509457,id-509457,1,1,12
675360,id-675360,1,1,12
1017057,id-1017057,1,,21
489628,id-489628,1,1,12
701126,id-701121,2,1,11
764949,id-764949,1,12,23
476780,id-476780,1,1,17
13998,id-13998,1,1,10
334380,id-334380,1,1,23
1368008,id-1324972,1,31,9
116965,id-116965,1,1,8
232253,id-232253,1,1,13
113652,id-113652,1,1,10
622523,id-622523,1,1,12
1257367,id-1228973,1,12,23
3082877,id-2835974,1,12,39
603818,id-603818,1,12,212
286036,id-286036,1,1,20
568943,id-568943,1,12,9
1196427,id-1175220,1,1,17
1252918,id-1225043,1,31,10
308534,id-308534,1,1,12
624447,id-624447,1,1,22
283841,id-283841,1,1,11
977277,id-977277,1,,21
3082921,id-2836016,1,1,10
695061,id-695061,1,,7
126329,id-126329,1,,14
568078,id-568078,1,1,9
432479,id-432479,1,,22
711716,id-711716,1,1,16
777097,id-777097,1,7,20
678874,id-678874,1,1,55
1350796,id-1309850,1,1,12
747502,id-747502,1,1,12
1293043,id-1259527,1,1,20
800429,id-800429,1,31,35
961616,id-961616,1,1,10
614902,id-614902,1,12,38
1078593,id-1073574,1,12,11
1155893,id-1140432,1,12,21
706566,id-706566,1,1,13
3080213,id-2833525,1,1,10
384788,id-384788,1,1,9
482449,id-482449,1,1,12
252257,id-252257,1,1,20
193047,id-193042,3,1,15
1319796,id-1282787,1,1,19
2341157,id-2170981,1,1,13
3262564,id-2997475,6,31,12
1038390,id-1038390,1,,19
2110207,id-1971282,1,1,14
723097,id-723097,1,1,17
842554,id-842552,4,,15
218983,id-218983,1,,9
83618,id-83618,1,,12
1368229,id-1325157,1,1,15
486466,id-486466,1,1,14
672196,id-672196,1,8,27
540673,id-540674,2,1,22
1293624,id-1259980,1,1,21
3765656,id-3455902,1,12,7
3261527,id-2996604,1,1,12
939752,id-939752,1,1,23
581001,id-581001,1,1,12
409511,id-409511,1,12,5
86859,id-86859,1,1,7
1376671,id-1332596,1,1,16
844680,id-844680,1,12,14
3353966,id-3081180,1,1,15
1266567,id-1237039,1,8,7
3086952,id-2839772,1,12,7
1021166,id-1021166,1,1,30
1240255,id-1213830,1,1,6
436416,id-436416,1,1,14
96826,id-96826,1,,8
960850,id-960850,1,,15
937097,id-989633,2,1,6
506783,id-506783,1,1,23
686447,id-686447,1,1,25
1019827,id-1019827,1,,27
3254692,id-2990416,1,1,62
2517490,id-2326314,1,12,13
901754,id-901754,1,42,4
559365,id-559360,4,1,25
2340713,id-2170599,1,1,5
1423182,id-1373515,1,29,3
211265,id-211265,1,,12
1346912,id-1306480,1,1,25
1025391,id-1025391,1,1,11
908931,id-908931,1,1,16
378572,id-378572,1,1,57
180371,id-180371,1,,14
227021,id-227021,1,,13
1265623,id-1236197,1,1,7
838927,id-838927,1,,15
63472,id-63472,1,,11
1702311,id-1617648,1,1,13
120086,id-120086,1,1,10
585554,id-585554,1,1,11
309050,id-309050,1,1,9
1276067,id-1244824,1,1,12
148449,id-148449,1,,12
1062586,id-1059563,1,1,14
318409,id-318409,1,1,5
3262583,id-2985281,3,1,99
83283,id-83283,1,1,12
1043948,id-1043662,2,1,16
1698713,id-1614502,1,1,13
395662,id-395662,1,1,20
1302920,id-1268171,2,31,14
7398,id-7398,1,1,24
700712,id-700712,1,31,11
310428,id-347998,2,1,13
881331,id-881331,1,,4
647570,id-647204,16,1,17
2561921,id-2365588,1,12,13
1486566,id-1428611,1,1,22
13343,id-13343,1,1,9
465907,id-465907,1,1,17
1065200,id-1061881,1,1,48
635562,id-635562,1,12,9
313355,id-313355,1,1,17
687,id-688,2,1,26
1356159,id-1314517,1,19,3
831781,id-831781,1,1,16
2255822,id-2096330,1,12,11
777379,id-777379,1,1,6
341327,id-341327,1,1,12
1078093,id-1073131,1,,10
729073,id-729073,1,1,15
758506,id-758506,1,7,10
620939,id-620939,1,12,99
631504,id-631502,2,1,9
1174937,id-1156893,1,12,11
776294,id-776294,1,12,16
683895,id-683895,1,1,54
519183,id-519183,1,1,10
71317,id-71317,1,12,11
52866,id-52866,1,1,12
138059,id-138059,1,,10
111154,id-111154,1,,12
841054,id-841054,1,,99
355609,id-355609,1,12,4
289675,id-289675,1,1,20
1257051,id-1228708,1,1,6
1611047,id-1538772,1,12,4
1121546,id-1110231,1,1,17
472763,id-472763,1,7,14
1185885,id-1166310,1,33,6
967079,id-967079,1,1,13
793575,id-793575,1,12,20
555443,id-555443,1,1,24
172257,id-172257,1,1,20
546278,id-546278,1,1,7
658025,id-658025,1,1,9
171787,id-171787,1,1,17
1315919,id-1279355,1,1,14
1246072,id-1219069,1,12,23
1037609,id-1037609,1,,11
1252289,id-1224488,1,12,11
1172889,id-1155108,1,1,17
736892,id-736892,1,1,6
445735,id-445735,1,1,10
600930,id-600930,1,1,4
1009329,id-1009329,1,1,12
2111231,id-1972146,1,1,12
1256572,id-1228279,1,1,7
846229,id-846229,1,12,18
1166697,id-1149886,1,1,28
306820,id-306820,1,1,30
241149,id-241149,1,,6
931450,id-931450,1,,15
620888,id-620888,1,12,48
1085750,id-1079890,1,1,10
925636,id-925636,1,,15
2561045,id-2364776,1,1,15
765668,id-765668,1,1,12
812146,id-812146,1,1,9
1044559,id-579041,3,1,18
1102825,id-1094169,1,1,10
546938,id-546938,1,1,9
1106320,id-1097144,1,1,10
370040,id-370040,1,1,8
555612,id-555612,1,12,13
703282,id-703282,1,1,19
1159471,id-1143639,1,12,8
277125,id-277125,1,1,13
1016616,id-1016616,1,,17
93195,id-93195,1,1,14
186203,id-186203,1,1,21
835106,id-835106,1,1,6
1081171,id-1075852,1,1,19
273662,id-273662,1,1,7
1073471,id-1069127,1,1,19
53310,id-53306,5,1,4
915130,id-915130,1,,16
960517,id-960517,1,,18
1697814,id-1613780,1,31,8
429040,id-429040,1,1,10
2871174,id-2643996,1,12,13
969835,id-969835,1,1,8
1423422,id-1373725,1,1,30
877393,id-877393,1,1,14
48086,id-48086,1,1,14
1037298,id-1037298,1,,17
2560470,id-2364296,1,12,76
1299682,id-1265305,1,12,19
1037717,id-1037611,13,1,20
1235846,id-1209948,1,1,7
1110046,id-1100300,1,1,10
1611377,id-1539061,1,1,7
649981,id-649981,1,1,9
806444,id-806444,1,1,17
674371,id-674371,1,12,165
517,id-517,1,1,11
1196756,id-1175484,1,1,13
1114861,id-1104416,1,1,5
1319341,id-1282402,1,,11
834953,id-834953,1,61,20
967327,id-967327,1,1,19
782051,id-782048,2,1,29
827039,id-826974,9,1,13
1082330,id-1076891,1,12,12
2138640,id-1995968,1,36,14
654215,id-654215,1,1,11
1249860,id-1222405,1,12,5
195990,id-195990,1,1,5
1345079,id-1304886,1,12,12
578775,id-578775,1,29,2
1159528,id-1143689,1,1,12
440587,id-440587,1,,23
1209869,id-1187099,1,12,17
175899,id-175899,1,1,14
14296,id-14296,1,,14
1112803,id-1102578,1,,12
883486,id-883486,1,1,7
983719,id-983719,1,,14
307060,id-307060,1,7,12
83473,id-83473,1,1,5
1448605,id-1395667,1,1,10
489627,id-489627,1,1,21
68320,id-68320,1,1,31
914178,id-914178,1,,9
1698379,id-1614233,1,31,5
1343042,id-1303111,11,1,17
265329,id-265329,1,1,18
1423268,id-1373589,1,1,9
482386,id-482386,1,29,4
1065633,id-1062257,1,1,13
1365035,id-1322371,1,,6
193418,id-193418,1,1,11
1099502,id-1091427,1,12,40
56460,id-56460,1,,16
735004,id-735004,1,1,20
742190,id-742190,1,1,20
1308594,id-1273005,1,31,10
1768,id-1768,1,1,13
979007,id-979007,1,1,12
261141,id-261141,1,1,28
2622853,id-2420610,1,36,17
1011614,id-1011608,2,1,11
1104404,id-1095524,1,12,69
1697615,id-1613594,1,1,5
696148,id-696148,1,1,4
640018,id-640018,1,1,16
1257400,id-1228998,1,1,10
1250306,id-1222775,1,1,11
167003,id-167003,1,1,20
2621740,id-2419610,1,1,10
422094,id-422094,1,1,15
883349,id-883349,1,1,12
701470,id-701470,1,1,11
1289840,id-1256746,1,12,33
1330512,id-1292117,1,12,50
20458,id-20458,1,1,15
484783,id-484774,3,1,20
1347045,id-1306600,1,1,16
533591,id-533591,1,1,12
502565,id-502565,1,1,11
1257600,id-1229165,1,1,16
1317975,id-1281208,1,1,14
746398,id-746398,1,1,23
819001,id-819001,1,1,15
879370,id-879370,1,,35
598017,id-598017,1,1,10
703608,id-703608,1,12,15
395115,id-395115,1,7,9
580174,id-580179,2,1,16
753876,id-753876,1,7,6
1085690,id-1079837,1,1,12
723764,id-723764,1,12,15
749080,id-749080,1,12,76
365555,id-365555,1,31,2
862871,id-1018570,2,,14
945036,id-945036,1,,12
438490,id-438490,1,1,11
1694514,id-1611033,1,1,12
225113,id-225113,1,,4
472816,id-472816,1,1,15
732294,id-732294,1,8,25
2243516,id-2085922,1,1,10
538309,id-538309,1,1,13
685717,id-685717,1,1,16
463410,id-463410,1,1,12
1137068,id-1123857,1,1,15
807566,id-807562,2,1,10
1700037,id-1615659,3,1,17
34324,id-34324,1,1,12
998978,id-998978,1,1,13
864459,id-864459,1,,10
1212473,id-1189279,1,,10
307861,id-307861,1,1,10
1492495,id-1433593,1,1,13
1361074,id-1318843,1,12,14
902583,id-902583,1,1,12
1230767,id-1205205,1,1,20
395677,id-395677,1,31,2
258578,id-258578,1,1,11
3657919,id-3356450,1,42,16
436823,id-436823,1,1,16
819545,id-819545,1,1,15
754575,id-754575,1,12,120
312710,id-312710,1,1,13
1491435,id-1432918,1,33,3
246732,id-246731,2,1,14
103272,id-103272,1,,12
916677,id-916677,1,,20
738145,id-738145,1,1,9
114204,id-114204,1,1,16
1351970,id-1310891,1,1,9
609519,id-609519,1,1,19
653652,id-653652,1,12,11
1138073,id-1124771,2,1,12
2096935,id-1959565,2,1,16
1221200,id-1196775,1,12,16
2618056,id-2416339,1,1,12
963561,id-963561,1,,18
30128,id-30128,1,,10
673316,id-673316,1,12,105
330947,id-330937,2,1,14
1047997,id-1047083,1,1,12
401013,id-401013,1,1,9
297000,id-297000,1,1,17
761292,id-761292,1,1,21
566142,id-566142,1,1,26
222826,id-222826,1,,18
1053643,id-1051858,1,33,7
127064,id-127064,1,1,20
663321,id-663321,1,1,6
951393,id-951393,1,,10
334638,id-334638,1,1,20
719111,id-719111,1,31,9
1117494,id-1106596,1,,14
1049655,id-1048404,1,,17
1692892,id-1609643,1,12,5
761010,id-761010,1,1,17
971889,id-971889,1,1,18
985714,id-985714,1,,13
3087995,id-2840748,1,12,6
445431,id-445431,1,1,9
1196497,id-1175272,1,12,15
1847369,id-1742752,1,1,69
2256121,id-2096591,1,38,12
2388303,id-2213310,1,30,24
3256463,id-2991995,3,1,99
700451,id-700451,1,31,15
499579,id-499579,1,1,16
3651382,id-3350410,1,12,101
920667,id-920667,1,1,15
7486,id-7486,1,1,14
22208,id-22208,1,,2
823470,id-823470,1,1,23
187317,id-187317,1,1,14
1367855,id-1324839,1,12,17
1004600,id-896461,2,,13
3652784,id-3351673,1,12,6
650320,id-650320,1,1,2
160395,id-160395,1,1,26
682594,id-682592,2,1,13
694739,id-694739,1,12,82
639830,id-639830,1,31,4
441292,id-441292,1,31,4
1197226,id-1175877,1,1,10
1161755,id-1145517,1,1,18
1191974,id-1171526,1,,63
1235466,id-1209616,1,1,4
1271063,id-1240698,1,1,12
153531,id-153531,1,1,8
610932,id-610932,1,12,161
9096,id-9096,1,1,22
174159,id-174159,1,1,13
197110,id-197110,1,1,16
1204496,id-1182337,1,12,4
1098355,id-1090569,1,1,8
674168,id-674168,1,12,42
445796,id-445796,1,1,14
671942,id-671941,2,1,7
2617120,id-2415478,1,1,10
1131957,id-1119329,1,1,17
451332,id-451332,1,1,13
846924,id-846924,1,1,13
1241023,id-1214516,1,1,12
817651,id-817651,1,1,16
1236235,id-1210298,1,1,99
1039814,id-1027922,4,1,10
1349855,id-1309021,1,1,30
838602,id-838602,1,1,14
805777,id-805777,1,1,14
93297,id-93297,1,,11
695712,id-695712,1,12,70
1425684,id-1375581,1,1,10
1488838,id-1430636,4,1,20
379638,id-379638,1,1,4
1055445,id-1053359,1,12,19
582892,id-582892,1,,10
494729,id-494729,1,1,12
1695244,id-1611644,1,12,53
2692453,id-2485166,1,1,9
377732,id-377732,1,1,14
178307,id-178304,2,1,19
493121,id-493121,1,1,10
623496,id-623496,1,7,33
3652310,id-3351258,1,1,15
148330,id-148330,1,1,20
1095190,id-1087859,1,1,3
975855,id-975855,1,,16
1088883,id-1082549,1,1,15
1333466,id-1294673,1,8,7
1133677,id-1120826,1,12,7
903571,id-903571,1,,18
1692621,id-1609407,1,12,7
2110462,id-638326,23,1,8
916478,id-916478,1,1,23
3256492,id-2992009,5,1,13
1275857,id-1244649,1,1,11
601531,id-601531,1,1,12
343041,id-343041,1,1,16
263106,id-263106,1,1,12
929399,id-929399,1,8,27
611918,id-611918,1,12,33
1215824,id-1192202,1,1,17
1424043,id-1374225,3,1,18
790054,id-790054,1,1,9
1125663,id-1113764,1,1,13
549726,id-549726,1,1,12
757555,id-757555,1,1,7
639054,id-639054,1,1,15
1029383,id-1029383,1,,29
44336,id-44336,1,1,10
531663,id-531661,2,1,20
935345,id-935345,1,,16
2619728,id-2417898,1,8,3
772076,id-772076,1,1,25
1279982,id-1247994,1,1,10
573082,id-573082,1,1,14
63088,id-63088,1,,12
2697862,id-2489952,1,12,7
1332404,id-1293732,5,1,7
73694,id-73694,1,1,13
455903,id-455903,1,12,11
1167084,id-1150225,2,1,8
2798304,id-2578969,1,12,14
1063536,id-1060399,1,1,8
380716,id-380716,1,1,11
3084969,id-2837893,1,12,11
921163,id-921163,1,1,15
1119059,id-1108003,1,1,8
162925,id-162925,1,1,14
853185,id-853185,1,,23
3656742,id-3355377,1,1,20
272122,id-272122,1,1,10
614793,id-614793,1,1,8
1024394,id-1024394,1,,5
1287527,id-1254698,1,31,16
277858,id-277858,1,7,13
185152,id-916386,2,1,20
208761,id-208761,1,1,11
1040241,id-1040241,1,,22
357705,id-357705,1,1,18
749087,id-749087,1,12,97
1133396,id-54731,4,1,17
875462,id-875462,1,,13
37367,id-37367,1,1,12
664949,id-664949,1,1,14
984041,id-984041,1,,14
1307944,id-1272498,1,1,14
695769,id-695769,1,12,75
1491767,id-1433214,2,1,14
1182618,id-1163458,3,1,25
562233,id-562233,1,1,14
128539,id-128539,1,,12
1241673,id-1215075,4,1,92
163520,id-163520,1,1,4
961040,id-961040,1,,13
2045752,id-1915559,1,12,16
118555,id-118555,1,,21
2256046,id-2096528,1,1,12
2112231,id-1973007,2,1,13
805234,id-805234,1,12,14
694465,id-694465,1,12,60
1772099,id-1677915,1,1,28
727670,id-727670,1,1,52
1228707,id-1203401,1,1,13
2555523,id-2359735,1,1,6
734669,id-734669,1,1,9
48342,id-48342,1,1,12
1297921,id-1263764,1,1,31
844006,id-844006,1,,8
234760,id-234760,1,1,14
1094308,id-162574,1,1,14
733408,id-733408,1,1,11
1035103,id-1035103,1,,4
3088985,id-2841643,1,12,114
495113,id-495113,1,1,15
930439,id-930439,1,1,10
1118242,id-1107283,1,33,8
51070,id-51070,1,,30
638827,id-638827,1,1,20
270430,id-270430,1,1,8
929690,id-929690,1,1,74
3261641,id-2996699,1,1,22
205995,id-205995,1,,30
176377,id-176377,1,1,18
813583,id-813583,1,1,8
1249605,id-1222169,1,1,23
689639,id-689639,1,7,35
1197559,id-1176166,1,12,11
3256855,id-2992316,3,1,24
532336,id-532336,1,7,2
1310980,id-1275045,1,12,3
477856,id-477856,1,1,9
79605,id-79605,1,1,16
809803,id-809803,1,12,143
535349,id-535349,1,1,20
612521,id-612521,1,12,295
1024551,id-1024551,1,,12
2865271,id-2638692,1,12,7
1165343,id-1148698,1,8,10
668859,id-668859,1,1,22
775336,id-775336,1,,5
184881,id-184881,1,1,12
997694,id-997694,1,,10
668922,id-668922,1,31,23
408538,id-408539,2,1,10
504719,id-504719,1,1,13
483306,id-483306,1,1,13
1299789,id-1265402,1,,38
2105447,id-1967134,2,43,104
1166748,id-1149935,1,1,58
696510,id-696510,1,1,12
11395,id-11395,1,,12
307078,id-307072,3,1,11
895566,id-895566,1,,13
1008881,id-1008881,1,,18
222402,id-222402,1,1,43
373055,id-373055,1,1,18
89552,id-89552,1,,10
1360466,id-1318303,1,12,16
2617574,id-2415896,1,1,11
399511,id-399511,1,29,2
453980,id-453980,1,1,7
957210,id-957210,1,33,20
3659916,id-3358343,1,12,14
284722,id-284722,1,1,18
1276435,id-1245146,1,1,8
365776,id-365776,1,1,15
167817,id-167817,1,31,10
3901379,id-3580870,1,12,19
764430,id-764430,1,7,8
1001786,id-1001786,1,1,16
968596,id-968596,1,,20
848059,id-848059,1,12,17
2561267,id-2364984,1,12,11
693305,id-693304,2,1,27
549182,id-549179,3,,40
881864,id-1010369,2,,38
1074126,id-1069712,1,12,14
810065,id-810065,1,1,11
476454,id-476449,2,1,14
1120927,id-1109661,1,1,2
398588,id-398588,1,1,15
493458,id-493458,1,7,12
534700,id-534700,1,1,15
907811,id-907811,1,,13
268421,id-268421,1,,16
1272746,id-1242149,14,1,35
1011987,id-1011987,1,,9
1297638,id-1263521,1,1,12
2336881,id-2167193,1,12,20
1296640,id-1262651,1,1,14
129524,id-129524,1,1,26
163846,id-163846,1,1,12
1346725,id-1306307,1,8,9
357174,id-357174,1,1,11
694563,id-694563,1,12,76
537960,id-537960,1,1,25
3352158,id-3079542,1,12,11
1210850,id-1187900,1,29,2
1020828,id-1020828,1,7,5
305916,id-305916,1,1,22
1172452,id-1154723,1,1,15
690619,id-690619,1,12,59
1008312,id-1008312,1,1,16
899749,id-899749,1,,15
261311,id-261311,1,31,13
419882,id-419882,1,1,13
86341,id-86341,1,1,15
3904405,id-3583622,1,12,15
87051,id-87051,1,,14
603739,id-603739,1,1,8
1200609,id-1178947,1,1,20
2620848,id-2418812,1,,15
1222340,id-1197761,1,31,7
712503,id-712503,1,31,14
752819,id-752819,1,1,13
1343811,id-1303780,1,8,11
1381534,id-1336728,1,33,9
1286655,id-1253910,1,12,21
18446,id-18446,1,,13
672497,id-672497,1,1,6
423339,id-423339,1,1,10
108368,id-108368,1,1,13
634782,id-634747,2,7,11
265979,id-265979,1,1,15
1303488,id-1268671,1,1,56
1025010,id-1025010,1,,5
65453,id-65453,1,1,9
215685,id-215685,1,1,10
329353,id-329353,4,,25
1491881,id-1433308,1,1,19
953459,id-953459,1,,4
42930,id-42930,1,1,16
1328772,id-1290614,1,12,19
1259426,id-1230720,1,19,22
124361,id-124361,1,1,8
212473,id-212473,1,1,20
253200,id-253200,1,31,5
541706,id-541706,1,1,11
2558019,id-2362059,1,12,12
156991,id-156991,1,,20
41855,id-41855,1,1,12
229643,id-229643,1,1,13
781892,id-781892,1,1,12
3089241,id-2841883,1,12,23
722599,id-722599,1,12,18
942133,id-942133,1,1,19
1280677,id-1248578,1,1,16
940727,id-940727,1,1,6
2982673,id-2745029,1,1,22
77724,id-77724,1,,12
2337838,id-2168048,3,1,27
226123,id-226123,1,1,11
2867820,id-2641050,1,1,15
825619,id-825616,2,1,18
230903,id-230903,1,1,11
649629,id-649629,1,1,11
641946,id-641946,1,1,14
610577,id-610577,1,12,44
1082635,id-1077175,1,1,14
829427,id-829427,1,1,19
4382,id-4382,1,,11
3352336,id-3079695,1,12,10
317078,id-317078,1,1,8
558493,id-558493,1,1,24
915460,id-915460,1,,16
870800,id-870800,1,1,18
928050,id-928050,1,,30
773468,id-773468,1,1,12
952561,id-952561,1,,13
464940,id-464940,1,7,6
236009,id-236009,1,,14
414203,id-414203,1,,18
112311,id-112311,1,1,38
129690,id-129690,1,,22
400291,id-400291,1,1,13
1211515,id-1188451,1,1,19
869862,id-869862,1,1,15
182081,id-182081,1,1,18
740157,id-740157,1,1,3
1336530,id-1297347,1,12,9
702885,id-702885,1,1,22
85820,id-85820,1,1,7
1199794,id-1178206,2,1,20
740639,id-740639,1,1,12
1386232,id-1340829,1,26,21
627277,id-627277,1,1,12
1156221,id-1140730,1,1,12
609421,id-609421,1,12,30
288848,id-288848,1,12,11
780511,id-780511,1,1,11
917204,id-917204,1,1,13
915945,id-915945,1,1,14
726545,id-726559,6,1,15
659841,id-659841,1,1,21
658865,id-658865,1,1,20
617503,id-617503,1,1,11
688817,id-688817,1,1,86
2113302,id-1973914,1,12,15
1492214,id-1433369,121,1,10
168612,id-168612,1,,10
1057381,id-1055025,2,1,11
683800,id-683800,1,1,48
109876,id-109876,1,1,12
97887,id-97887,1,,14
1075173,id-1070575,1,1,10
73377,id-73376,2,1,27
3654436,id-3353223,1,1,13
954027,id-954027,1,,11
2872880,id-2645561,1,12,18
479056,id-479056,1,1,2
728872,id-728872,1,1,17
1423980,id-1374203,1,1,12
579039,id-579038,2,1,16
1047657,id-1046771,1,1,25
934283,id-934282,2,1,18
602579,id-602579,1,1,9
626489,id-626489,1,1,8
868186,id-868186,1,1,10
2556104,id-2360266,1,12,63
858891,id-858891,1,,20
731484,id-731484,1,8,15
305725,id-305725,1,1,15
380991,id-380991,1,1,9
976988,id-1010822,3,,17
208510,id-208510,1,,11
1215682,id-1192085,1,,15
741813,id-741813,1,1,13
3354237,id-3081420,1,1,12
680789,id-680789,1,1,9
939707,id-871458,2,1,33
278782,id-278782,1,1,99
938429,id-938429,1,,16
2868142,id-2641346,1,,10
164930,id-164930,1,1,16
955912,id-955912,1,,15
3179209,id-2921886,1,12,11
78530,id-78530,1,,16
1077629,id-1072733,1,12,13
20481,id-586122,2,1,18
36415,id-36415,1,1,18
844884,id-844875,2,1,17
996821,id-884259,49,1,44
1017594,id-1017594,1,12,19
295278,id-295278,1,1,23
1487660,id-1429585,1,1,25
1207458,id-1184969,1,12,36
1093287,id-1086241,1,1,10
910469,id-910469,1,,16
2428245,id-2248625,1,12,8
959586,id-959586,1,,10
1491286,id-1432799,1,1,7
916692,id-916692,1,,23
771867,id-771867,1,12,2
883788,id-883788,1,1,19
3083018,id-2836108,1,12,8
198036,id-198036,1,,10
879215,id-879215,1,1,9
1115774,id-1105204,1,1,11
1377816,id-1333554,1,1,13
262465,id-262465,1,1,15
683377,id-683377,1,12,57
879328,id-879328,1,,12
479675,id-479675,1,1,99
2869264,id-2642330,1,12,7
1692335,id-1609164,1,12,3
2244244,id-2086552,1,1,10
952748,id-952748,1,,14
2555028,id-2359294,1,1,13
869539,id-869539,1,,12
479464,id-479464,1,7,8
764026,id-764026,1,1,5
244596,id-244596,1,1,25
686811,id-686811,1,31,6
1286881,id-1254131,1,12,11
673694,id-673694,1,12,71
937480,id-937480,1,,13
580735,id-580735,1,,11
761298,id-761298,1,31,12
818679,id-818679,1,12,20
1239530,id-1213214,1,,24
300813,id-300814,3,1,9
1197783,id-1176375,1,1,5
3766899,id-3457057,1,54,2
41522,id-41522,1,1,12
3260443,id-2995575,1,12,12
713019,id-713019,1,1,8
180403,id-180403,1,,14
1059585,id-1056931,1,1,21
255599,id-255599,1,,14
786896,id-786896,1,1,14
695637,id-695637,1,12,68
937231,id-937231,1,,16
2342893,id-2172535,1,12,16
344418,id-344418,1,1,12
1264477,id-1235246,1,8,11
69936,id-69936,1,1,19
620820,id-620820,1,12,51
312066,id-312066,1,1,17
210965,id-210965,1,1,9
301182,id-301182,1,,10
262355,id-262355,1,1,11
323591,id-323591,1,31,12
926423,id-926423,1,,12
876240,id-876240,1,,13
407147,id-407147,1,1,9
800760,id-800758,2,1,18
1241534,id-1214963,1,12,3
976333,id-976333,1,,9
1011260,id-1011260,1,,7
1304104,id-1269217,1,12,16
965173,id-965173,1,,15
711599,id-711599,1,1,34
582191,id-582191,1,1,13
694472,id-694472,1,12,128
1035011,id-1035011,1,,10
980962,id-980962,1,1,20
180826,id-180826,1,1,4
174774,id-174774,1,,10
296276,id-296276,1,1,18
1051308,id-1049792,2,1,19
58246,id-58246,1,29,8
1310635,id-1274737,1,12,11
568936,id-568936,1,1,11
618897,id-618897,1,1,31
1175539,id-1157250,163,1,23
1491205,id-1432727,1,1,7
809907,id-809907,1,1,80
299338,id-299338,1,1,12
977778,id-977778,1,,13
2340719,id-2170605,1,1,5
94400,id-94400,1,1,15
526717,id-526717,1,1,18
694512,id-694512,1,12,80
1162255,id-1145990,1,1,15
919862,id-919862,1,1,19
935275,id-935275,1,,19
997298,id-997298,1,,10
1076180,id-1071481,2,1,8
331571,id-331571,1,1,18
736309,id-736309,1,1,20
491405,id-491405,1,1,12
237457,id-237457,1,31,8
1301168,id-1266658,1,8,13
37464,id-37464,1,1,42
610474,id-610474,1,12,148
420493,id-420493,1,1,18
135658,id-135658,1,,11
3650702,id-3349792,1,8,5
975806,id-975806,1,,5
533578,id-533578,1,1,11
2248376,id-2090194,1,12,7
227175,id-227175,1,,19
261573,id-261573,1,1,11
160600,id-160600,1,1,14
661802,id-661802,1,42,4
3655862,id-3354583,1,12,22
375825,id-375825,1,1,8
2241207,id-2083857,1,31,14
2559495,id-2363408,3,1,20
682936,id-682936,1,1,59
495173,id-495150,2,1,11
3900410,id-3579974,1,12,10
175474,id-175474,1,8,10
3259867,id-2995062,1,12,15
219726,id-219719,2,1,14
283311,id-283311,1,,8
366019,id-366019,1,1,9
2341659,id-2171412,1,12,45
263657,id-263657,1,1,24
182343,id-182343,1,,11
2563025,id-2366611,1,1,12
595229,id-595229,1,1,13
1650146,id-1572033,1,31,4
676117,id-676117,1,1,10
230949,id-230949,1,1,13
889783,id-889783,1,,13
226928,id-226928,1,,6
891634,id-891634,1,,9
1125709,id-1113807,1,1,14
2553036,id-2357535,2,1,47
1183741,id-1164430,1,12,8
885342,id-885342,1,,11
436822,id-436822,1,1,10
412853,id-412853,1,1,13
1001047,id-1001047,1,,14
748010,id-748010,1,12,202
1294573,id-1260812,1,12,12
2700,id-2700,1,1,16
2621477,id-2419374,1,7,19
1251668,id-1223918,1,1,8
1698764,id-1614551,1,12,8
1325647,id-1287290,6,3,25
965540,id-965540,1,1,16
1238934,id-1212690,1,,24
1157593,id-1141908,1,1,12
643749,id-643744,3,1,14
177739,id-177739,1,,11
964868,id-964868,1,,6
729053,id-729053,1,1,6
119668,id-119668,1,,9
1297689,id-1263559,1,1,17
278244,id-278244,1,1,46
83378,id-83378,1,1,38
764958,id-764958,1,8,14
774106,id-774106,1,1,25
1301052,id-1266561,1,12,22
423736,id-423736,1,1,17
2107312,id-1968785,1,12,22
359547,id-359547,1,1,13
938766,id-938766,1,,19
3258346,id-2993666,1,1,12
1039302,id-1039302,1,,12
653271,id-653271,1,1,15
1428601,id-1378148,1,1,20
407639,id-407639,1,31,11
1209836,id-1187066,1,12,60
763313,id-763313,1,1,11
238657,id-238657,1,1,15
167088,id-167085,2,1,24
1151781,id-1136815,1,1,18
454452,id-454452,1,,22
1167518,id-1150605,1,12,22
697527,id-697527,1,1,27
1300038,id-1265663,1,1,14
1317151,id-1280482,1,33,8
1328562,id-1290419,1,1,15
2868603,id-2641760,1,29,7
533466,id-533462,2,1,17
198923,id-198923,1,1,20
76527,id-76527,1,,13
1187725,id-1167938,10,33,11
519868,id-519868,1,1,14
410609,id-410609,1,1,17
787623,id-787623,1,1,11
417267,id-417267,1,1,4
690582,id-690582,1,12,52
494123,id-494123,1,1,12
338552,id-338552,1,1,27
444885,id-444885,1,1,11
1358940,id-1316953,1,1,19
547708,id-547708,1,1,6
1188611,id-1168695,1,1,12
311951,id-311951,1,1,14
2240293,id-2083075,1,1,11
497478,id-497463,2,1,16
214320,id-214320,1,1,6
3087467,id-2840254,1,12,7
939209,id-939209,1,,15
411280,id-411280,1,12,9
985206,id-985206,1,1,16
60473,id-60473,1,,77
727967,id-727967,1,1,15
794498,id-794498,1,1,16
1143052,id-1129084,1,29,7
871005,id-871005,1,1,16
84163,id-84163,1,,6
1695632,id-1611988,1,,10
374816,id-374816,1,1,19
1037148,id-1037148,1,,10
308408,id-308408,1,1,16
160075,id-160075,1,1,13
2552506,id-2357049,1,1,12
448365,id-440068,7,1,12
1064552,id-1061299,1,1,22
905000,id-905000,1,1,44
3353115,id-3080414,1,,10
1702426,id-1617753,1,1,56
3084638,id-2837588,1,1,14
3088996,id-2841654,1,12,4
570714,id-570714,1,1,24
843168,id-843168,1,,15
772189,id-772189,1,1,11
2112105,id-1972893,1,12,10
17866,id-17866,1,1,12
692752,id-692752,1,1,24
3080146,id-2833459,1,1,9
1009220,id-1009220,1,,14
400201,id-400201,1,1,17
645163,id-645163,1,12,99
858629,id-858629,1,,19
2562157,id-2365808,1,12,5
2339769,id-2169745,2,1,14
1366474,id-1323633,1,7,10
180227,id-180227,1,1,11
785084,id-785084,1,1,12
1228561,id-1203273,1,12,14
1002518,id-1002518,1,1,16
611857,id-611857,1,12,55
821256,id-821256,1,1,24
2244619,id-2086853,2,1,13
1096987,id-1089408,1,12,8
534648,id-534648,1,1,15
1193559,id-1172661,1,12,10
305478,id-305478,1,1,10
1705584,id-1620529,1,31,10
2868704,id-2641857,1,12,14
753550,id-753550,1,1,26
1179015,id-1160323,2,31,9
534085,id-534085,1,1,13
871323,id-871323,1,1,5
2249181,id-2090865,5,1,10
644639,id-644639,1,12,119
886292,id-886292,1,,6
620801,id-620801,1,12,80
126360,id-126360,1,1,24
1490697,id-1432276,1,1,11
583890,id-583890,1,12,18
967129,id-967129,1,1,15
1030666,id-1030658,2,,16
3072796,id-2826840,1,25,11
2247182,id-2089136,1,12,3
160595,id-160595,1,,14
2553912,id-2358296,1,31,13
109613,id-109613,1,,10
2871381,id-2644184,1,12,12
83383,id-83383,1,,25
199326,id-199326,1,1,17
3901668,id-3581118,1,12,6
761062,id-761062,1,1,12
1256226,id-1227980,1,12,20
713116,id-713116,1,1,12
337865,id-337865,1,1,9
387254,id-387254,1,1,16
908578,id-908578,1,,18
323364,id-323364,1,1,15
161587,id-161587,1,1,14
22272,id-22272,1,,14
148158,id-148158,1,1,19
2554018,id-2358390,1,,31
477326,id-477323,2,1,17
7388,id-7388,1,,21
353207,id-353207,1,1,9
2946393,id-2712700,1,1,18
2050978,id-1919945,1,55,2
979355,id-979355,1,1,10
545880,id-545880,1,1,13
741950,id-741950,1,1,30
1041385,id-842390,2,,7
68375,id-68375,1,1,10
743778,id-743778,1,12,30
1018568,id-1018568,1,1,20
2256107,id-2096578,2,1,11
587169,id-587169,1,1,8
2245500,id-2087616,1,1,18
1127351,id-1115255,1,1,12
1280800,id-1248687,1,1,10
2621015,id-2418967,1,31,10
1014026,id-1014026,1,1,18
1355622,id-1314052,1,1,10
561299,id-561270,3,1,20
1354741,id-1313252,2,1,21
3767781,id-3457914,1,12,27
1013442,id-1013442,1,,14
440217,id-440217,1,31,5
78614,id-78614,1,,7
705670,id-705670,1,1,4
79750,id-79750,1,34,2
159263,id-148118,2,1,10
1132929,id-1120204,1,,14
3254841,id-2990534,1,1,23
352699,id-352699,1,1,17
915969,id-915969,1,,26
1010963,id-1010963,1,,13
2242372,id-2084887,3,1,6
898985,id-898985,1,,10
860490,id-860490,1,1,10
3704201,id-3399142,1,1,11
946073,id-946073,1,1,99
2563022,id-2366609,1,1,5
634691,id-634691,1,1,8
87694,id-87694,1,,11
2696736,id-2488940,1,1,19
523982,id-523982,1,1,14
1326173,id-1288369,1,31,14
1251708,id-1223958,1,1,8
162464,id-162464,1,1,10
436318,id-436318,1,,13
591522,id-591522,1,1,12
3904549,id-3583761,1,54,2
2560649,id-2364449,1,1,19
1253303,id-1225403,1,31,11
301319,id-301319,1,31,3
3900720,id-3580269,1,12,22
1024987,id-1024987,1,,53
363634,id-363634,1,1,11
3255382,id-2991029,2,1,14
1171084,id-1153622,2,1,5
3770054,id-3460035,1,1,16
947553,id-947553,1,,5
2620238,id-2418335,1,31,12
1115245,id-1104741,1,1,12
1029419,id-1029419,1,1,18
2337327,id-2167600,1,1,16
1310677,id-1274772,1,1,16
362440,id-362440,1,1,15
487515,id-487515,1,1,14
465437,id-465437,1,1,4
2249965,id-2091492,1,1,14
949984,id-949984,1,,26
903385,id-903385,1,1,21
893019,id-893019,1,1,5
890792,id-890792,1,1,63
1164240,id-1147747,2,1,18
973199,id-973208,2,,6
688890,id-688890,1,1,12
957092,id-957092,1,,8
53791,id-53791,1,1,3
2250439,id-2091899,1,1,20
467794,id-446581,2,1,9
2340516,id-2170407,1,31,8
1043657,id-1043416,1,1,13
1176771,id-1158302,1,1,9
1150065,id-1135255,1,1,18
123320,id-123320,1,1,7
82815,id-82815,1,,30
586538,id-586518,2,1,19
978821,id-978821,1,,27
1250011,id-1222530,1,12,7
511254,id-511254,1,1,8
1209528,id-1186792,1,12,57
682856,id-682856,1,1,38
755021,id-755021,1,12,60
312974,id-312974,1,1,22
951053,id-951053,1,,20
2333268,id-2163989,1,1,24
287660,id-287660,1,7,4
507789,id-507789,1,1,28
1115990,id-1105381,1,12,4
725474,id-725465,2,1,4
1207462,id-1184973,1,12,57
621099,id-621099,1,1,11
717665,id-717665,1,31,3
103422,id-103422,1,1,3
894018,id-894018,1,1,14
2110826,id-1971781,1,1,12
529936,id-529936,1,29,5
535208,id-535208,1,1,13
2864814,id-2638273,1,1,14
1227870,id-1202637,1,31,8
1540035,id-1474988,1,1,10
310236,id-310236,1,1,12
303464,id-303464,1,1,78
561280,id-561280,1,1,12
690728,id-690728,1,12,55
116251,id-116251,1,1,16
2247293,id-2089237,1,31,10
13139,id-13139,1,1,6
673739,id-673739,1,1,10
2114108,id-1974638,1,31,4
1042477,id-1042436,1,12,20
1079142,id-1074057,1,1,17
1611302,id-1538994,1,12,4
1092804,id-1085888,1,31,5
371373,id-371373,1,1,22
1254351,id-1226348,1,1,13
883970,id-883970,1,,13
920631,id-920631,1,,18
531712,id-531712,1,1,16
376870,id-376872,2,1,25
429285,id-429285,1,1,25
1179272,id-1160549,1,12,4
3651499,id-3350516,1,1,40
609429,id-609429,1,12,75
518760,id-518760,1,1,10
3770211,id-3460188,1,1,20
3440157,id-3158525,1,1,12
335397,id-335397,1,1,10
1038714,id-1038714,1,,21
674111,id-674111,1,12,28
1134464,id-1121533,1,29,2
801360,id-801360,1,1,16
138446,id-138446,1,1,22
893161,id-893157,2,,12
1699902,id-1615545,11,1,5
910667,id-910667,1,,12
287095,id-287092,2,1,9
898719,id-898719,1,1,14
1206232,id-1183861,1,1,14
1024500,id-1024500,1,1,15
628212,id-628212,1,1,13
2240774,id-2083501,2,1,15
1198475,id-1177044,1,12,16
289809,id-289809,1,1,15
576187,id-576187,1,1,4
1259563,id-1230838,2,1,22
715260,id-715260,1,,22
576712,id-576712,1,1,15
1035403,id-1035403,1,,25
3902300,id-3581703,1,12,11
1022425,id-1022425,1,,15
569977,id-569977,1,1,7
1611486,id-1539154,1,12,11
413247,id-413247,1,1,19
192357,id-192357,1,,10
2106481,id-1968034,1,12,10
503166,id-503166,1,1,8
851653,id-851653,1,,11
588500,id-588500,1,31,3
3904820,id-3584027,1,12,120
3769955,id-3459940,1,12,1
1702539,id-1617851,1,12,9
695783,id-695783,1,12,134
609946,id-609946,1,12,243
827334,id-827334,1,1,28
929203,id-929203,1,,9
5079,id-5079,1,1,2
1290785,id-1257504,1,1,6
670774,id-670774,1,1,23
411394,id-411394,1,1,20
844806,id-844806,1,1,23
252086,id-252086,1,1,12
962424,id-962424,1,,13
622238,id-622238,1,1,14
2338420,id-2168585,1,12,12
906754,id-906754,1,,10
955828,id-955828,1,,12
2240661,id-2083401,1,33,11
933952,id-933952,1,1,15
453689,id-453689,1,12,4
1253752,id-1225804,1,12,12
2692161,id-2484888,1,1,12
925809,id-925809,1,1,14
688039,id-688039,1,1,15
1049269,id-1048140,1,33,6
2869535,id-2642573,1,12,1
598986,id-598986,1,1,10
382897,id-382897,1,1,15
761277,id-761277,1,1,15
263691,id-263691,1,1,16
10309,id-10309,1,,41
695287,id-695287,1,1,15
695231,id-695231,1,12,60
688784,id-688784,1,31,8
3256597,id-2992099,1,8,17
1066143,id-1062705,1,7,10
855451,id-855451,1,1,12
695573,id-695573,1,12,84
897430,id-897430,1,,28
1166769,id-1149955,1,1,90
1257392,id-1228992,1,1,16
620382,id-620382,1,12,64
1284230,id-1251709,1,31,3
957822,id-938884,2,1,99
219584,id-219584,1,1,7
2146771,id-2002762,1,12,12
1227941,id-1202703,1,1,14
736992,id-736992,1,1,20
137690,id-137690,1,1,28
1114712,id-1104275,2,12,5
47684,id-47684,1,1,11
688564,id-688564,1,1,11
886744,id-886744,1,1,14
923197,id-923197,1,,13
734808,id-734808,1,1,5
752232,id-752232,1,1,7
3260781,id-2995902,1,12,10
803565,id-803547,4,1,15
470217,id-470217,1,1,9
1016691,id-1016691,1,1,13
245727,id-245727,1,,11
1160162,id-1144123,1,12,12
149522,id-149522,1,1,12
2769994,id-2553875,1,1,22
323485,id-314999,9,1,20
1738682,id-1649643,1,1,15
143458,id-143458,1,1,6
1133586,id-1120749,1,1,16
1136461,id-1123348,1,1,16
1195274,id-1174203,1,1,13
371786,id-371786,1,1,13
1210147,id-1187320,2,1,19
385690,id-385690,1,29,9
63624,id-63624,1,1,9
1190465,id-1170254,1,1,25
79181,id-79181,1,,16
1265740,id-1236309,1,1,18
1321139,id-1283972,1,12,10
2105946,id-1967571,1,1,20
359751,id-359751,1,12,4
786629,id-786629,1,1,8
2244115,id-2086448,1,12,27
1138150,id-1124844,1,31,10
934782,id-934782,1,,21
743919,id-743919,1,12,26
1611309,id-1539001,1,1,14
87027,id-87027,1,,12
1740306,id-1650947,1,8,9
320902,id-320902,1,1,12
1108780,id-1099191,3,12,18
2256401,id-2096817,1,1,15
673805,id-673805,1,1,8
402421,id-402428,2,1,10
3254741,id-2990456,4,1,25
663443,id-663443,1,1,12
721921,id-721921,1,1,13
168286,id-168286,1,,8
873715,id-873715,1,,12
44176,id-44176,1,1,10
472076,id-472076,1,1,20
3766167,id-3456375,1,1,12
1196960,id-1175655,1,12,18
915024,id-915024,1,,14
404475,id-404475,1,1,10
280830,id-280830,1,,11
903128,id-903128,1,,2
951107,id-951107,1,,19
740587,id-740587,1,1,16
340166,id-340166,1,8,21
3083937,id-2836973,1,12,8
1164067,id-1147600,1,1,24
785240,id-785240,1,8,14
690745,id-690745,1,12,32
61148,id-61148,1,1,12
1355749,id-1314154,5,1,9
656274,id-656274,1,1,17
685264,id-685264,1,1,8
512190,id-512190,1,1,13
3655642,id-3354375,1,1,18
450392,id-449753,2,1,20
1129348,id-1117015,1,1,13
613401,id-613401,1,1,4
899086,id-899086,1,,13
142106,id-142106,1,1,17
1314947,id-1278522,1,1,22
2865583,id-2638974,1,1,11
657190,id-657162,2,1,7
485594,id-485594,1,1,5
1024069,id-1024069,1,,11
2871015,id-2643867,1,31,13
1233348,id-1207535,1,1,12
614439,id-614439,1,1,20
312601,id-312601,1,1,12
653270,id-653270,1,1,9
1197767,id-1176361,1,31,11
546325,id-546325,1,1,12
871186,id-871186,1,,144
1201527,id-1179717,1,1,14
783279,id-783279,1,12,25
3652523,id-3351438,1,12,14
2871818,id-2644537,1,1,12
1068298,id-1064557,1,1,6
3766323,id-3456521,1,12,4
2617000,id-2415362,1,1,12
907428,id-907428,1,,12
1064768,id-1061501,1,12,28
134912,id-134912,1,1,14
825859,id-825859,1,1,20
983009,id-983009,1,,5
1511178,id-1449595,1,1,15
3083634,id-2836684,1,12,8
74876,id-74876,1,1,10
816552,id-816552,1,1,17
1277115,id-1245711,3,1,16
1369357,id-1326088,1,8,18
119906,id-119906,1,,12
1336682,id-1297475,1,34,2
399388,id-399388,1,12,13
617643,id-617643,1,31,4
3087090,id-2839910,1,12,1
436195,id-436195,1,1,24
1065973,id-1062557,1,1,7
9568,id-9568,1,1,29
1167716,id-1150793,1,1,21
989623,id-989623,1,,12
588222,id-588222,1,12,42
135907,id-125716,9,1,17
2243816,id-2086194,1,12,4
313512,id-313270,4,1,32
3059550,id-2814861,1,12,9
718716,id-718716,1,31,15
1098252,id-1090478,1,12,210
169117,id-169117,1,1,10
1426136,id-1375978,1,1,9
997876,id-997876,1,,21
583731,id-583731,1,1,12
995894,id-995894,1,,18
232928,id-232928,1,1,9
1277218,id-1245838,3,1,12
601978,id-601978,1,12,13
684124,id-684124,1,1,43
1005383,id-1005383,1,,18
371309,id-371309,1,1,23
1166786,id-1149972,1,1,52
492311,id-492311,1,1,19
43440,id-43440,1,1,3
2562977,id-2366570,1,12,15
3082768,id-2835868,1,12,13
1200099,id-1178483,1,1,11
363125,id-363125,1,1,22
143599,id-143599,1,1,18
413085,id-413085,1,31,10
1037457,id-1037457,1,,12
3254757,id-2990470,2,1,14
364074,id-364074,1,1,10
611599,id-611599,1,12,99
1339134,id-1299633,1,1,27
277501,id-277501,1,1,12
1238846,id-1212614,2,2,13
387087,id-387085,2,1,10
1380386,id-1335727,2,1,12
2693583,id-2486049,2,1,17
186468,id-186468,1,1,17
2556057,id-2360226,1,1,30
335251,id-335251,1,1,14
99440,id-99348,2,1,27
3652375,id-3351312,1,1,5
1148184,id-1133582,1,1,20
591055,id-591055,1,1,6
1079566,id-1074439,1,1,19
982647,id-1033711,3,,99
1143936,id-1129846,1,31,11
900675,id-900675,1,1,13
742583,id-742583,1,1,18
988606,id-988606,1,1,13
806684,id-806684,1,1,15
644048,id-644048,1,1,14
1257586,id-1229152,1,12,4
434124,id-434124,1,,48
571323,id-571323,1,31,3
384802,id-384802,1,1,32
840465,id-840465,1,,11
491340,id-491340,1,7,12
269288,id-269288,1,1,26
364160,id-364160,1,1,10
3437382,id-3155970,1,12,5
815085,id-815085,1,7,7
321355,id-321355,1,1,5
1292866,id-1259373,1,12,16
374680,id-374680,1,1,22
463972,id-463972,1,1,20
976159,id-976159,1,,12
547800,id-547800,1,1,10
1001954,id-1001954,1,1,16
2556218,id-2360379,1,12,19
729930,id-729930,1,12,25
2242143,id-2084692,1,12,11
947594,id-947594,1,1,8
697763,id-697763,1,1,12
1301769,id-1267186,1,1,12
506685,id-506685,1,31,4
436072,id-436072,1,,2
843171,id-843171,1,,13
576854,id-576854,1,1,12
780966,id-780966,1,1,8
228699,id-228699,1,,27
111867,id-111867,1,1,21
1034962,id-1034962,1,,10
654674,id-654650,11,1,19
1377095,id-1332957,1,1,14
310001,id-310001,1,,3
2248504,id-2090312,1,8,11
917936,id-917936,1,,14
988120,id-988120,1,1,11
1144580,id-1130418,1,1,12
610877,id-610877,1,12,33
707208,id-707208,1,,17
2105775,id-1967420,1,1,9
929163,id-929163,1,,7
1145633,id-1131354,1,1,5
396224,id-396224,1,1,12
907130,id-907130,1,,13
1702852,id-1618145,1,1,27
402816,id-402816,1,,8
338981,id-338981,1,1,12
3079309,id-2832716,3,33,4
181123,id-181123,1,,15
348584,id-348584,1,1,13
785402,id-785402,1,1,12
900291,id-900291,1,1,32
744567,id-744567,1,1,21
937392,id-937392,1,33,11
1259551,id-1230829,1,12,17
262851,id-262851,1,,17
645638,id-645638,1,12,95
2340221,id-2170151,1,12,10
195158,id-195158,1,1,10
112164,id-112164,1,,11
3437402,id-3155989,1,1,24
322399,id-322399,1,12,11
85268,id-85268,1,1,20
1198990,id-1177513,1,1,7
170743,id-170743,1,1,18
2244207,id-2086519,1,12,14
787278,id-787278,1,1,20
491557,id-491552,2,1,14
796032,id-796032,1,1,12
601159,id-601159,1,7,12
201886,id-201886,1,1,16
1597614,id-1527211,1,31,9
749841,id-749841,1,12,6
757414,id-757414,1,1,9
17498,id-17498,1,1,3
854688,id-854688,1,,11
835658,id-835658,1,1,16
896731,id-896731,1,1,14
3258269,id-2993592,1,1,11
393844,id-393844,1,1,12
958112,id-958112,1,1,67
1107458,id-1098134,1,1,10
1024076,id-932499,2,1,16
5591,id-5591,1,1,6
1360307,id-1318163,1,12,13
35415,id-35415,1,1,11
368238,id-368222,4,1,12
30159,id-30158,2,1,13
687243,id-687243,1,1,25
242168,id-242168,1,1,15
317966,id-317966,1,1,11
95751,id-95751,1,,56
2867054,id-2640333,1,7,11
874993,id-874993,1,,12
51062,id-51062,1,,8
252507,id-252507,1,1,55
2864702,id-2638178,1,1,11
3088992,id-2841650,1,12,134
280133,id-280130,2,1,12
2556877,id-2361002,1,1,13
974824,id-974824,1,,12
1218182,id-1194168,1,12,12
706625,id-706625,1,1,20
1019412,id-1019412,1,,16
550871,id-550871,1,,27
1266303,id-1236819,1,1,13
1344735,id-1304584,1,1,11
816795,id-816795,1,1,22
815913,id-815913,1,1,13
3765303,id-3455567,1,12,11
143392,id-143392,1,1,6
363954,id-363954,1,1,11
609601,id-609601,1,1,10
370495,id-370495,1,31,10
219117,id-219117,1,,11
2865263,id-2638684,1,31,12
184019,id-782948,2,1,10
77317,id-77317,1,1,12
529348,id-529348,1,1,10
771240,id-771240,1,8,2
577431,id-577431,1,8,16
1090224,id-1083708,1,1,7
60239,id-60239,1,1,11
999390,id-999390,1,1,11
1601375,id-1530426,1,1,10
1268793,id-1238869,1,1,12
770247,id-770247,1,1,13
1184208,id-1164834,1,1,13
3651906,id-3350897,1,2,10
1024813,id-1024813,1,,22
1160452,id-1144327,1,1,12
839370,id-839370,1,,11
557995,id-557995,1,1,10
520492,id-520492,1,1,12
2694469,id-2486833,1,1,20
111169,id-111169,1,12,10
3356062,id-3083096,1,12,1
58166,id-491023,2,1,17
750130,id-750130,1,7,12
234,id-234,1,,17
612035,id-612035,1,12,28
1172873,id-1155092,1,31,10
1289994,id-1256760,74,1,15
334787,id-334787,1,1,11
3354249,id-3081431,1,12,10
1311348,id-1275378,1,1,20
3355927,id-3082969,1,12,12
723304,id-723304,1,1,20
2908,id-2908,1,1,3
1700674,id-1616201,1,12,18
395564,id-395564,1,1,8
893241,id-893241,1,,14
903161,id-903161,1,1,14
1284941,id-1252391,1,12,32
2113445,id-1974041,1,1,8
143932,id-143932,1,,4
595736,id-595736,1,1,34
970109,id-970109,1,,13
907959,id-907959,1,1,7
300087,id-300087,1,1,13
3769696,id-3459695,1,12,9
1352708,id-1311516,1,1,26
821139,id-821139,1,1,11
621043,id-621043,1,12,90
1209218,id-1186495,1,12,132
183476,id-183476,1,1,20
2242384,id-2084916,1,1,17
827065,id-827065,1,1,11
670375,id-670375,1,1,16
2697087,id-2489253,1,12,7
1269664,id-1239571,6,1,22
601248,id-601248,1,1,12
1185164,id-1165659,1,1,17
1123978,id-1112320,1,1,16
863992,id-863992,1,,8
2870565,id-2643503,1,12,17
1315275,id-1278816,1,,13
935073,id-935073,1,1,11
1024085,id-1024085,1,1,15
880214,id-880214,1,1,21
2749194,id-2535470,1,31,10
3262774,id-2997656,1,12,19
703161,id-703161,1,31,9
561136,id-561136,1,1,10
89961,id-89961,1,1,15
967715,id-967715,1,1,14
699120,id-699120,1,1,12
227105,id-227105,1,31,12
49146,id-49146,1,1,11
1098778,id-1090846,1,1,2
2111170,id-1972086,1,1,26
178364,id-178364,1,1,13
271330,id-271330,1,1,10
958221,id-958221,1,,9
179790,id-179790,1,,8
502434,id-502434,1,1,12
919386,id-919386,1,,14
957956,id-957956,1,1,15
3354949,id-3082069,3,1,18
1491383,id-1432873,2,1,14
1032587,id-1032587,1,1,10
3650747,id-3349833,1,31,20
902878,id-902878,2,1,17
415461,id-415461,1,7,10
2241075,id-2083735,1,12,22
858032,id-858032,1,,27
1359991,id-1317888,1,1,10
2556029,id-2360199,1,12,11
3259282,id-2994534,1,1,7
1017608,id-1017608,1,1,9
472150,id-472150,1,1,20
293231,id-293230,2,,20
118490,id-118490,1,1,10
756118,id-756118,1,12,16
2106057,id-1967674,4,43,106
620893,id-620893,1,12,45
519375,id-519375,1,1,13
935811,id-935811,1,,13
383792,id-383792,1,,16
1299217,id-1264885,1,1,17
1270441,id-1240215,1,31,16
428608,id-428608,1,1,16
1269816,id-1239303,7,1,14
1380978,id-1336243,1,1,12
3084225,id-2837214,1,12,19
662531,id-662531,1,31,8
1022645,id-1022645,1,,18
3355654,id-3082709,1,1,7
1285852,id-1253166,1,,8
1120921,id-1109655,1,31,10
1048088,id-1047160,1,31,4
732391,id-732391,1,1,9
3903293,id-3582596,1,54,2
937809,id-937809,1,,18
647967,id-647967,1,1,13
907599,id-907599,1,1,27
3259515,id-2994737,1,12,17
202797,id-202797,1,33,3
3261198,id-2996289,1,12,5
921665,id-921665,1,,16
910708,id-910708,1,,11
1244429,id-1217571,1,12,5
715318,id-715318,1,1,16
959594,id-992301,6,1,14
2108140,id-1969532,1,12,19
507900,id-507900,1,1,11
3660172,id-3358583,1,30,8
693979,id-693979,1,12,118
1069542,id-1065616,1,1,16
3255641,id-2991266,1,1,10
3088926,id-2841586,1,1,15
919480,id-919480,1,,18
895887,id-895887,1,,9
994064,id-994064,1,,17
602488,id-602488,1,1,12
371933,id-371933,1,31,3
827925,id-827925,1,12,7
107625,id-107625,1,1,12
754934,id-754934,1,12,56
441686,id-441686,1,1,15
22973,id-22973,1,,19
687326,id-687326,1,1,16
838810,id-838810,1,33,9
515949,id-515949,1,31,3
551393,id-551393,1,12,15
2697409,id-2489549,1,1,15
2690894,id-2483743,1,12,19
695827,id-695827,1,12,50
1108664,id-1099090,3,1,24
911310,id-911310,1,,14
425261,id-425261,1,8,9
663765,id-663765,1,1,6
3902523,id-3581865,1,12,53
2562489,id-2366124,1,1,5
847614,id-847612,2,,14
1057555,id-1055179,1,12,13
1850175,id-1745047,7,1,11
1174814,id-1156781,1,7,11
552941,id-552941,1,31,9
927996,id-927996,1,1,18
1247704,id-1220476,1,12,11
3256271,id-2991830,1,1,11
498262,id-498262,1,,10
1348020,id-1307415,2,1,19
3899881,id-3579504,1,12,16
190578,id-190578,1,29,2
856585,id-856585,1,42,12
807737,id-807737,1,1,23
865005,id-865005,1,,41
794437,id-793092,22,1,18
843490,id-843490,1,,77
69651,id-69651,1,1,10
884485,id-884485,1,1,14
845650,id-845650,1,,17
2339005,id-2169113,1,31,12
913751,id-913751,1,,14
780318,id-780318,1,1,39
2558989,id-2362940,1,8,5
935365,id-935365,1,1,14
777772,id-777772,1,1,20
1356807,id-1315088,1,34,325
369690,id-369690,1,8,14
94425,id-94425,1,1,7
1486339,id-1428402,2,33,12
683305,id-683305,1,1,60
610748,id-610748,1,12,97
844839,id-844837,8,,50
979111,id-979111,1,1,13
875820,id-875820,1,,17
879135,id-879135,1,,13
1100779,id-1092471,1,12,11
748563,id-748563,1,12,69
967075,id-967075,1,,10
40733,id-40733,1,,12
705146,id-705146,1,1,18
839120,id-839120,1,,15
393425,id-393425,1,1,14
973670,id-973670,1,1,25
694893,id-694893,1,12,144
706,id-706,1,,16
557201,id-557201,1,1,20
136077,id-136077,1,1,12
694520,id-694520,1,12,214
1174275,id-1156315,1,12,18
2872488,id-2645180,1,12,17
815584,id-815584,1,12,6
1424379,id-1374555,2,1,13
1323636,id-1286091,1,1,14
978797,id-978797,1,,19
145733,id-145733,1,,11
1195356,id-1174280,2,1,14
3764147,id-3454508,1,12,18
342960,id-342960,1,1,11
2871949,id-1770731,3,63,11
555101,id-555101,1,1,12
608408,id-608408,1,12,64
1068540,id-1064787,1,12,5
3653352,id-3352217,1,12,4
1232669,id-1206918,2,1,11
883516,id-883516,1,,14
380089,id-380089,1,1,7
3653272,id-3352141,1,12,11
558698,id-558698,1,,10
904424,id-904424,1,,25
988749,id-988749,1,,15
1700411,id-1615976,1,1,11
1425452,id-1375371,1,1,15
1118558,id-1107548,1,12,2
168623,id-168623,1,1,25
399337,id-399337,1,31,2
835548,id-835546,2,1,12
620661,id-620661,1,12,45
689573,id-689573,1,,11
67764,id-67764,1,1,18
634909,id-634909,1,1,4
1010354,id-1010354,1,1,18
925853,id-925853,1,1,12
1218419,id-1194376,1,1,6
1294864,id-1261069,1,1,31
809649,id-809649,1,1,11
2869340,id-2642399,1,1,4
1332438,id-1293752,1,31,3
883871,id-883871,1,1,20
357,id-357,1,1,14
75702,id-75720,1,1,9
53869,id-53869,1,1,12
368591,id-368591,1,1,10
145304,id-145304,1,1,14
616029,id-616029,1,1,20
205377,id-205377,1,1,83
1490527,id-1432126,3,19,15
2621201,id-2419132,1,1,11
1205625,id-1183327,1,12,6
1059079,id-1056485,1,1,11
840001,id-840001,1,,15
187954,id-187954,1,1,9
472962,id-472962,1,1,19
441183,id-441183,1,1,11
108207,id-108207,1,1,14
346916,id-346916,1,1,26
895231,id-895231,1,,16
65086,id-65086,1,1,12
556175,id-556175,1,,14
817421,id-817421,1,1,16
1732547,id-1644361,1,1,3
885141,id-885141,1,1,20
1424819,id-1374924,1,29,3
9249,id-9249,1,,9
277194,id-277194,1,1,14
205465,id-205465,1,1,21
3355688,id-3082742,1,12,11
711404,id-711404,1,1,11
2106101,id-1967713,3,43,86
868336,id-868336,1,1,16
2112398,id-1973142,1,12,4
1134982,id-1122004,2,1,11
792987,id-792987,1,1,24
744094,id-744094,1,1,8
277747,id-277747,1,1,16
542611,id-542611,1,1,11
1323038,id-1285561,1,1,7
2695102,id-2487417,1,1,18
466966,id-466966,1,1,20
1246332,id-1219302,1,1,29
438948,id-438948,1,1,8
1174902,id-1156861,1,1,4
223014,id-223014,1,1,8
640459,id-640459,1,1,12
836767,id-836767,1,1,11
3260892,id-2996005,1,12,15
877108,id-877108,1,,13
1379870,id-1335313,1,8,4
344267,id-344267,1,1,32
1123376,id-1111811,1,,17
457685,id-457685,1,1,15
582530,id-582530,1,12,4
235115,id-235115,1,1,5
1254049,id-1226069,1,1,22
3084519,id-2837485,1,8,6
71753,id-71753,1,,13
294712,id-294712,1,1,13
1290639,id-1257372,1,1,8
738554,id-738530,4,1,20
889865,id-889865,1,,12
1121648,id-791836,2,1,11
554424,id-554424,1,,9
620376,id-620376,1,12,57
1138006,id-1124709,1,1,17
1360857,id-1318660,1,12,40
296299,id-296299,1,1,17
536653,id-536653,1,1,19
274303,id-274303,1,1,20
906012,id-906012,1,,9
2244222,id-2086534,1,31,10
1371174,id-1327681,2,1,15
868838,id-868838,1,,13
678366,id-678366,1,1,98
463982,id-531712,2,1,16
720380,id-720380,1,7,12
687471,id-687471,1,1,18
1155982,id-1140508,1,12,4
746738,id-746738,1,1,21
1692046,id-1608921,1,12,13
169812,id-169812,1,1,7
710611,id-710611,1,31,2
670493,id-670493,1,1,2
2110353,id-1971413,1,12,99
638732,id-638732,1,1,16
3088836,id-2841504,1,12,13
1297065,id-1263041,1,1,25
323898,id-323898,1,31,2
2553801,id-2358192,1,12,9
1123454,id-1111881,1,1,13
894698,id-894698,1,1,20
1307099,id-1271752,1,1,28
1001420,id-1001420,1,,24
510095,id-510095,1,1,13
2865903,id-2639284,1,1,22
865207,id-865207,1,1,9
398900,id-398900,1,1,8
48242,id-48242,1,1,10
434299,id-434299,1,1,4
533785,id-533785,1,1,29
463870,id-463870,1,1,18
351428,id-351428,1,1,10
98905,id-98905,1,,10
651189,id-651189,1,1,11
807492,id-807492,1,1,14
1350362,id-1309443,1,1,13
1051648,id-1050089,1,33,2
661456,id-661456,1,1,25
1241035,id-1214528,1,2,20
3255638,id-2991263,1,1,46
3438856,id-3157335,1,12,85
924519,id-924519,1,,10
407157,id-407157,1,1,13
1348293,id-1307658,1,1,12
2241433,id-2084055,1,12,16
118473,id-118473,1,,2
85654,id-85654,1,1,9
938807,id-938807,1,1,10
1262747,id-1233695,1,12,15
1157905,id-1142182,1,1,3
953389,id-953389,1,1,9
519749,id-519749,1,,35
530146,id-530146,1,1,10
191680,id-191680,1,,12
981177,id-981177,1,,20
573647,id-573647,1,12,4
1077409,id-1072532,1,1,11
1693429,id-1610104,1,1,12
400771,id-400771,1,1,12
1199271,id-1177761,1,1,18
3653937,id-3352781,1,12,5
419187,id-419187,1,1,12
1015646,id-1015646,1,,12
337154,id-337154,1,1,4
1015484,id-1015484,1,,20
702703,id-702703,1,1,11
666453,id-666453,1,1,7
987696,id-987696,1,,21
664802,id-664802,1,1,13
645085,id-645085,1,12,84
907741,id-907741,1,1,19
365804,id-365804,1,1,9
1616952,id-1543738,1,1,20
322288,id-322288,1,1,14
678990,id-678990,1,1,13
961293,id-961293,1,31,12
951531,id-951531,1,,21
566805,id-566805,1,31,8
34023,id-34023,1,1,13
169341,id-191353,5,1,23
1091761,id-1084984,1,29,2
43694,id-43694,1,1,16
956267,id-956267,1,,10
159797,id-159797,1,1,12
1142300,id-1128414,1,1,18
1372045,id-1328435,1,1,12
1205268,id-1183027,3,12,15
782295,id-782295,1,1,18
1697118,id-1613234,1,,5
1112604,id-1102400,1,12,5
550376,id-550376,1,12,16
184872,id-184872,1,,12
224360,id-224360,1,,14
1204436,id-1182281,1,1,13
569010,id-569005,2,1,29
903781,id-903781,1,,36
981247,id-981251,2,,21
338308,id-338308,1,1,14
1486424,id-1428481,1,12,14
335462,id-335462,1,1,13
14994,id-14994,1,1,13
3256961,id-2992417,2,1,24
1301421,id-1266881,1,8,10
681708,id-681708,1,7,10
2866196,id-2639288,34,1,20
379260,id-379260,1,1,18
713903,id-713903,1,,19
979343,id-979343,1,,12
1217730,id-1193809,1,,12
177976,id-177976,1,1,11
849098,id-849098,1,1,13
215443,id-215443,1,1,7
466786,id-466786,1,12,11
2244164,id-2086479,1,12,5
501932,id-501932,1,1,13
454185,id-454185,1,1,13
697931,id-697931,1,29,5
512729,id-512727,2,1,14
772174,id-772174,1,1,7
1364166,id-1321610,1,1,25
653871,id-653871,1,12,13
1303521,id-1268700,1,12,26
116876,id-116876,1,1,15
363350,id-363350,1,1,22
289205,id-289205,1,31,4
1278725,id-1246916,1,12,3
657040,id-657042,2,1,20
369537,id-369537,1,1,23
184590,id-184590,1,1,18
127730,id-127730,1,,11
2113960,id-1974511,1,12,8
951201,id-951201,1,,25
295744,id-295744,1,1,12
1128035,id-1115840,1,1,8
1092477,id-1085625,1,12,10
718934,id-718935,2,1,20
1179542,id-1160797,1,12,6
611297,id-611297,1,12,89
1695232,id-1611633,1,31,16
2243710,id-2086101,1,12,12
240216,id-240216,2,1,20
1372296,id-1328657,1,12,11
1298934,id-1264627,1,1,10
784535,id-784535,1,1,21
247105,id-247105,1,,11
457269,id-457269,1,1,8
1032097,id-1032086,2,1,19
1049250,id-1048126,8,33,31
54457,id-54457,1,1,11
885361,id-885361,1,,16
683741,id-683741,1,1,96
1147216,id-1132732,1,33,10
859767,id-859766,9,1,26
891295,id-891295,1,,10
661804,id-661805,2,1,22
970185,id-970185,1,1,20
139749,id-139749,1,1,16
1286666,id-1253918,1,12,24
445429,id-445429,1,1,25
715866,id-715866,1,1,14
502540,id-502540,1,1,12
1233052,id-1207264,1,31,9
226307,id-226307,1,1,30
985287,id-985287,1,,6
165467,id-165467,1,1,2
3355968,id-3083006,1,12,10
483021,id-483021,1,1,23
255136,id-255136,1,,7
165828,id-165826,3,1,18
976709,id-976709,1,1,13
484022,id-484022,1,1,12
1239210,id-1212927,1,1,12
1349808,id-1308985,1,1,16
3330762,id-3059976,1,1,10
668173,id-668173,1,1,11
1182148,id-1163052,1,12,9
247998,id-247998,1,1,13
1205835,id-1183521,1,,56
1695198,id-1611601,1,31,10
847264,id-994312,4,,22
97555,id-97555,1,1,21
884526,id-884526,1,,10
2696516,id-2488747,1,12,45
115857,id-115857,1,,17
69689,id-69689,1,1,22
929373,id-929373,1,,10
977975,id-977975,1,1,9
904148,id-904148,1,1,7
639040,id-639040,1,1,9
584783,id-584783,1,1,12
358748,id-358748,1,7,11
71456,id-71456,1,,21
2619555,id-2417742,1,1,13
886374,id-886374,1,,13
2514071,id-2323332,1,1,10
975563,id-975751,2,,16
336272,id-336272,1,1,12
3435702,id-3154545,1,1,12
302122,id-302122,1,1,10
979042,id-979042,1,,14
749828,id-749828,1,12,287
1125367,id-1113512,1,1,15
973441,id-973441,1,1,12
3438307,id-3156833,2,87,24
1005142,id-1005142,1,,12
1305705,id-1270546,1,1,20
3901024,id-3580550,2,1,24
759157,id-759157,1,1,9
2560638,id-2364439,1,12,10
1222608,id-1198005,1,1,32
1036214,id-1036214,1,,7
358802,id-358802,1,1,13
505979,id-505979,1,1,10
262445,id-262445,1,1,9
1283487,id-1251032,1,29,7
1344064,id-1304004,1,1,11
1137518,id-1124250,1,1,17
300639,id-300639,1,12,14
544213,id-544213,1,1,5
230887,id-230887,1,1,15
717189,id-717189,1,1,12
1287350,id-1254551,1,,12
1209602,id-1186862,1,12,41
727390,id-727390,1,1,12
499548,id-499548,1,1,14
292150,id-292150,1,1,15
1838174,id-1734785,1,1,18
464247,id-464247,1,1,11
3438369,id-3156890,1,1,6
1488785,id-1430594,1,1,16
649082,id-649082,1,8,10
822037,id-822037,1,1,12
982092,id-585831,1,1,13
608445,id-608445,1,1,8
453736,id-453736,1,1,10
638034,id-638034,1,8,10
1100275,id-1092024,1,,12
643608,id-643608,1,1,21
351829,id-351829,1,1,21
244955,id-244956,2,1,34
3085231,id-2838146,1,12,37
903223,id-903223,1,,22
1333853,id-1295021,1,12,6
823830,id-823830,1,31,2
2105273,id-1966982,1,1,10
893637,id-893637,1,,38
873599,id-873599,1,,15
38317,id-38315,2,,12
1040578,id-904443,3,1,16
3083244,id-2836324,1,1,9
690897,id-690897,1,12,30
249248,id-249248,1,31,5
1165348,id-1148703,1,1,10
1485813,id-1427933,1,1,10
1489724,id-1431418,1,1,10
92573,id-92573,1,,18
1054043,id-1052186,1,1,4
741151,id-741151,1,1,21
1059359,id-1056735,1,1,16
829476,id-829476,1,1,18
972064,id-972064,1,,20
574438,id-574438,1,1,12
158653,id-158653,1,42,3
718670,id-718670,1,1,14
608797,id-608797,1,1,20
958524,id-958524,1,,42
354646,id-354646,1,1,13
349630,id-349630,1,1,15
620430,id-620430,1,12,99
3438970,id-3157445,1,1,13
226074,id-226074,1,,11
107617,id-107617,1,,16
544114,id-544114,1,1,18
1155036,id-1139732,1,1,36
1156355,id-1140846,1,1,16
434052,id-434052,1,1,6
393411,id-393411,1,1,7
704672,id-704477,4,1,22
287886,id-287886,1,1,20
88172,id-88172,1,,10
2562417,id-2366061,1,1,18
1233324,id-1207513,1,12,8
1066318,id-1062874,1,19,28
1064526,id-351558,2,1,20
183126,id-183126,1,,12
678169,id-678169,1,1,13
2989310,id-2750981,1,1,15
619280,id-619280,1,,18
99451,id-99451,1,,38
1306844,id-1271534,1,12,10
301632,id-301632,1,1,11
430150,id-430150,1,1,11
967576,id-967576,1,1,16
794383,id-794383,1,1,20
863284,id-863284,1,,10
3655199,id-3353956,1,12,15
2692544,id-2485244,1,12,11
2559000,id-2362949,1,1,30
3262179,id-2997126,1,12,13
1696378,id-1612636,1,1,17
330520,id-330520,1,1,24
2111314,id-1972216,2,1,16
169060,id-169060,1,1,15
1207934,id-1185387,1,1,12
305673,id-305673,1,1,22
477748,id-477748,1,1,19
493543,id-493543,1,1,9
299955,id-299955,1,1,7
174002,id-174002,1,1,12
87042,id-87042,1,1,15
1287870,id-1255016,2,1,14
1255352,id-1227230,1,,9
2110852,id-1971800,1,1,6
899638,id-899638,1,,16
953456,id-953456,1,,15
895681,id-895681,1,,26
797223,id-797223,1,1,4
463841,id-439566,2,1,13
2109195,id-1970408,1,12,7
183560,id-183560,1,,12
1041638,id-983636,2,1,22
1156998,id-1141378,1,1,16
1158724,id-1142944,1,12,12
2106650,id-1968178,1,1,11
1178773,id-1160110,1,1,19
2866740,id-2640036,1,3,10
639808,id-639808,1,31,2
1234687,id-1208737,1,1,31
2255060,id-2095725,72,1,15
913450,id-913450,1,1,12
889593,id-889593,1,,11
2871059,id-2643899,3,1,15
155714,id-155714,1,,11
619704,id-619704,1,12,44
713014,id-713014,1,12,21
1286704,id-1253956,1,12,30
97409,id-97408,2,1,16
939568,id-939568,1,,17
1162400,id-1146113,4,1,14
225733,id-225733,1,,6
1285781,id-1253109,1,12,18
303470,id-303470,1,1,15
1524190,id-1460921,1,1,2
862687,id-862687,1,1,20
183959,id-183959,1,1,18
747554,id-747554,1,1,21
968909,id-968909,1,,10
857637,id-857637,1,,11
947458,id-947458,1,,10
891470,id-891470,1,,10
1159158,id-1143354,2,1,16
3261558,id-2996630,4,1,24
1172005,id-1154371,1,1,6
991125,id-991125,1,,13
611837,id-611837,1,12,54
626816,id-626816,1,31,4
1226053,id-1201025,1,12,14
969887,id-969887,1,1,16
785558,id-785558,1,1,1008
514571,id-514571,1,1,24
3764369,id-3454714,1,12,13
1119469,id-1108362,1,31,9
143520,id-143520,1,,12
615103,id-615103,1,1,10
547355,id-547345,3,1,21
1227413,id-1202232,1,8,9
559079,id-559079,1,1,14
533187,id-533187,1,1,15
658545,id-658544,2,1,15
350863,id-350863,1,,13
522524,id-522524,1,1,11
928122,id-928122,1,1,18
793163,id-793163,1,1,61
1487948,id-1429841,1,1,14
1117661,id-1106748,1,1,17
1154430,id-1139189,1,1,21
1015794,id-1015794,1,1,13
2256432,id-2096846,1,1,16
3260969,id-2996078,1,1,16
251714,id-251714,1,1,16
59654,id-59654,1,7,10
2864888,id-2638343,1,8,11
2561277,id-2364994,1,1,20
720876,id-720876,1,1,15
1612689,id-1540159,1,1,17
717739,id-717739,1,8,13
386214,id-386214,1,14,1
737502,id-737502,1,10,15
1304601,id-1269585,8,1,25
806875,id-806875,1,1,44
1183661,id-1164360,1,1,7
148388,id-148387,2,,9
438085,id-438085,1,1,15
66630,id-66630,1,,18
867275,id-867275,1,1,12
687203,id-687203,1,1,20
1138671,id-1125297,1,,20
769587,id-769587,1,1,12
253585,id-253585,1,1,13
756662,id-757051,4,1,15
3657943,id-3356473,1,12,11
319966,id-319966,1,1,9
3770685,id-3460628,1,12,11
1094090,id-1086885,1,1,15
1332316,id-1293659,1,61,13
928694,id-928694,1,,23
237343,id-237343,1,,13
505722,id-505722,1,7,12
549829,id-549829,1,1,27
528431,id-528431,1,1,12
52570,id-52570,1,1,10
183485,id-183485,1,1,13
27164,id-27164,1,1,13
190248,id-190248,1,,6
658033,id-658016,16,1,42
3900041,id-3579646,1,12,16
314325,id-314325,1,1,21
211855,id-211855,1,1,10
749002,id-749002,1,12,60
1262774,id-1233721,1,3,12
542059,id-542059,1,1,11
81668,id-81668,1,1,5
560387,id-560387,1,1,18
1091097,id-1084421,1,,11
970240,id-970240,1,,8
1130018,id-1117596,2,1,20
379079,id-379079,1,12,40
1064009,id-1060831,1,33,6
1269222,id-1239210,1,,12
2113851,id-1974419,1,12,17
747762,id-747762,1,7,6
1184853,id-1165381,1,12,5
1130588,id-1118094,1,1,7
41893,id-41893,1,1,12
656129,id-656129,1,1,10
357396,id-357396,1,1,14
679711,id-679711,1,1,4
930848,id-930848,1,,14
248523,id-248523,1,1,14
906852,id-906852,1,,10
358013,id-358013,1,7,12
885420,id-885420,1,1,13
604867,id-604867,1,1,6
265424,id-265424,1,1,10
2866906,id-2640192,4,12,9
2241987,id-2084560,1,1,6
904168,id-904168,1,,20
217351,id-217351,1,,14
2558539,id-2362547,1,12,14
3262584,id-2985281,4,1,99
1092840,id-1085916,1,12,13
1074811,id-1070259,1,1,20
521369,id-521369,1,1,10
3652065,id-3351033,1,1,20
968700,id-968700,1,1,10
1693761,id-1610388,2,12,18
747304,id-747304,1,12,12
1119596,id-1108471,1,,22
876893,id-876893,1,,10
793611,id-793611,1,1,38
3902813,id-3582141,3,12,30
678780,id-678780,1,1,99
948892,id-948892,1,1,13
1690934,id-1607912,1,1,8
958109,id-958109,1,,11
588983,id-586617,38,1,13
160313,id-160313,1,,10
1027176,id-1027176,1,1,13
97943,id-97943,1,,12
1330232,id-1291874,1,31,9
860875,id-860875,1,,22
2751721,id-2537695,1,12,11
1260974,id-1232137,1,31,11
3261715,id-2996755,11,1,21
681114,id-681114,1,1,14
455334,id-455334,1,1,11
1335572,id-1296492,1,34,4
372233,id-372233,1,1,24
1486693,id-1428733,1,1,22
1167319,id-1150421,2,1,21
1313329,id-1277124,1,8,11
263551,id-263551,1,1,15
807240,id-807240,1,12,26
1254759,id-1226704,1,12,36
685090,id-685090,1,1,12
2556782,id-2360911,1,1,17
21137,id-21137,1,1,11
3435091,id-3153980,1,12,18
62141,id-62141,1,1,17
413289,id-413289,1,1,11
1127520,id-1115409,1,1,22
697170,id-697170,1,1,16
588764,id-588764,1,1,11
923738,id-923738,1,1,7
87776,id-87776,1,1,11
634662,id-634662,1,1,7
916996,id-916996,1,,13
3086694,id-2839542,1,,15
637306,id-637306,1,1,11
1702649,id-1617954,1,31,2
1110419,id-1100638,1,1,12
3259628,id-2994845,2,1,9
491786,id-491786,1,8,11
568539,id-568539,1,1,14
2007251,id-1881937,1,33,16
1185635,id-1166094,1,,16
548330,id-548330,1,1,12
217306,id-217305,2,1,6
162148,id-162146,2,1,22
1103045,id-1094365,1,,16
1254568,id-1226534,1,1,10
507400,id-507400,1,,9
867878,id-867878,1,,16
3905461,id-3584634,1,12,9
398218,id-398218,1,1,12
3767096,id-3457251,1,31,16
611169,id-611169,1,1,16
434307,id-434307,1,31,10
392147,id-392147,1,1,11
970618,id-970618,1,1,12
384948,id-384948,1,1,10
964965,id-964965,1,1,9
969567,id-969567,1,,14
270703,id-270703,1,,34
945675,id-945675,1,,9
3766687,id-3456866,1,12,10
1691147,id-1608115,1,29,2
3769917,id-3459902,1,12,5
3257609,id-2993011,1,12,18
1041269,id-913088,2,1,20
3257919,id-2993300,1,12,6
2243697,id-2086088,1,1,18
470114,id-470114,1,1,14
359215,id-359215,1,12,4
257533,id-257533,1,1,12
2245091,id-2087270,1,31,6
1423623,id-1373894,1,1,17
879445,id-879445,1,1,14
2872471,id-2645163,1,8,6
265132,id-265132,1,1,15
1247663,id-1220440,1,1,13
339010,id-339010,1,1,13
594187,id-594187,1,1,10
937770,id-937770,1,1,10
71526,id-71526,1,,4
797968,id-792152,2,1,19
713369,id-713369,1,1,12
1142451,id-1128544,2,34,5
407763,id-407763,1,12,8
312428,id-312428,1,31,9
1291649,id-1258297,1,1,12
124168,id-124168,1,1,20
2338674,id-2168805,2,1,27
620573,id-620573,1,1,12
3903642,id-3582913,1,12,8
926848,id-926848,1,,11
786360,id-786360,1,1,8
518118,id-518118,1,1,12
220417,id-220417,1,1,16
995030,id-995030,1,,18
127097,id-127097,1,,13
2696936,id-2489115,1,12,1
760931,id-166737,2,,16
824617,id-824617,1,1,23
1154644,id-1139386,1,1,19
2556850,id-2360976,1,1,8
791725,id-791725,2,1,17
139299,id-139299,1,31,16
1264979,id-1235647,1,31,12
201033,id-357278,2,1,10
742900,id-742900,1,1,12
344749,id-344749,1,,23
576303,id-576303,1,1,12
549141,id-549141,1,7,8
877208,id-877208,1,1,30
519605,id-519605,1,1,19
1190663,id-1170406,1,33,14
1702523,id-1617835,1,1,14
561226,id-561226,1,1,13
1698333,id-1614192,1,,12
579374,id-579374,1,1,12
678355,id-678355,1,1,92
621263,id-621263,1,1,10
313141,id-313141,1,1,13
1022959,id-1022959,1,,15
72611,id-72611,1,1,11
1307015,id-1271678,1,31,30
3257872,id-2993255,1,31,10
761831,id-761831,1,1,25
483225,id-483225,1,1,8
1217791,id-1193862,1,12,18
876553,id-876553,1,,7
712142,id-712142,1,,24
126374,id-126374,1,,14
1014368,id-1014368,1,1,14
1341997,id-581992,2,1,24
246495,id-246485,2,1,21
2242449,id-2084978,1,31,16
119860,id-119860,1,1,12
1052064,id-1050463,1,12,10
33147,id-33147,1,1,16
2867205,id-2640470,1,1,11
602501,id-602501,1,1,13
2240915,id-2083611,1,1,12
792792,id-792792,1,,14
656760,id-656760,1,1,25
931797,id-931797,1,,17
102120,id-102120,1,31,3
550996,id-550996,1,1,24
679328,id-679328,1,1,85
207139,id-207139,1,1,11
267847,id-267847,1,1,21
1173062,id-1155269,1,1,16
2110927,id-1971862,1,,4
1137187,id-1123951,1,1,25
707860,id-707860,1,1,11
435137,id-435137,1,1,12
635833,id-585201,2,1,11
1700329,id-1615906,9,1,12
674875,id-674875,1,1,8
428671,id-428671,1,1,11
263553,id-263553,1,1,14
485987,id-485987,1,1,13
546769,id-546769,1,31,4
132953,id-132953,1,,24
915908,id-915908,1,,17
3437210,id-3155855,5,1,16
339150,id-339150,1,1,35
604324,id-604324,1,1,12
3257063,id-2992507,1,31,11
2243523,id-2085929,1,12,18
93242,id-93242,1,1,12
262051,id-262051,1,1,16
2106197,id-1967780,1,1,14
886878,id-886878,1,1,11
67515,id-67515,1,1,11
242277,id-242277,1,31,2
2242356,id-2084889,1,,14
573281,id-573281,1,12,5
866095,id-866095,1,,14
1209634,id-1186894,1,12,34
65571,id-65571,1,,69
322992,id-322992,1,1,21
1057009,id-1054690,1,1,6
69819,id-69819,1,,28
2080967,id-1945516,9,1,12
761618,id-761618,1,1,18
1324879,id-1287210,1,1,15
1693902,id-1610507,2,19,26
20641,id-20641,1,1,14
1128856,id-1116561,1,33,12
406100,id-406100,1,1,30
869894,id-869894,1,,9
1021789,id-1021789,1,,12
485252,id-485252,1,1,15
875608,id-875608,1,,14
152271,id-152271,1,30,4
1241291,id-1214750,1,1,12
947941,id-947941,1,,14
367189,id-367189,1,33,10
1278589,id-1246803,1,31,2
519817,id-519813,2,31,5
1368468,id-1325366,5,1,18
1138984,id-1125592,1,1,13
252996,id-252996,1,1,10
3655954,id-3354673,1,12,31
393911,id-393911,1,1,23
2247398,id-2089324,1,31,18
946361,id-946361,1,,15
802956,id-802956,1,7,9
785400,id-785400,1,1,17
3710846,id-3405224,1,1,17
641855,id-641855,1,1,15
864174,id-864174,1,,36
525327,id-525327,1,1,11
2113999,id-1974543,5,1,22
625425,id-625425,1,1,18
523579,id-523579,1,1,13
683762,id-683762,1,31,11
902470,id-902470,1,1,13
1155584,id-1140171,1,12,6
916837,id-916837,1,,5
1611439,id-1539121,1,12,3
1018392,id-1018392,1,1,10
1073929,id-1069543,1,26,17
363266,id-363266,1,1,12
3728601,id-3421610,1,12,343
437400,id-437400,1,12,8
338844,id-338844,2,1,17
2561032,id-2364764,1,8,12
559104,id-559104,1,1,21
542998,id-542998,1,1,18
70454,id-70454,1,1,11
2105289,id-1966997,1,1,13
329788,id-329788,1,1,13
1112596,id-1102392,1,1,20
1036667,id-1036667,1,,11
1486965,id-1428975,1,1,16
537221,id-537221,1,1,12
185685,id-185685,1,1,16
333456,id-333456,1,1,23
610888,id-610888,1,12,61
2255759,id-2096268,1,31,14
780351,id-780351,1,1,11
3654636,id-3353418,1,1,10
905783,id-905783,1,1,9
1006029,id-1006029,1,,12
186070,id-186070,1,1,13
2618842,id-2417074,1,12,12
1168461,id-1151452,1,1,11
594335,id-594335,1,1,7
1014224,id-1014224,1,1,8
2621239,id-2419158,4,1,20
1696491,id-1612718,1,12,18
992616,id-992616,1,,12
529505,id-529499,2,1,14
536486,id-536473,18,1,15
1695974,id-1612278,1,12,4
963469,id-963469,1,1,6
518174,id-518174,1,1,14
1702747,id-1618046,1,12,16
1212787,id-1189568,1,7,14
492872,id-492872,1,1,24
1157809,id-1142105,1,1,23
445333,id-445333,1,1,20
1217984,id-1194020,1,12,2
1011621,id-1011437,2,,16
1287185,id-1254407,1,1,12
916420,id-916420,1,,13
1346230,id-1305871,1,1,20
1260713,id-1231887,1,12,2
462235,id-462235,1,1,16
304372,id-304372,1,1,11
892268,id-892268,1,,14
410581,id-410581,1,,12
984411,id-984411,1,1,13
2553098,id-883832,2,1,12
5961,id-5961,1,1,16
2247600,id-2089506,1,1,12
280511,id-280511,1,1,2
1080881,id-1075609,1,1,15
84581,id-84581,1,,7
874792,id-874792,1,,10
1257406,id-1229003,1,1,11
3353815,id-3081034,1,12,10
150429,id-150429,1,31,10
741850,id-741850,1,1,9
1053759,id-1051969,1,1,31
281354,id-281354,1,1,7
467947,id-467947,1,,14
28723,id-28723,1,1,11
151709,id-151709,1,1,21
150011,id-150011,1,33,16
970587,id-970587,1,,12
269276,id-269276,1,1,12
1294974,id-1261172,1,1,29
797182,id-797182,1,1,13
682653,id-682653,1,12,12
3354426,id-3081596,1,31,9
359054,id-359054,1,1,16
512746,id-512746,1,,13
423661,id-423661,1,1,9
836769,id-836769,1,1,11
576554,id-576554,1,1,18
423945,id-423945,1,1,16
979037,id-979037,1,,26
996067,id-996067,1,,6
2509,id-2509,1,1,16
576795,id-576795,1,1,9
3769449,id-3459470,1,29,2
485702,id-485650,14,1,24
688866,id-688866,1,1,3
325097,id-325097,1,1,13
100274,id-100274,1,,20
867630,id-867630,1,1,19
1076911,id-1072077,1,1,10
991023,id-991023,1,,6
904181,id-904181,1,,20
115016,id-115016,1,,13
1006504,id-1006504,1,29,3
3083649,id-2836699,1,12,12
328838,id-328838,1,1,12
320875,id-320875,1,1,16
898029,id-898029,1,,13
870918,id-870918,1,,14
880633,id-880633,1,,18
1110878,id-1101034,1,7,8
1316833,id-1280200,1,1,24
859762,id-859762,1,,12
1239492,id-1213178,1,12,17
955184,id-955184,1,1,17
231153,id-231153,1,1,20
894817,id-894817,1,1,15
493818,id-493819,2,1,8
683854,id-683854,1,1,75
207402,id-207402,1,12,11
278180,id-278180,1,1,24
1275681,id-1244491,1,1,30
1207437,id-1184950,1,12,65
444909,id-390002,2,1,16
435317,id-435317,1,1,9
955347,id-955347,1,,10
357904,id-357904,1,1,5
1701977,id-1617349,1,31,6
763774,id-763774,1,31,11
526475,id-526475,1,1,16
192337,id-192336,2,1,9
3651037,id-3350092,1,12,180
484071,id-484071,1,1,16
1259060,id-1230427,1,1,13
460593,id-460593,1,33,10
427159,id-427159,1,1,16
354839,id-354839,1,1,5
455144,id-455144,1,12,5
490115,id-490115,1,1,10
292810,id-292810,1,1,20
459302,id-459302,1,1,12
2110651,id-1971621,1,1,11
1301580,id-289374,2,1,15
3259186,id-2994445,1,1,3
761545,id-761545,1,1,13
1384944,id-1339694,1,12,11
678299,id-678299,1,1,99
952135,id-952135,1,1,20
27921,id-27918,3,1,11
58422,id-58422,1,1,10
1209390,id-1186658,1,12,99
2181100,id-2032045,1,1,12
39734,id-39734,1,1,13
234149,id-234149,1,,6
575314,id-575314,1,1,12
1145362,id-1131124,1,1,5
625895,id-625895,1,12,20
232603,id-232603,1,1,23
372922,id-372922,1,1,14
635766,id-635766,1,1,4
814943,id-814943,1,31,4
427679,id-427679,1,1,18
695030,id-695030,1,12,92
240326,id-240326,1,,22
576881,id-576881,1,1,21
951109,id-951109,1,31,6
54934,id-54934,1,1,29
1148732,id-934560,2,1,16
102788,id-102783,2,1,12
680726,id-680726,1,7,15
792886,id-792886,1,1,24
239533,id-239533,1,2,23
358180,id-358180,1,1,11
1213921,id-1190572,1,,9
944454,id-944454,1,12,10
792103,id-792103,1,1,85
751674,id-751674,1,1,29
616700,id-616700,1,12,75
694633,id-694633,1,12,45
2455605,id-2272477,20,1,43
1245817,id-1218836,1,1,10
684236,id-684236,1,12,6
677004,id-677004,1,1,9
619144,id-619144,1,1,31
943602,id-943602,1,,16
239496,id-239496,1,1,12
690675,id-690675,1,12,39
671650,id-671650,1,1,18
210552,id-210552,1,,5
613108,id-613108,1,12,44
265344,id-265344,1,1,21
1693778,id-1610402,1,12,18
565381,id-565381,1,12,19
44499,id-44499,1,1,10
604909,id-604909,1,12,19
561714,id-561714,1,1,32
3768379,id-3458479,1,12,77
385937,id-385937,1,1,13
2340774,id-2170658,1,12,15
115499,id-115499,1,1,22
884420,id-884420,1,,13
560446,id-560446,1,1,14
279985,id-279985,1,1,25
3903572,id-3582849,1,12,9
1086567,id-1080536,1,1,15
127438,id-127438,1,1,13
1296121,id-1262189,1,12,3
486326,id-486326,1,12,9
987892,id-987892,1,1,23
2111612,id-1972482,1,1,15
1692395,id-1609214,1,12,8
2248671,id-2090445,1,1,20
2339567,id-2169572,1,1,10
1291513,id-1258165,1,12,10
883726,id-883726,1,,18
563485,id-563485,1,1,4
475983,id-475986,2,1,15
1240767,id-1214284,1,1,16
589564,id-589564,1,1,17
558850,id-558850,1,1,16
817154,id-817154,1,1,10
1251108,id-1220644,5,1,43
771128,id-771128,1,1,14
280943,id-280943,1,1,25
193522,id-193522,1,1,22
1009171,id-1009171,1,,10
883819,id-883819,1,1,24
690825,id-690825,1,12,34
481197,id-481197,1,1,10
998062,id-998062,1,1,12
333687,id-333687,1,,10
1124022,id-1112344,1,1,35
97619,id-97619,1,1,11
1063299,id-1060182,1,1,12
288502,id-288497,2,1,11
229426,id-229426,1,1,8
1069185,id-1065343,2,1,41
430174,id-430174,1,7,12
693720,id-693720,1,12,8
674601,id-674601,1,12,52
2692528,id-2485228,1,8,4
215652,id-215652,1,1,12
726802,id-715653,2,1,18
2867909,id-2641126,1,1,23
255839,id-255839,1,1,14
456486,id-456486,1,1,13
743953,id-743953,1,12,32
864636,id-864636,1,,7
939907,id-939907,1,,14
352302,id-352303,2,1,15
2178387,id-2029835,1,12,19
2560989,id-2364723,1,1,16
1106889,id-1097659,1,,4
2203224,id-2051000,1,1,28
528687,id-528687,1,1,8
4109,id-4109,1,1,14
748866,id-748866,1,1,12
1218330,id-1194292,1,31,10
80250,id-80250,1,1,12
2562433,id-2366072,1,12,11
1055999,id-1053835,1,1,12
660060,id-660060,1,1,12
243917,id-243917,1,1,19
41996,id-41996,1,1,22
358242,id-358242,1,1,18
177978,id-177978,1,1,10
1009837,id-1009837,1,,26
55191,id-55191,1,,16
299557,id-299557,1,1,16
970341,id-970341,1,1,10
956430,id-956430,1,1,15
1193405,id-1172524,1,1,16
807509,id-807509,1,1,11
1146866,id-1132419,1,1,2
1025452,id-1025452,1,,12
3655314,id-3354068,1,1,10
851413,id-851413,1,,11
1236803,id-1210793,2,1,22
841128,id-841128,1,12,6
536381,id-536381,1,1,14
417130,id-417130,1,1,14
2553568,id-2358030,1,1,19
582582,id-582582,1,1,16
1217578,id-1193672,1,1,13
1337539,id-1298210,1,1,8
181032,id-181030,2,1,21
1036324,id-1036324,1,,15
36504,id-36504,1,1,25
319609,id-319609,1,1,3
28179,id-28179,1,1,18
899778,id-899778,1,,13
801025,id-801025,1,7,9
300278,id-300278,1,1,11
92197,id-92197,1,1,6
459631,id-459631,1,1,12
409464,id-409464,1,8,4
894938,id-894938,1,,16
731831,id-731831,1,1,17
214358,id-214358,1,1,15
3767117,id-3457271,1,12,99
722076,id-722076,1,1,17
89147,id-89147,1,,12
556538,id-556538,1,29,8
1087552,id-1081404,1,1,12
996437,id-996437,1,1,17
684246,id-684246,1,1,51
325727,id-325727,1,1,36
526085,id-526085,1,1,11
684791,id-684791,1,1,13
963597,id-963597,1,,22
378607,id-378607,1,1,10
180437,id-180437,1,,10
975456,id-975456,1,,14
442552,id-442552,1,1,12
424209,id-424209,1,1,12
770387,id-770387,1,1,17
666029,id-666029,1,12,10
184224,id-184224,1,1,13
1110392,id-1100612,1,1,10
926805,id-926805,1,,25
3903850,id-3583117,1,12,13
2622570,id-2420368,1,12,12
560705,id-560705,1,1,11
525232,id-525232,1,1,22
1310934,id-1275005,2,1,7
