aid_a,pid_a,position_a
1,304586,0
2,304586,1
4,304587,0
5,304587,1
7,304589,0
8,304589,1
9,304589,2
10,304589,3
11,304589,4
12,304589,5
14,304590,0
15,304590,1
16,304590,2
17,304590,3
18,304590,4
19,304590,5
20,304590,6
22,304582,0
23,304582,1
24,304582,2
25,304582,3
27,304583,0
28,304583,1
29,304583,2
30,304583,3
31,304583,4
32,304583,5
33,304583,6
34,304583,7
35,304583,8
36,304583,9
37,304583,10
38,304583,11
40,304584,0
41,304584,1
42,304584,2
44,304585,0
45,304585,1
46,304585,2
48,306112,0
49,306112,1
50,306112,2
52,306115,0
53,306115,1
55,306119,0
56,306119,1
57,306119,2
59,306124,0
60,306124,1
62,306102,0
63,306102,1
64,306102,2
66,306103,0
68,306105,0
69,306105,1
71,306109,0
72,306109,1
73,306109,2
74,306109,3
75,306109,4
76,306109,5
77,306109,6
79,304571,0
80,304571,1
81,304571,2
82,304571,3
83,304571,4
84,304571,5
86,304570,0
87,304570,1
88,304570,2
89,304570,3
90,304570,4
92,304573,0
93,304573,1
94,304573,2
96,304572,0
97,304572,1
98,304572,2
99,304572,3
100,304572,4
102,304250,0
103,304250,1
104,304250,2
106,304248,0
107,304248,1
108,304248,2
109,304248,3
111,304569,0
112,304569,1
113,304569,2
115,304568,0
116,304568,1
117,304568,2
118,304568,3
119,304568,4
120,304568,5
122,304579,0
123,304579,1
124,304579,2
125,304579,3
126,304579,4
127,304579,5
128,304579,6
129,304579,7
130,304579,8
132,304578,0
133,304578,1
134,304578,2
135,304578,3
136,304578,4
137,304578,5
138,304578,6
139,304578,7
140,304578,8
141,304578,9
142,304578,10
143,304578,11
144,304578,12
145,304578,13
147,304581,0
148,304581,1
149,304581,2
150,304581,3
152,304580,0
153,304580,1
154,304580,2
156,304575,0
157,304575,1
158,304575,2
159,304575,3
161,304574,0
162,304574,1
163,304574,2
164,304574,3
165,304574,4
166,304574,5
167,304574,6
169,304577,0
170,304577,1
172,304576,0
173,304576,1
175,304235,0
176,304235,1
177,304235,2
179,304236,0
181,304233,0
183,304234,0
184,304234,1
185,304234,2
186,304234,3
187,304234,4
188,304234,5
189,304234,6
190,304234,7
192,304231,0
194,304232,0
195,304232,1
197,304229,0
199,304230,0
201,304245,0
203,304246,0
205,304243,0
207,304244,0
209,304241,0
211,304242,0
213,304239,0
214,304239,1
215,304239,2
216,304239,3
217,304239,4
219,304240,0
220,304240,1
221,304240,2
222,304240,3
224,304220,0
225,304220,1
226,304220,2
228,304219,0
230,304218,0
231,304218,1
232,304218,2
234,304217,0
235,304217,1
236,304217,2
238,304216,0
239,304216,1
240,304216,2
242,304215,0
243,304215,1
245,304214,0
246,304214,1
248,304213,0
249,304213,1
251,304228,0
253,304227,0
254,304227,1
255,304227,2
256,304227,3
258,304226,0
260,304225,0
261,304225,1
262,304225,2
263,304225,3
265,304224,0
266,304224,1
267,304224,2
269,304223,0
270,304223,1
271,304223,2
273,304222,0
274,304222,1
276,304221,0
277,304221,1
278,304221,2
279,304221,3
281,335378,0
283,335379,0
284,335379,1
285,335379,2
286,335379,3
288,335381,0
289,335381,1
290,335381,2
291,335381,3
293,335383,0
294,335383,1
296,335384,0
297,335384,1
299,335388,0
300,335388,1
301,335388,2
302,335388,3
304,335390,0
305,335390,1
306,335390,2
307,335390,3
308,335390,4
310,335391,0
311,335391,1
313,335393,0
314,335393,1
315,335393,2
316,335393,3
318,335395,0
319,335395,1
320,335395,2
322,335405,0
323,335405,1
325,335409,0
326,335409,1
327,335409,2
328,335409,3
329,335409,4
331,335412,0
332,335412,1
333,335412,2
334,335412,3
335,335412,4
337,335413,0
338,335413,1
340,335414,0
341,335414,1
342,335414,2
343,335414,3
345,335415,0
346,335415,1
348,331986,0
349,331986,1
351,331984,0
352,331984,1
353,331984,2
355,331992,0
356,331992,1
358,331989,0
359,331989,1
360,331989,2
362,333609,0
363,333609,1
364,333609,2
365,333609,3
366,333609,4
367,333609,5
368,333609,6
369,333609,7
370,333609,8
371,333609,9
372,333609,10
373,333609,11
374,333609,12
375,333609,13
377,333608,0
378,333608,1
379,333608,2
380,333608,3
381,333608,4
382,333608,5
383,333608,6
385,333611,0
386,333611,1
388,333610,0
389,333610,1
391,333613,0
392,333613,1
393,333613,2
395,333612,0
396,333612,1
397,333612,2
398,333612,3
400,333615,0
401,333615,1
403,333614,0
404,333614,1
405,333614,2
406,333614,3
408,335372,0
409,335372,1
410,335372,2
412,333616,0
413,333616,1
414,333616,2
415,333616,3
416,333616,4
417,333616,5
418,333616,6
420,335376,0
421,335376,1
422,335376,2
423,335376,3
424,335376,4
425,335376,5
427,335375,0
428,335375,1
429,335375,2
430,335375,3
432,310065,0
433,310065,1
435,310066,0
436,310066,1
437,310066,2
439,310063,0
440,310063,1
442,310064,0
443,310064,1
444,310064,2
446,310075,0
447,310075,1
449,310710,0
450,310710,1
451,310710,2
452,310710,3
454,310067,0
455,310067,1
456,310067,2
458,310071,0
459,310071,1
461,320249,0
462,320249,1
464,320252,0
465,320252,1
466,320252,2
468,310712,0
469,310712,1
471,310715,0
473,328959,0
474,328959,1
476,328996,0
477,328996,1
478,328996,2
479,328996,3
481,320255,0
482,320255,1
484,328943,0
486,306141,0
488,306137,0
489,306137,1
490,306137,2
491,306137,3
492,306137,4
493,306137,5
494,306137,6
495,306137,7
496,306137,8
497,306137,9
498,306137,10
499,306137,11
500,306137,12
501,306137,13
502,306137,14
503,306137,15
505,306133,0
506,306133,1
507,306133,2
508,306133,3
510,306129,0
511,306129,1
513,309870,0
514,309870,1
515,309870,2
516,309870,3
517,309870,4
518,309870,5
519,309870,6
520,309870,7
521,309870,8
523,309852,0
525,309849,0
526,309849,1
528,306144,0
529,306144,1
531,309895,0
532,309895,1
533,309895,2
534,309895,3
536,309886,0
537,309886,1
539,309883,0
541,309878,0
542,309878,1
544,310062,0
545,310062,1
547,310061,0
549,310060,0
550,310060,1
551,310060,2
552,310060,3
554,309897,0
555,309897,1
556,309897,2
558,277955,0
560,277954,0
562,278247,0
563,278247,1
564,278247,2
566,278246,0
567,278246,1
568,278246,2
569,278246,3
570,278246,4
572,277632,0
573,277632,1
574,277632,2
576,277629,0
577,277629,1
578,277629,2
579,277629,3
581,277641,0
582,277641,1
583,277641,2
584,277641,3
586,277639,0
587,277639,1
589,276392,0
590,276392,1
591,276392,2
593,276391,0
594,276391,1
595,276391,2
596,276391,3
598,277628,0
599,277628,1
600,277628,2
602,277627,0
604,276388,0
605,276388,1
606,276388,2
607,276388,3
608,276388,4
610,276387,0
611,276387,1
612,276387,2
613,276387,3
614,276387,4
615,276387,5
617,276390,0
618,276390,1
619,276390,2
621,276389,0
623,276383,0
624,276383,1
625,276383,2
626,276383,3
627,276383,4
628,276383,5
629,276383,6
630,276383,7
632,276384,0
633,276384,1
634,276384,2
636,276385,0
637,276385,1
638,276385,2
640,276386,0
641,276386,1
642,276386,2
643,276386,3
644,276386,4
646,276379,0
647,276379,1
648,276379,2
650,276380,0
652,276381,0
653,276381,1
654,276381,2
655,276381,3
656,276381,4
657,276381,5
658,276381,6
659,276381,7
660,276381,8
662,276382,0
663,276382,1
664,276382,2
665,276382,3
666,276382,4
667,276382,5
668,276382,6
670,276375,0
671,276375,1
672,276375,2
673,276375,3
674,276375,4
676,276376,0
677,276376,1
678,276376,2
679,276376,3
680,276376,4
681,276376,5
682,276376,6
683,276376,7
684,276376,8
686,276377,0
687,276377,1
688,276377,2
689,276377,3
690,276377,4
691,276377,5
692,276377,6
693,276377,7
695,276378,0
696,276378,1
698,276371,0
700,276372,0
702,276373,0
704,276374,0
705,276374,1
707,276370,0
709,276369,0
710,276369,1
712,276368,0
714,276367,0
716,276366,0
717,276366,1
718,276366,2
719,276366,3
721,276365,0
722,276365,1
723,276365,2
725,276364,0
726,276364,1
727,276364,2
729,276362,0
731,276361,0
732,276361,1
734,276360,0
735,276360,1
737,276359,0
739,276358,0
741,276357,0
743,276356,0
744,276356,1
746,276355,0
747,276355,1
748,276355,2
750,276354,0
751,276354,1
753,276352,0
754,276352,1
755,276352,2
756,276352,3
757,276352,4
758,276352,5
760,276353,0
761,276353,1
763,276350,0
764,276350,1
766,276351,0
767,276351,1
768,276351,2
770,276348,0
772,276349,0
774,276346,0
775,276346,1
777,276347,0
778,276347,1
779,276347,2
780,276347,3
782,276344,0
783,276344,1
784,276344,2
786,276345,0
787,276345,1
789,276342,0
790,276342,1
791,276342,2
793,276343,0
794,276343,1
795,276343,2
797,276340,0
798,276340,1
799,276340,2
800,276340,3
802,276341,0
803,276341,1
804,276341,2
805,276341,3
806,276341,4
808,276338,0
809,276338,1
811,276339,0
812,276339,1
813,276339,2
814,276339,3
816,304206,0
817,304206,1
818,304206,2
820,304204,0
821,304204,1
822,304204,2
824,304208,0
825,304208,1
827,304207,0
828,304207,1
829,304207,2
830,304207,3
832,304210,0
833,304210,1
834,304210,2
835,304210,3
837,304209,0
838,304209,1
839,304209,2
840,304209,3
841,304209,4
843,304212,0
844,304212,1
846,304211,0
847,304211,1
849,304197,0
850,304197,1
851,304197,2
852,304197,3
854,304196,0
855,304196,1
856,304196,2
857,304196,3
859,304199,0
860,304199,1
862,304198,0
863,304198,1
865,304201,0
866,304201,1
868,304200,0
869,304200,1
870,304200,2
872,304203,0
873,304203,1
874,304203,2
876,304202,0
878,304188,0
879,304188,1
880,304188,2
881,304188,3
882,304188,4
884,304189,0
885,304189,1
887,304190,0
888,304190,1
889,304190,2
890,304190,3
892,304191,0
893,304191,1
894,304191,2
895,304191,3
896,304191,4
898,304192,0
900,304193,0
901,304193,1
902,304193,2
904,304194,0
905,304194,1
906,304194,2
907,304194,3
908,304194,4
910,304195,0
912,293150,0
913,293150,1
914,293150,2
915,293150,3
917,293151,0
918,293151,1
919,293151,2
920,293151,3
922,293152,0
923,293152,1
924,293152,2
926,304183,0
927,304183,1
929,304184,0
930,304184,1
931,304184,2
933,304185,0
934,304185,1
936,304186,0
937,304186,1
938,304186,2
940,304187,0
941,304187,1
942,304187,2
943,304187,3
945,290602,0
946,290602,1
947,290602,2
949,290601,0
950,290601,1
952,290599,0
954,290598,0
956,290608,0
957,290608,1
958,290608,2
959,290608,3
960,290608,4
962,290607,0
963,290607,1
964,290607,2
965,290607,3
966,290607,4
968,290605,0
969,290605,1
970,290605,2
972,290604,0
973,290604,1
975,288088,0
977,288087,0
978,288087,1
980,280363,0
981,280363,1
982,280363,2
983,280363,3
984,280363,4
985,280363,5
986,280363,6
987,280363,7
988,280363,8
990,280362,0
991,280362,1
992,280362,2
993,280362,3
995,290597,0
996,290597,1
998,290596,0
999,290596,1
1001,290595,0
1002,290595,1
1003,290595,2
1005,288089,0
1006,288089,1
1008,280356,0
1009,280356,1
1010,280356,2
1011,280356,3
1012,280356,4
1013,280356,5
1015,280357,0
1016,280357,1
1017,280357,2
1018,280357,3
1019,280357,4
1020,280357,5
1021,280357,6
1022,280357,7
1024,280354,0
1025,280354,1
1026,280354,2
1028,280355,0
1029,280355,1
1030,280355,2
1031,280355,3
1032,280355,4
1033,280355,5
1034,280355,6
1035,280355,7
1036,280355,8
1037,280355,9
1038,280355,10
1039,280355,11
1041,280360,0
1042,280360,1
1043,280360,2
1045,280361,0
1046,280361,1
1047,280361,2
1048,280361,3
1049,280361,4
1050,280361,5
1052,280358,0
1053,280358,1
1054,280358,2
1055,280358,3
1056,280358,4
1057,280358,5
1058,280358,6
1059,280358,7
1060,280358,8
1061,280358,9
1062,280358,10
1064,280359,0
1065,280359,1
1066,280359,2
1067,280359,3
1069,280348,0
1071,280349,0
1073,278249,0
1074,278249,1
1075,278249,2
1077,280347,0
1078,280347,1
1080,280352,0
1081,280352,1
1082,280352,2
1083,280352,3
1085,280353,0
1086,280353,1
1088,280350,0
1090,280351,0
1092,375730,0
1093,375730,1
1094,375730,2
1095,375730,3
1097,375729,0
1098,375729,1
1099,375729,2
1100,375729,3
1102,375728,0
1103,375728,1
1105,375727,0
1106,375727,1
1107,375727,2
1109,375724,0
1110,375724,1
1111,375724,2
1113,375723,0
1114,375723,1
1115,375723,2
1116,375723,3
1118,375722,0
1119,375722,1
1120,375722,2
1121,375722,3
1122,375722,4
1124,375720,0
1125,375720,1
1126,375720,2
1127,375720,3
1129,375744,0
1130,375744,1
1131,375744,2
1133,375743,0
1134,375743,1
1135,375743,2
1137,375742,0
1139,375739,0
1140,375739,1
1142,375737,0
1143,375737,1
1145,375736,0
1146,375736,1
1147,375736,2
1148,375736,3
1149,375736,4
1151,375733,0
1152,375733,1
1153,375733,2
1154,375733,3
1155,375733,4
1157,375731,0
1158,375731,1
1159,375731,2
1161,375755,0
1162,375755,1
1163,375755,2
1164,375755,3
1165,375755,4
1167,375757,0
1169,375752,0
1170,375752,1
1171,375752,2
1172,375752,3
1173,375752,4
1175,375754,0
1176,375754,1
1177,375754,2
1178,375754,3
1180,375749,0
1181,375749,1
1182,375749,2
1184,375751,0
1185,375751,1
1186,375751,2
1187,375751,3
1189,375745,0
1191,375748,0
1192,375748,1
1194,375769,0
1195,375769,1
1196,375769,2
1198,375771,0
1199,375771,1
1201,375765,0
1202,375765,1
1203,375765,2
1204,375765,3
1205,375765,4
1206,375765,5
1207,375765,6
1209,375767,0
1210,375767,1
1211,375767,2
1213,375762,0
1214,375762,1
1215,375762,2
1216,375762,3
1217,375762,4
1218,375762,5
1220,375764,0
1221,375764,1
1222,375764,2
1224,375759,0
1225,375759,1
1226,375759,2
1227,375759,3
1229,375761,0
1230,375761,1
1231,375761,2
1233,375673,0
1234,375673,1
1235,375673,2
1237,375672,0
1238,375672,1
1239,375672,2
1240,375672,3
1242,375677,0
1243,375677,1
1244,375677,2
1245,375677,3
1246,375677,4
1247,375677,5
1249,375674,0
1250,375674,1
1251,375674,2
1253,375669,0
1254,375669,1
1255,375669,2
1257,375668,0
1258,375668,1
1260,375671,0
1261,375671,1
1262,375671,2
1264,375670,0
1265,375670,1
1267,375684,0
1268,375684,1
1269,375684,2
1270,375684,3
1272,375682,0
1273,375682,1
1274,375682,2
1276,375686,0
1277,375686,1
1278,375686,2
1280,375685,0
1281,375685,1
1282,375685,2
1284,375679,0
1285,375679,1
1286,375679,2
1288,375678,0
1289,375678,1
1290,375678,2
1292,375681,0
1293,375681,1
1294,375681,2
1296,375680,0
1297,375680,1
1298,375680,2
1299,375680,3
1301,375692,0
1302,375692,1
1303,375692,2
1305,375693,0
1306,375693,1
1307,375693,2
1309,375694,0
1310,375694,1
1311,375694,2
1313,375703,0
1314,375703,1
1315,375703,2
1316,375703,3
1318,375687,0
1319,375687,1
1320,375687,2
1321,375687,3
1323,375688,0
1324,375688,1
1325,375688,2
1327,375689,0
1328,375689,1
1329,375689,2
1331,375690,0
1332,375690,1
1333,375690,2
1335,375712,0
1336,375712,1
1338,375714,0
1339,375714,1
1340,375714,2
1341,375714,3
1343,375716,0
1344,375716,1
1346,375718,0
1347,375718,1
1349,375705,0
1350,375705,1
1351,375705,2
1353,375706,0
1354,375706,1
1356,375709,0
1357,375709,1
1358,375709,2
1359,375709,3
1361,375710,0
1362,375710,1
1363,375710,2
1365,381897,0
1366,381897,1
1367,381897,2
1368,381897,3
1370,381895,0
1372,381893,0
1373,381893,1
1375,381892,0
1376,381892,1
1377,381892,2
1379,383735,0
1380,383735,1
1381,383735,2
1382,383735,3
1384,381901,0
1386,381900,0
1388,381899,0
1390,383893,0
1391,383893,1
1392,383893,2
1393,383893,3
1395,383892,0
1396,383892,1
1397,383892,2
1399,383737,0
1400,383737,1
1401,383737,2
1403,383736,0
1404,383736,1
1405,383736,2
1407,502032,0
1408,502032,1
1410,502031,0
1411,502031,1
1412,502031,2
1413,502031,3
1415,390004,0
1417,383894,0
1418,383894,1
1419,383894,2
1420,383894,3
1422,503101,0
1423,503101,1
1425,503102,0
1426,503102,1
1427,503102,2
1429,502033,0
1431,503100,0
1432,503100,1
1434,507235,0
1436,507236,0
1437,507236,1
1438,507236,2
1439,507236,3
1441,505049,0
1443,505055,0
1445,507340,0
1447,507341,0
1448,507341,1
1449,507341,2
1450,507341,3
1452,507237,0
1453,507237,1
1454,507237,2
1456,507339,0
1458,507344,0
1459,507344,1
1461,507345,0
1462,507345,1
1463,507345,2
1465,507342,0
1467,507343,0
1468,507343,1
1469,507343,2
1471,375774,0
1472,375774,1
1473,375774,2
1474,375774,3
1475,375774,4
1477,375773,0
1478,375773,1
1480,375777,0
1481,375777,1
1482,375777,2
1483,375777,3
1485,375776,0
1486,375776,1
1487,375776,2
1489,375780,0
1490,375780,1
1491,375780,2
1492,375780,3
1493,375780,4
1495,375779,0
1496,375779,1
1497,375779,2
1498,375779,3
1499,375779,4
1501,375786,0
1502,375786,1
1503,375786,2
1504,375786,3
1505,375786,4
1506,375786,5
1508,375783,0
1509,375783,1
1511,375792,0
1512,375792,1
1513,375792,2
1514,375792,3
1515,375792,4
1516,375792,5
1518,375789,0
1519,375789,1
1520,375789,2
1521,375789,3
1522,375789,4
1524,375798,0
1525,375798,1
1526,375798,2
1527,375798,3
1528,375798,4
1529,375798,5
1531,375796,0
1532,375796,1
1533,375796,2
1534,375796,3
1536,375808,0
1537,375808,1
1539,375800,0
1540,375800,1
1542,375812,0
1543,375812,1
1545,375810,0
1547,375814,0
1549,377665,0
1550,377665,1
1551,377665,2
1553,377676,0
1554,377676,1
1556,377677,0
1557,377677,1
1558,377677,2
1559,377677,3
1561,381860,0
1563,381868,0
1564,381868,1
1565,381868,2
1566,381868,3
1567,381868,4
1569,381870,0
1570,381870,1
1572,381873,0
1573,381873,1
1575,381876,0
1576,381876,1
1578,381878,0
1579,381878,1
1581,381879,0
1582,381879,1
1583,381879,2
1585,381881,0
1586,381881,1
1587,381881,2
1588,381881,3
1589,381881,4
1590,381881,5
1592,381882,0
1593,381882,1
1594,381882,2
1596,381886,0
1597,381886,1
1598,381886,2
1600,381889,0
1601,381889,1
1603,381890,0
1604,381890,1
1606,335494,0
1607,335494,1
1608,335494,2
1609,335494,3
1611,335495,0
1612,335495,1
1613,335495,2
1614,335495,3
1615,335495,4
1616,335495,5
1617,335495,6
1619,335484,0
1621,335492,0
1622,335492,1
1623,335492,2
1624,335492,3
1625,335492,4
1626,335492,5
1627,335492,6
1628,335492,7
1629,335492,8
1630,335492,9
1631,335492,10
1633,335480,0
1634,335480,1
1636,335482,0
1637,335482,1
1639,335477,0
1640,335477,1
1642,335479,0
1644,335474,0
1646,335476,0
1647,335476,1
1648,335476,2
1649,335476,3
1650,335476,4
1652,335471,0
1654,335473,0
1655,335473,1
1656,335473,2
1657,335473,3
1658,335473,4
1659,335473,5
1661,335468,0
1662,335468,1
1664,335469,0
1666,335465,0
1668,335466,0
1669,335466,1
1670,335466,2
1671,335466,3
1672,335466,4
1673,335466,5
1675,336589,0
1676,336589,1
1677,336589,2
1678,336589,3
1679,336589,4
1681,336587,0
1682,336587,1
1683,336587,2
1684,336587,3
1686,336583,0
1687,336583,1
1688,336583,2
1689,336583,3
1690,336583,4
1692,336579,0
1693,336579,1
1694,336579,2
1695,336579,3
1696,336579,4
1697,336579,5
1699,336578,0
1700,336578,1
1701,336578,2
1703,336577,0
1704,336577,1
1705,336577,2
1706,336577,3
1707,336577,4
1709,336575,0
1710,336575,1
1711,336575,2
1712,336575,3
1713,336575,4
1714,336575,5
1715,336575,6
1717,336573,0
1718,336573,1
1719,336573,2
1721,336572,0
1722,336572,1
1723,336572,2
1724,336572,3
1726,336570,0
1727,336570,1
1728,336570,2
1729,336570,3
1730,336570,4
1731,336570,5
1732,336570,6
1733,336570,7
1735,336568,0
1736,336568,1
1737,336568,2
1738,336568,3
1740,336564,0
1741,336564,1
1743,336562,0
1744,336562,1
1745,336562,2
1747,336560,0
1748,336560,1
1749,336560,2
1750,336560,3
1752,335497,0
1753,335497,1
1754,335497,2
1755,335497,3
1756,335497,4
1758,335496,0
1759,335496,1
1760,335496,2
1761,335496,3
1762,335496,4
1764,335430,0
1765,335430,1
1767,335432,0
1768,335432,1
1769,335432,2
1770,335432,3
1772,335433,0
1773,335433,1
1774,335433,2
1775,335433,3
1776,335433,4
1777,335433,5
1779,335434,0
1780,335434,1
1781,335434,2
1783,335426,0
1784,335426,1
1785,335426,2
1786,335426,3
1788,335427,0
1789,335427,1
1790,335427,2
1791,335427,3
1793,335428,0
1794,335428,1
1795,335428,2
1797,335429,0
1798,335429,1
1799,335429,2
1801,335421,0
1802,335421,1
1803,335421,2
1804,335421,3
1806,335422,0
1807,335422,1
1809,335423,0
1810,335423,1
1812,335424,0
1813,335424,1
1814,335424,2
1816,335416,0
1817,335416,1
1818,335416,2
1819,335416,3
1820,335416,4
1822,335418,0
1823,335418,1
1825,335419,0
1826,335419,1
1827,335419,2
1828,335419,3
1830,335420,0
1831,335420,1
1833,335461,0
1834,335461,1
1836,335459,0
1838,335463,0
1839,335463,1
1840,335463,2
1841,335463,3
1843,335462,0
1844,335462,1
1846,335454,0
1847,335454,1
1848,335454,2
1849,335454,3
1851,335452,0
1852,335452,1
1853,335452,2
1854,335452,3
1855,335452,4
1857,335457,0
1859,335455,0
1861,335449,0
1862,335449,1
1864,335448,0
1865,335448,1
1866,335448,2
1867,335448,3
1869,335451,0
1870,335451,1
1872,335450,0
1873,335450,1
1874,335450,2
1876,335437,0
1877,335437,1
1878,335437,2
1880,335436,0
1881,335436,1
1883,335439,0
1884,335439,1
1885,335439,2
1886,335439,3
1887,335439,4
1888,335439,5
1890,335438,0
1891,335438,1
1893,369278,0
1894,369278,1
1895,369278,2
1896,369278,3
1897,369278,4
1899,369281,0
1900,369281,1
1902,369276,0
1903,369276,1
1904,369276,2
1906,369277,0
1907,369277,1
1908,369277,2
1909,369277,3
1910,369277,4
1911,369277,5
1912,369277,6
1914,369287,0
1916,369289,0
1917,369289,1
1918,369289,2
1920,369282,0
1921,369282,1
1922,369282,2
1923,369282,3
1925,369284,0
1927,362138,0
1928,362138,1
1929,362138,2
1931,362140,0
1932,362140,1
1934,362136,0
1936,362137,0
1937,362137,1
1938,362137,2
1939,362137,3
1941,363955,0
1942,363955,1
1944,363956,0
1946,362142,0
1948,363954,0
1949,363954,1
1951,373709,0
1952,373709,1
1953,373709,2
1954,373709,3
1955,373709,4
1956,373709,5
1958,373708,0
1959,373708,1
1960,373708,2
1962,373705,0
1963,373705,1
1964,373705,2
1966,373699,0
1968,375666,0
1969,375666,1
1970,375666,2
1972,375665,0
1973,375665,1
1974,375665,2
1976,375664,0
1977,375664,1
1978,375664,2
1979,375664,3
1981,373713,0
1982,373713,1
1983,373713,2
1984,373713,3
1985,373713,4
1986,373713,5
1987,373713,6
1989,373678,0
1990,373678,1
1992,373638,0
1994,373631,0
1995,373631,1
1996,373631,2
1998,369291,0
1999,369291,1
2001,373697,0
2002,373697,1
2003,373697,2
2004,373697,3
2006,373691,0
2007,373691,1
2008,373691,2
2010,373684,0
2011,373684,1
2012,373684,2
2014,373680,0
2015,373680,1
2016,373680,2
2018,344820,0
2020,344822,0
2021,344822,1
2023,344825,0
2024,344825,1
2025,344825,2
2026,344825,3
2028,344828,0
2029,344828,1
2030,344828,2
2031,344828,3
2033,344839,0
2034,344839,1
2036,344843,0
2037,344843,1
2038,344843,2
2040,344850,0
2042,344853,0
2044,336590,0
2045,336590,1
2046,336590,2
2047,336590,3
2048,336590,4
2049,336590,5
2051,344789,0
2052,344789,1
2053,344789,2
2054,344789,3
2055,344789,4
2056,344789,5
2057,344789,6
2058,344789,7
2059,344789,8
2060,344789,9
2061,344789,10
2062,344789,11
2064,344794,0
2065,344794,1
2067,344799,0
2068,344799,1
2070,344803,0
2072,344808,0
2073,344808,1
2075,344815,0
2076,344815,1
2078,344819,0
2079,344819,1
2081,357778,0
2082,357778,1
2084,357777,0
2085,357777,1
2086,357777,2
2088,362094,0
2089,362094,1
2091,362091,0
2092,362091,1
2094,362098,0
2095,362098,1
2097,362096,0
2098,362096,1
2100,362104,0
2101,362104,1
2103,362101,0
2104,362101,1
2106,344860,0
2107,344860,1
2109,344857,0
2110,344857,1
2112,344869,0
2113,344869,1
2115,344864,0
2116,344864,1
2118,352982,0
2119,352982,1
2121,352963,0
2122,352963,1
2123,352963,2
2124,352963,3
2125,352963,4
2126,352963,5
2127,352963,6
2129,357776,0
2131,352983,0
2133,601864,0
2135,601865,0
2137,601862,0
2138,601862,1
2139,601862,2
2141,601863,0
2142,601863,1
2143,601863,2
2145,601868,0
2147,601869,0
2149,601866,0
2151,601867,0
2153,601872,0
2155,601873,0
2156,601873,1
2157,601873,2
2159,601870,0
2161,601871,0
2163,601876,0
2165,601877,0
2166,601877,1
2167,601877,2
2168,601877,3
2169,601877,4
2171,601874,0
2173,601875,0
2174,601875,1
2175,601875,2
2177,568519,0
2178,568519,1
2179,568519,2
2181,565143,0
2183,565142,0
2185,565141,0
2186,565141,1
2188,581752,0
2189,581752,1
2190,581752,2
2192,569785,0
2194,569784,0
2196,568520,0
2197,568520,1
2198,568520,2
2199,568520,3
2201,582412,0
2202,582412,1
2204,582411,0
2205,582411,1
2207,581754,0
2208,581754,1
2209,581754,2
2211,581753,0
2212,581753,1
2213,581753,2
2215,601861,0
2216,601861,1
2218,601860,0
2220,601859,0
2222,582413,0
2223,582413,1
2224,582413,2
2225,582413,3
2226,582413,4
2228,603879,0
2229,603879,1
2230,603879,2
2231,603879,3
2232,603879,4
2233,603879,5
2234,603879,6
2235,603879,7
2236,603879,8
2237,603879,9
2238,603879,10
2239,603879,11
2240,603879,12
2241,603879,13
2243,603880,0
2245,603881,0
2247,603882,0
2249,603884,0
2250,603884,1
2252,603885,0
2254,603886,0
2255,603886,1
2257,604262,0
2259,604265,0
2261,604266,0
2263,604267,0
2264,604267,1
2265,604267,2
2266,604267,3
2267,604267,4
2269,604268,0
2270,604268,1
2271,604268,2
2272,604268,3
2274,604269,0
2275,604269,1
2276,604269,2
2278,604270,0
2279,604270,1
2281,604271,0
2282,604271,1
2283,604271,2
2285,604272,0
2286,604272,1
2287,604272,2
2288,604272,3
2290,601879,0
2291,601879,1
2293,601878,0
2295,601881,0
2296,601881,1
2297,601881,2
2298,601881,3
2299,601881,4
2300,601881,5
2302,601880,0
2304,602302,0
2306,601882,0
2307,601882,1
2308,601882,2
2309,601882,3
2310,601882,4
2311,601882,5
2313,603870,0
2315,603869,0
2317,603872,0
2318,603872,1
2319,603872,2
2320,603872,3
2321,603872,4
2322,603872,5
2323,603872,6
2325,603871,0
2326,603871,1
2327,603871,2
2328,603871,3
2329,603871,4
2330,603871,5
2331,603871,6
2333,603874,0
2335,603873,0
2336,603873,1
2337,603873,2
2339,603876,0
2340,603876,1
2341,603876,2
2343,603875,0
2344,603875,1
2345,603875,2
2347,603878,0
2349,603877,0
2351,615197,0
2352,615197,1
2353,615197,2
2354,615197,3
2355,615197,4
2356,615197,5
2357,615197,6
2359,615200,0
2360,615200,1
2362,615195,0
2363,615195,1
2364,615195,2
2365,615195,3
2367,615196,0
2368,615196,1
2369,615196,2
2370,615196,3
2372,615193,0
2373,615193,1
2375,615194,0
2376,615194,1
2377,615194,2
2379,615189,0
2381,615192,0
2383,615209,0
2384,615209,1
2386,615210,0
2387,615210,1
2388,615210,2
2390,615207,0
2392,615208,0
2393,615208,1
2394,615208,2
2396,615205,0
2398,615206,0
2400,615201,0
2401,615201,1
2403,615202,0
2405,604280,0
2406,604280,1
2408,604279,0
2410,604278,0
2412,604277,0
2414,604276,0
2416,604275,0
2418,604274,0
2420,604273,0
2422,615188,0
2423,615188,1
2424,615188,2
2426,615187,0
2427,615187,1
2428,615187,2
2430,615186,0
2431,615186,1
2432,615186,2
2434,604286,0
2435,604286,1
2436,604286,2
2437,604286,3
2439,604285,0
2441,604284,0
2443,604283,0
2445,604282,0
2446,604282,1
2447,604282,2
2448,604282,3
2450,637412,0
2451,637412,1
2453,637413,0
2454,637413,1
2455,637413,2
2457,637414,0
2458,637414,1
2459,637414,2
2461,637415,0
2462,637415,1
2463,637415,2
2465,615236,0
2466,615236,1
2468,615237,0
2469,615237,1
2470,615237,2
2471,615237,3
2472,615237,4
2474,615238,0
2475,615238,1
2477,615239,0
2478,615239,1
2480,637420,0
2481,637420,1
2482,637420,2
2484,637421,0
2485,637421,1
2486,637421,2
2487,637421,3
2488,637421,4
2489,637421,5
2490,637421,6
2491,637421,7
2493,637422,0
2494,637422,1
2496,637423,0
2498,637416,0
2499,637416,1
2501,637417,0
2502,637417,1
2504,637418,0
2505,637418,1
2507,637419,0
2508,637419,1
2509,637419,2
2511,615220,0
2512,615220,1
2514,615219,0
2515,615219,1
2516,615219,2
2518,615222,0
2519,615222,1
2520,615222,2
2521,615222,3
2523,615221,0
2524,615221,1
2526,615214,0
2527,615214,1
2528,615214,2
2530,615213,0
2531,615213,1
2532,615213,2
2533,615213,3
2535,615216,0
2536,615216,1
2537,615216,2
2539,615215,0
2540,615215,1
2541,615215,2
2542,615215,3
2544,615233,0
2545,615233,1
2546,615233,2
2548,615230,0
2549,615230,1
2551,615235,0
2553,615234,0
2554,615234,1
2556,615227,0
2557,615227,1
2558,615227,2
2560,615226,0
2561,615226,1
2563,615229,0
2564,615229,1
2566,615228,0
2567,615228,1
2568,615228,2
2569,615228,3
2570,615228,4
2571,615228,5
2573,564697,0
2574,564697,1
2576,564695,0
2577,564695,1
2578,564695,2
2579,564695,3
2580,564695,4
2582,564694,0
2583,564694,1
2584,564694,2
2586,564693,0
2587,564693,1
2588,564693,2
2589,564693,3
2591,564702,0
2592,564702,1
2593,564702,2
2594,564702,3
2595,564702,4
2597,564701,0
2598,564701,1
2600,564699,0
2601,564699,1
2602,564699,2
2603,564699,3
2605,564698,0
2606,564698,1
2607,564698,2
2608,564698,3
2610,507365,0
2612,507364,0
2614,507363,0
2616,507362,0
2618,507369,0
2620,507368,0
2622,507367,0
2623,507367,1
2624,507367,2
2626,507366,0
2627,507366,1
2629,507356,0
2631,507357,0
2633,507354,0
2634,507354,1
2635,507354,2
2637,507355,0
2638,507355,1
2640,507360,0
2642,507361,0
2644,507358,0
2646,507359,0
2648,507348,0
2649,507348,1
2650,507348,2
2652,507349,0
2653,507349,1
2655,507346,0
2657,507347,0
2658,507347,1
2659,507347,2
2661,507352,0
2663,507353,0
2665,507350,0
2666,507350,1
2667,507350,2
2668,507350,3
2670,507351,0
2672,564737,0
2673,564737,1
2674,564737,2
2675,564737,3
2677,564735,0
2678,564735,1
2679,564735,2
2681,564739,0
2682,564739,1
2683,564739,2
2684,564739,3
2686,564738,0
2687,564738,1
2688,564738,2
2689,564738,3
2691,564742,0
2692,564742,1
2694,564741,0
2695,564741,1
2696,564741,2
2697,564741,3
2699,564745,0
2700,564745,1
2701,564745,2
2702,564745,3
2704,564743,0
2706,564726,0
2708,564725,0
2709,564725,1
2710,564725,2
2711,564725,3
2712,564725,4
2714,564729,0
2715,564729,1
2716,564729,2
2717,564729,3
2719,564727,0
2720,564727,1
2721,564727,2
2723,564731,0
2724,564731,1
2726,564730,0
2727,564730,1
2729,564734,0
2730,564734,1
2732,564733,0
2733,564733,1
2735,564714,0
2736,564714,1
2737,564714,2
2739,564715,0
2740,564715,1
2741,564715,2
2742,564715,3
2743,564715,4
2744,564715,5
2746,564717,0
2747,564717,1
2748,564717,2
2749,564717,3
2751,564718,0
2752,564718,1
2753,564718,2
2755,564719,0
2756,564719,1
2757,564719,2
2758,564719,3
2760,564721,0
2761,564721,1
2762,564721,2
2763,564721,3
2765,564722,0
2766,564722,1
2768,564723,0
2769,564723,1
2771,564703,0
2772,564703,1
2773,564703,2
2774,564703,3
2775,564703,4
2776,564703,5
2778,564705,0
2780,564706,0
2781,564706,1
2782,564706,2
2784,564707,0
2785,564707,1
2786,564707,2
2787,564707,3
2789,564709,0
2790,564709,1
2792,564710,0
2793,564710,1
2794,564710,2
2795,564710,3
2797,564711,0
2798,564711,1
2799,564711,2
2801,564713,0
2802,564713,1
2803,564713,2
2804,564713,3
2805,564713,4
2807,564784,0
2808,564784,1
2809,564784,2
2811,564783,0
2812,564783,1
2814,564782,0
2815,564782,1
2816,564782,2
2818,564781,0
2819,564781,1
2820,564781,2
2821,564781,3
2822,564781,4
2824,564779,0
2825,564779,1
2826,564779,2
2827,564779,3
2829,564778,0
2830,564778,1
2831,564778,2
2833,564777,0
2834,564777,1
2835,564777,2
2836,564777,3
2837,564777,4
2839,564776,0
2840,564776,1
2842,564775,0
2843,564775,1
2844,564775,2
2846,564774,0
2847,564774,1
2848,564774,2
2849,564774,3
2850,564774,4
2851,564774,5
2853,564773,0
2854,564773,1
2855,564773,2
2856,564773,3
2858,564771,0
2859,564771,1
2860,564771,2
2862,564770,0
2863,564770,1
2865,564769,0
2866,564769,1
2867,564769,2
2868,564769,3
2870,564768,0
2871,564768,1
2873,564767,0
2874,564767,1
2875,564767,2
2876,564767,3
2877,564767,4
2879,564765,0
2880,564765,1
2881,564765,2
2882,564765,3
2883,564765,4
2884,564765,5
2885,564765,6
2886,564765,7
2888,564766,0
2889,564766,1
2891,564762,0
2892,564762,1
2893,564762,2
2894,564762,3
2895,564762,4
2896,564762,5
2898,564763,0
2899,564763,1
2900,564763,2
2901,564763,3
2902,564763,4
2903,564763,5
2904,564763,6
2906,564759,0
2907,564759,1
2908,564759,2
2909,564759,3
2911,564761,0
2913,564757,0
2914,564757,1
2915,564757,2
2916,564757,3
2918,564758,0
2919,564758,1
2920,564758,2
2921,564758,3
2922,564758,4
2923,564758,5
2924,564758,6
2925,564758,7
2927,564754,0
2929,564755,0
2930,564755,1
2931,564755,2
2933,564751,0
2934,564751,1
2935,564751,2
2936,564751,3
2938,564753,0
2939,564753,1
2941,564749,0
2942,564749,1
2943,564749,2
2944,564749,3
2945,564749,4
2946,564749,5
2948,564750,0
2949,564750,1
2950,564750,2
2951,564750,3
2952,564750,4
2953,564750,5
2954,564750,6
2955,564750,7
2957,564746,0
2958,564746,1
2960,564747,0
2961,564747,1
2962,564747,2
2964,565138,0
2966,565137,0
2967,565137,1
2968,565137,2
2969,565137,3
2971,565140,0
2973,565139,0
2974,565139,1
2976,565133,0
2978,565132,0
2980,565135,0
2982,565134,0
2983,565134,1
2984,565134,2
2985,565134,3
2986,565134,4
2987,565134,5
2988,565134,6
2989,565134,7
2990,565134,8
2992,565129,0
2994,565128,0
2996,565131,0
2998,565130,0
2999,565130,1
3001,565125,0
3003,565124,0
3004,565124,1
3005,565124,2
3007,565127,0
3009,565126,0
3011,565120,0
3012,565120,1
3013,565120,2
3015,565121,0
3016,565121,1
3018,565122,0
3020,565123,0
3022,564799,0
3023,564799,1
3025,564801,0
3027,565118,0
3029,565119,0
3030,565119,1
3031,565119,2
3033,564792,0
3035,564794,0
3036,564794,1
3037,564794,2
3039,564796,0
3041,564798,0
3042,564798,1
3044,564785,0
3045,564785,1
3046,564785,2
3047,564785,3
3048,564785,4
3049,564785,5
3051,564786,0
3052,564786,1
3053,564786,2
3054,564786,3
3056,564788,0
3057,564788,1
3059,564790,0
3061,671334,0
3062,671334,1
3064,671333,0
3065,671333,1
3066,671333,2
3068,671336,0
3070,671335,0
3071,671335,1
3072,671335,2
3073,671335,3
3074,671335,4
3075,671335,5
3076,671335,6
3077,671335,7
3078,671335,8
3079,671335,9
3081,671338,0
3082,671338,1
3083,671338,2
3084,671338,3
3085,671338,4
3087,671337,0
3088,671337,1
3090,671340,0
3091,671340,1
3092,671340,2
3093,671340,3
3094,671340,4
3096,671339,0
3097,671339,1
3098,671339,2
3099,671339,3
3101,671342,0
3102,671342,1
3103,671342,2
3105,671341,0
3106,671341,1
3107,671341,2
3109,671344,0
3111,671343,0
3113,671346,0
3114,671346,1
3115,671346,2
3116,671346,3
3118,671345,0
3119,671345,1
3120,671345,2
3122,671349,0
3123,671349,1
3125,671347,0
3126,671347,1
3127,671347,2
3129,671350,0
3130,671350,1
3132,671351,0
3134,671352,0
3135,671352,1
3136,671352,2
3138,671353,0
3140,671354,0
3141,671354,1
3143,671355,0
3144,671355,1
3145,671355,2
3147,671356,0
3148,671356,1
3149,671356,2
3151,671357,0
3152,671357,1
3153,671357,2
3154,671357,3
3155,671357,4
3156,671357,5
3157,671357,6
3159,671358,0
3161,671359,0
3162,671359,1
3164,671360,0
3165,671360,1
3166,671360,2
3168,671361,0
3169,671361,1
3171,671362,0
3172,671362,1
3174,671363,0
3175,671363,1
3176,671363,2
3178,671364,0
3179,671364,1
3180,671364,2
3182,671365,0
3183,671365,1
3185,671494,0
3186,671494,1
3187,671494,2
3189,671493,0
3190,671493,1
3191,671493,2
3192,671493,3
3194,671492,0
3195,671492,1
3197,671491,0
3198,671491,1
3199,671491,2
3201,671498,0
3202,671498,1
3203,671498,2
3205,671497,0
3206,671497,1
3207,671497,2
3208,671497,3
3209,671497,4
3210,671497,5
3211,671497,6
3212,671497,7
3213,671497,8
3214,671497,9
3215,671497,10
3216,671497,11
3217,671497,12
3218,671497,13
3220,671496,0
3221,671496,1
3222,671496,2
3223,671496,3
3224,671496,4
3225,671496,5
3226,671496,6
3227,671496,7
3229,671495,0
3230,671495,1
3232,671502,0
3234,671501,0
3235,671501,1
3236,671501,2
3237,671501,3
3239,671500,0
3241,671499,0
3242,671499,1
3243,671499,2
3244,671499,3
3245,671499,4
3246,671499,5
3248,671506,0
3249,671506,1
3250,671506,2
3252,671505,0
3253,671505,1
3255,671504,0
3256,671504,1
3258,671503,0
3259,671503,1
3261,671509,0
3262,671509,1
3263,671509,2
3265,671510,0
3266,671510,1
3268,671507,0
3269,671507,1
3270,671507,2
3271,671507,3
3273,671508,0
3275,671513,0
3276,671513,1
3277,671513,2
3278,671513,3
3279,671513,4
3281,671514,0
3282,671514,1
3283,671514,2
3285,671511,0
3286,671511,1
3287,671511,2
3289,671512,0
3290,671512,1
3291,671512,2
3292,671512,3
3294,671517,0
3295,671517,1
3296,671517,2
3298,671518,0
3299,671518,1
3300,671518,2
3301,671518,3
3302,671518,4
3303,671518,5
3305,671515,0
3306,671515,1
3308,671516,0
3309,671516,1
3310,671516,2
3312,671521,0
3313,671521,1
3314,671521,2
3316,671522,0
3317,671522,1
3318,671522,2
3319,671522,3
3320,671522,4
3321,671522,5
3322,671522,6
3323,671522,7
3325,671519,0
3326,671519,1
3327,671519,2
3329,671520,0
3330,671520,1
3331,671520,2
3332,671520,3
3333,671520,4
3334,671520,5
3335,671520,6
3336,671520,7
3337,671520,8
3339,671528,0
3341,671527,0
3342,671527,1
3344,671530,0
3345,671530,1
3346,671530,2
3347,671530,3
3349,671529,0
3350,671529,1
3352,671524,0
3353,671524,1
3354,671524,2
3356,671523,0
3357,671523,1
3358,671523,2
3360,671526,0
3362,671525,0
3363,671525,1
3364,671525,2
3365,671525,3
3367,671666,0
3368,671666,1
3369,671666,2
3371,671665,0
3372,671665,1
3374,671668,0
3375,671668,1
3377,671667,0
3378,671667,1
3379,671667,2
3381,671662,0
3382,671662,1
3383,671662,2
3384,671662,3
3386,671661,0
3387,671661,1
3388,671661,2
3390,671664,0
3391,671664,1
3392,671664,2
3393,671664,3
3394,671664,4
3395,671664,5
3397,671663,0
3398,671663,1
3399,671663,2
3401,671673,0
3402,671673,1
3404,671675,0
3405,671675,1
3406,671675,2
3408,671676,0
3409,671676,1
3410,671676,2
3411,671676,3
3413,671677,0
3414,671677,1
3415,671677,2
3417,671669,0
3419,671670,0
3421,671671,0
3422,671671,1
3423,671671,2
3425,671672,0
3426,671672,1
3427,671672,2
3429,671682,0
3430,671682,1
3431,671682,2
3432,671682,3
3434,671683,0
3436,671684,0
3437,671684,1
3438,671684,2
3439,671684,3
3440,671684,4
3442,671685,0
3444,671678,0
3445,671678,1
3446,671678,2
3447,671678,3
3449,671679,0
3450,671679,1
3452,671680,0
3454,671681,0
3455,671681,1
3456,671681,2
3457,671681,3
3458,671681,4
3459,671681,5
3460,671681,6
3461,671681,7
3462,671681,8
3464,671694,0
3465,671694,1
3467,671693,0
3468,671693,1
3469,671693,2
3471,671692,0
3472,671692,1
3474,671690,0
3475,671690,1
3476,671690,2
3477,671690,3
3478,671690,4
3479,671690,5
3481,671689,0
3482,671689,1
3484,671688,0
3485,671688,1
3486,671688,2
3488,671687,0
3489,671687,1
3491,671686,0
3492,671686,1
3494,671702,0
3495,671702,1
3496,671702,2
3497,671702,3
3498,671702,4
3500,671701,0
3501,671701,1
3502,671701,2
3504,671700,0
3506,671699,0
3507,671699,1
3508,671699,2
3510,671698,0
3512,671697,0
3513,671697,1
3514,671697,2
3516,671696,0
3517,671696,1
3519,671695,0
3520,671695,1
3521,671695,2
3522,671695,3
3523,671695,4
3524,671695,5
3525,671695,6
3527,671842,0
3528,671842,1
3529,671842,2
3531,671843,0
3532,671843,1
3533,671843,2
3535,671840,0
3537,671841,0
3538,671841,1
3540,671839,0
3541,671839,1
3542,671839,2
3543,671839,3
3545,671836,0
3546,671836,1
3547,671836,2
3548,671836,3
3550,671837,0
3551,671837,1
3553,671850,0
3554,671850,1
3556,671851,0
3557,671851,1
3558,671851,2
3559,671851,3
3561,671848,0
3563,671849,0
3564,671849,1
3566,671846,0
3567,671846,1
3568,671846,2
3569,671846,3
3570,671846,4
3572,671847,0
3573,671847,1
3574,671847,2
3575,671847,3
3577,671844,0
3578,671844,1
3579,671844,2
3581,671845,0
3582,671845,1
3583,671845,2
3584,671845,3
3586,637432,0
3588,637433,0
3589,637433,1
3591,637434,0
3593,637435,0
3594,637435,1
3596,640991,0
3597,640991,1
3599,640992,0
3600,640992,1
3601,640992,2
3603,640993,0
3605,640994,0
3606,640994,1
3607,640994,2
3608,640994,3
3610,637424,0
3612,637425,0
3614,637426,0
3615,637426,1
3617,637427,0
3619,637428,0
3621,637429,0
3623,637430,0
3624,637430,1
3626,637431,0
3627,637431,1
3628,637431,2
3629,637431,3
3630,637431,4
3631,637431,5
3633,641004,0
3635,641003,0
3636,641003,1
3638,641006,0
3639,641006,1
3640,641006,2
3641,641006,3
3642,641006,4
3644,641005,0
3646,641270,0
3647,641270,1
3648,641270,2
3649,641270,3
3650,641270,4
3651,641270,5
3653,641269,0
3654,641269,1
3655,641269,2
3657,641272,0
3658,641272,1
3659,641272,2
3661,641271,0
3662,641271,1
3663,641271,2
3665,640996,0
3667,640995,0
3668,640995,1
3669,640995,2
3671,640998,0
3673,640997,0
3674,640997,1
3675,640997,2
3676,640997,3
3678,641000,0
3680,640999,0
3682,641002,0
3684,641001,0
3686,670999,0
3687,670999,1
3688,670999,2
3689,670999,3
3690,670999,4
3692,671000,0
3693,671000,1
3694,671000,2
3695,671000,3
3697,670997,0
3698,670997,1
3699,670997,2
3700,670997,3
3701,670997,4
3703,670998,0
3704,670998,1
3706,671003,0
3707,671003,1
3709,671004,0
3710,671004,1
3712,671001,0
3713,671001,1
3714,671001,2
3716,671002,0
3717,671002,1
3719,670991,0
3720,670991,1
3721,670991,2
3723,670992,0
3724,670992,1
3726,641273,0
3727,641273,1
3728,641273,2
3729,641273,3
3730,641273,4
3732,641274,0
3733,641274,1
3734,641274,2
3736,670995,0
3737,670995,1
3738,670995,2
3739,670995,3
3741,670996,0
3742,670996,1
3743,670996,2
3745,670993,0
3746,670993,1
3748,670994,0
3749,670994,1
3751,671016,0
3752,671016,1
3753,671016,2
3755,671015,0
3756,671015,1
3757,671015,2
3758,671015,3
3760,671014,0
3761,671014,1
3762,671014,2
3764,671013,0
3765,671013,1
3766,671013,2
3767,671013,3
3768,671013,4
3770,671020,0
3771,671020,1
3772,671020,2
3773,671020,3
3775,671019,0
3776,671019,1
3777,671019,2
3779,671018,0
3780,671018,1
3782,671017,0
3783,671017,1
3784,671017,2
3785,671017,3
3786,671017,4
3787,671017,5
3789,671008,0
3790,671008,1
3792,671007,0
3793,671007,1
3794,671007,2
3796,671006,0
3797,671006,1
3799,671005,0
3800,671005,1
3801,671005,2
3803,671012,0
3804,671012,1
3806,671011,0
3807,671011,1
3808,671011,2
3809,671011,3
3810,671011,4
3811,671011,5
3813,671010,0
3814,671010,1
3815,671010,2
3817,671009,0
3818,671009,1
3819,671009,2
3821,671160,0
3822,671160,1
3823,671160,2
3825,671161,0
3826,671161,1
3828,671163,0
3829,671163,1
3830,671163,2
3832,671164,0
3833,671164,1
3834,671164,2
3836,671029,0
3837,671029,1
3838,671029,2
3840,671030,0
3841,671030,1
3843,671031,0
3844,671031,1
3846,671033,0
3847,671033,1
3849,671025,0
3850,671025,1
3851,671025,2
3852,671025,3
3854,671026,0
3855,671026,1
3856,671026,2
3857,671026,3
3859,671027,0
3860,671027,1
3861,671027,2
3862,671027,3
3864,671028,0
3865,671028,1
3867,671021,0
3868,671021,1
3870,671022,0
3871,671022,1
3873,671023,0
3874,671023,1
3875,671023,2
3876,671023,3
3878,671024,0
3879,671024,1
3880,671024,2
3882,671179,0
3883,671179,1
3884,671179,2
3886,671178,0
3888,671181,0
3890,671180,0
3891,671180,1
3893,671175,0
3894,671175,1
3895,671175,2
3896,671175,3
3897,671175,4
3898,671175,5
3899,671175,6
3900,671175,7
3901,671175,8
3902,671175,9
3903,671175,10
3904,671175,11
3905,671175,12
3906,671175,13
3908,671173,0
3910,671177,0
3911,671177,1
3913,671176,0
3915,671170,0
3916,671170,1
3917,671170,2
3919,671169,0
3921,671172,0
3922,671172,1
3923,671172,2
3924,671172,3
3925,671172,4
3927,671171,0
3928,671171,1
3929,671171,2
3931,671166,0
3932,671166,1
3934,671165,0
3935,671165,1
3936,671165,2
3937,671165,3
3938,671165,4
3940,671168,0
3941,671168,1
3942,671168,2
3944,671167,0
3945,671167,1
3946,671167,2
3947,671167,3
3949,671196,0
3950,671196,1
3952,671197,0
3953,671197,1
3954,671197,2
3956,671194,0
3957,671194,1
3959,671195,0
3960,671195,1
3962,671192,0
3963,671192,1
3964,671192,2
3966,671193,0
3967,671193,1
3968,671193,2
3970,671190,0
3971,671190,1
3973,671191,0
3974,671191,1
3975,671191,2
3976,671191,3
3977,671191,4
3978,671191,5
3980,671188,0
3981,671188,1
3982,671188,2
3984,671189,0
3985,671189,1
3986,671189,2
3988,671186,0
3989,671186,1
3990,671186,2
3991,671186,3
3992,671186,4
3994,671187,0
3995,671187,1
3996,671187,2
3997,671187,3
3998,671187,4
4000,671184,0
4001,671184,1
4002,671184,2
4003,671184,3
4005,671185,0
4006,671185,1
4007,671185,2
4008,671185,3
4009,671185,4
4010,671185,5
4012,671182,0
4013,671182,1
4015,671183,0
4016,671183,1
4018,671332,0
4019,671332,1
4021,671331,0
4022,671331,1
4023,671331,2
4025,671330,0
4026,671330,1
4027,671330,2
4029,671329,0
4031,671328,0
4032,671328,1
4033,671328,2
4035,671327,0
4036,671327,1
4038,671326,0
4039,671326,1
4041,671325,0
4042,671325,1
4043,671325,2
4044,671325,3
4046,671324,0
4047,671324,1
4048,671324,2
4050,671204,0
4051,671204,1
4052,671204,2
4054,671203,0
4056,671202,0
4057,671202,1
4058,671202,2
4060,671201,0
4061,671201,1
4062,671201,2
4063,671201,3
4064,671201,4
4066,671200,0
4067,671200,1
4069,671199,0
4071,671198,0
4072,671198,1
4073,671198,2
4074,671198,3
4076,673637,0
4078,673638,0
4079,673638,1
4081,673639,0
4082,673639,1
4084,673640,0
4085,673640,1
4087,673641,0
4088,673641,1
4089,673641,2
4091,673642,0
4092,673642,1
4094,673643,0
4095,673643,1
4097,673644,0
4099,673645,0
4100,673645,1
4101,673645,2
4102,673645,3
4103,673645,4
4105,673646,0
4106,673646,1
4108,673648,0
4110,673649,0
4111,673649,1
4112,673649,2
4113,673649,3
4115,673650,0
4116,673650,1
4117,673650,2
4119,673651,0
4120,673651,1
4121,673651,2
4123,673652,0
4124,673652,1
4125,673652,2
4126,673652,3
4128,673653,0
4129,673653,1
4130,673653,2
4132,673498,0
4133,673498,1
4134,673498,2
4136,673497,0
4137,673497,1
4138,673497,2
4139,673497,3
4140,673497,4
4141,673497,5
4142,673497,6
4144,673500,0
4145,673500,1
4146,673500,2
4148,673499,0
4150,673502,0
4151,673502,1
4152,673502,2
4154,673501,0
4155,673501,1
4156,673501,2
4158,673628,0
4159,673628,1
4161,673627,0
4162,673627,1
4163,673627,2
4164,673627,3
4166,673630,0
4168,673629,0
4170,673632,0
4171,673632,1
4173,673631,0
4175,673634,0
4176,673634,1
4177,673634,2
4179,673633,0
4180,673633,1
4181,673633,2
4182,673633,3
4184,673636,0
4185,673636,1
4186,673636,2
4187,673636,3
4189,673635,0
4190,673635,1
4192,756661,0
4193,756661,1
4194,756661,2
4195,756661,3
4196,756661,4
4197,756661,5
4199,757416,0
4200,757416,1
4202,756643,0
4203,756643,1
4204,756643,2
4206,756647,0
4207,756647,1
4208,756647,2
4210,758364,0
4211,758364,1
4212,758364,2
4214,758365,0
4216,757417,0
4218,758363,0
4219,758363,1
4220,758363,2
4222,758368,0
4223,758368,1
4224,758368,2
4226,758369,0
4227,758369,1
4228,758369,2
4230,758366,0
4232,758367,0
4233,758367,1
4234,758367,2
4236,758373,0
4237,758373,1
4238,758373,2
4240,758374,0
4241,758374,1
4242,758374,2
4244,758370,0
4245,758370,1
4247,758371,0
4248,758371,1
4249,758371,2
4250,758371,3
4251,758371,4
4253,673657,0
4254,673657,1
4255,673657,2
4257,673656,0
4258,673656,1
4260,673655,0
4261,673655,1
4263,673654,0
4264,673654,1
4265,673654,2
4267,673661,0
4268,673661,1
4269,673661,2
4271,673660,0
4272,673660,1
4273,673660,2
4275,673659,0
4276,673659,1
4277,673659,2
4278,673659,3
4280,673658,0
4281,673658,1
4282,673658,2
4284,673665,0
4285,673665,1
4286,673665,2
4287,673665,3
4288,673665,4
4289,673665,5
4290,673665,6
4292,673664,0
4293,673664,1
4295,673663,0
4296,673663,1
4298,673662,0
4299,673662,1
4301,673669,0
4302,673669,1
4303,673669,2
4305,673668,0
4306,673668,1
4307,673668,2
4308,673668,3
4310,673667,0
4311,673667,1
4313,673666,0
4314,673666,1
4315,673666,2
4317,673325,0
4319,673326,0
4321,673328,0
4322,673328,1
4323,673328,2
4325,673329,0
4327,673320,0
4329,673321,0
4330,673321,1
4332,673323,0
4333,673323,1
4334,673323,2
4336,673324,0
4338,673334,0
4340,673461,0
4341,673461,1
4343,673462,0
4344,673462,1
4345,673462,2
4346,673462,3
4347,673462,4
4349,673463,0
4351,673330,0
4352,673330,1
4353,673330,2
4355,673331,0
4356,673331,1
4358,673332,0
4360,673333,0
4361,673333,1
4363,673308,0
4364,673308,1
4365,673308,2
4367,673307,0
4368,673307,1
4370,673311,0
4371,673311,1
4373,673309,0
4374,673309,1
4375,673309,2
4377,673304,0
4378,673304,1
4380,673303,0
4381,673303,1
4382,673303,2
4383,673303,3
4384,673303,4
4386,673306,0
4388,673305,0
4389,673305,1
4391,673317,0
4392,673317,1
4393,673317,2
4394,673317,3
4396,673316,0
4397,673316,1
4398,673316,2
4400,673319,0
4401,673319,1
4403,673318,0
4404,673318,1
4405,673318,2
4406,673318,3
4407,673318,4
4409,673313,0
4410,673313,1
4411,673313,2
4413,673312,0
4414,673312,1
4415,673312,2
4417,673315,0
4418,673315,1
4420,673314,0
4421,673314,1
4422,673314,2
4423,673314,3
4424,673314,4
4426,673487,0
4427,673487,1
4429,673488,0
4431,673485,0
4432,673485,1
4433,673485,2
4435,673486,0
4437,673483,0
4439,673484,0
4440,673484,1
4441,673484,2
4443,673481,0
4444,673481,1
4445,673481,2
4447,673482,0
4448,673482,1
4450,673495,0
4451,673495,1
4452,673495,2
4453,673495,3
4455,673496,0
4456,673496,1
4457,673496,2
4458,673496,3
4460,673493,0
4461,673493,1
4462,673493,2
4463,673493,3
4464,673493,4
4466,673494,0
4467,673494,1
4468,673494,2
4469,673494,3
4471,673491,0
4472,673491,1
4473,673491,2
4475,673492,0
4477,673489,0
4479,673490,0
4480,673490,1
4481,673490,2
4483,673471,0
4485,673470,0
4487,673469,0
4488,673469,1
4489,673469,2
4491,673468,0
4492,673468,1
4493,673468,2
4494,673468,3
4495,673468,4
4496,673468,5
4497,673468,6
4498,673468,7
4499,673468,8
4501,673467,0
4503,673466,0
4504,673466,1
4506,673465,0
4507,673465,1
4509,673464,0
4510,673464,1
4511,673464,2
4513,673480,0
4514,673480,1
4516,673479,0
4517,673479,1
4519,673477,0
4520,673477,1
4522,673476,0
4523,673476,1
4524,673476,2
4525,673476,3
4527,673475,0
4528,673475,1
4529,673475,2
4530,673475,3
4532,673474,0
4533,673474,1
4534,673474,2
4536,673472,0
4538,765557,0
4539,765557,1
4541,765556,0
4542,765556,1
4543,765556,2
4545,765559,0
4546,765559,1
4547,765559,2
4548,765559,3
4550,765558,0
4551,765558,1
4553,765562,0
4554,765562,1
4556,765560,0
4557,765560,1
4559,765564,0
4560,765564,1
4561,765564,2
4562,765564,3
4564,765563,0
4565,765563,1
4567,765547,0
4568,765547,1
4570,765546,0
4571,765546,1
4573,765550,0
4574,765550,1
4575,765550,2
4577,765549,0
4578,765549,1
4580,765552,0
4581,765552,1
4582,765552,2
4583,765552,3
4585,765551,0
4586,765551,1
4587,765551,2
4589,765555,0
4591,765553,0
4592,765553,1
4593,765553,2
4595,765537,0
4596,765537,1
4598,765538,0
4599,765538,1
4601,765539,0
4602,765539,1
4604,765540,0
4605,765540,1
4607,765541,0
4608,765541,1
4609,765541,2
4610,765541,3
4612,765542,0
4613,765542,1
4615,765544,0
4616,765544,1
4617,765544,2
4619,765545,0
4621,765527,0
4622,765527,1
4623,765527,2
4625,765528,0
4626,765528,1
4627,765528,2
4628,765528,3
4630,765530,0
4632,765531,0
4634,765532,0
4635,765532,1
4637,765533,0
4638,765533,1
4639,765533,2
4640,765533,3
4642,765534,0
4643,765534,1
4644,765534,2
4645,765534,3
4646,765534,4
4648,765535,0
4649,765535,1
4651,767129,0
4652,767129,1
4654,767128,0
4655,767128,1
4656,767128,2
4657,767128,3
4659,767098,0
4660,767098,1
4662,767097,0
4663,767097,1
4664,767097,2
4665,767097,3
4666,767097,4
4668,767134,0
4669,767134,1
4671,767133,0
4672,767133,1
4673,767133,2
4675,767131,0
4676,767131,1
4677,767131,2
4678,767131,3
4680,767130,0
4681,767130,1
4683,765855,0
4684,765855,1
4686,765854,0
4687,765854,1
4688,765854,2
4689,765854,3
4690,765854,4
4692,765853,0
4693,765853,1
4694,765853,2
4695,765853,3
4696,765853,4
4698,765852,0
4699,765852,1
4701,767096,0
4702,767096,1
4703,767096,2
4705,767095,0
4707,767094,0
4708,767094,1
4710,767093,0
4711,767093,1
4713,765755,0
4714,765755,1
4716,765756,0
4717,765756,1
4719,765753,0
4720,765753,1
4722,765754,0
4723,765754,1
4724,765754,2
4725,765754,3
4726,765754,4
4727,765754,5
4728,765754,6
4729,765754,7
4731,765805,0
4732,765805,1
4734,765806,0
4735,765806,1
4736,765806,2
4737,765806,3
4739,765803,0
4740,765803,1
4741,765803,2
4743,765804,0
4744,765804,1
4745,765804,2
4746,765804,3
4748,765690,0
4749,765690,1
4750,765690,2
4752,765691,0
4753,765691,1
4755,765565,0
4756,765565,1
4758,765566,0
4759,765566,1
4760,765566,2
4762,765751,0
4763,765751,1
4764,765751,2
4765,765751,3
4767,765752,0
4768,765752,1
4769,765752,2
4770,765752,3
4771,765752,4
4773,765692,0
4774,765692,1
4775,765692,2
4776,765692,3
4778,765693,0
4779,765693,1
4780,765693,2
4782,765219,0
4783,765219,1
4785,764223,0
4786,764223,1
4787,764223,2
4789,765221,0
4790,765221,1
4791,765221,2
4792,765221,3
4794,765220,0
4795,765220,1
4797,764220,0
4798,764220,1
4799,764220,2
4801,764219,0
4802,764219,1
4803,764219,2
4804,764219,3
4806,764222,0
4807,764222,1
4809,764221,0
4810,764221,1
4811,764221,2
4813,764216,0
4814,764216,1
4815,764216,2
4816,764216,3
4818,764215,0
4819,764215,1
4821,764218,0
4822,764218,1
4823,764218,2
4825,764217,0
4826,764217,1
4827,764217,2
4829,764206,0
4830,764206,1
4831,764206,2
4833,764205,0
4834,764205,1
4835,764205,2
4836,764205,3
4838,764214,0
4839,764214,1
4840,764214,2
4841,764214,3
4843,764213,0
4844,764213,1
4846,764201,0
4847,764201,1
4848,764201,2
4849,764201,3
4850,764201,4
4851,764201,5
4852,764201,6
4853,764201,7
4854,764201,8
4855,764201,9
4856,764201,10
4858,764202,0
4859,764202,1
4860,764202,2
4861,764202,3
4862,764202,4
4863,764202,5
4864,764202,6
4866,764203,0
4867,764203,1
4868,764203,2
4869,764203,3
4871,764204,0
4872,764204,1
4873,764204,2
4875,762472,0
4876,762472,1
4877,762472,2
4879,762473,0
4880,762473,1
4881,762473,2
4883,762474,0
4884,762474,1
4886,764200,0
4888,758380,0
4889,758380,1
4890,758380,2
4891,758380,3
4893,758381,0
4894,758381,1
4895,758381,2
4896,758381,3
4897,758381,4
4899,758382,0
4900,758382,1
4901,758382,2
4903,758383,0
4905,758375,0
4907,758377,0
4908,758377,1
4910,758378,0
4911,758378,1
4912,758378,2
4913,758378,3
4915,758379,0
4916,758379,1
4917,758379,2
4918,758379,3
4920,765526,0
4921,765526,1
4922,765526,2
4923,765526,3
4924,765526,4
4926,765525,0
4927,765525,1
4929,765523,0
4930,765523,1
4931,765523,2
4933,765522,0
4934,765522,1
4935,765522,2
4936,765522,3
4938,765521,0
4939,765521,1
4940,765521,2
4941,765521,3
4942,765521,4
4943,765521,5
4944,765521,6
4946,765520,0
4948,765518,0
4949,765518,1
4951,765517,0
4952,765517,1
4953,765517,2
4955,765516,0
4956,765516,1
4957,765516,2
4959,765515,0
4960,765515,1
4962,765513,0
4963,765513,1
4964,765513,2
4966,765512,0
4967,765512,1
4969,765511,0
4970,765511,1
4972,765510,0
4973,765510,1
4974,765510,2
4976,765508,0
4977,765508,1
4979,765507,0
4980,765507,1
4981,765507,2
4983,765505,0
4984,765505,1
4986,765506,0
4987,765506,1
4988,765506,2
4989,765506,3
4991,765240,0
4992,765240,1
4993,765240,2
4995,765504,0
4996,765504,1
4997,765504,2
4998,765504,3
5000,765238,0
5001,765238,1
5002,765238,2
5004,765239,0
5005,765239,1
5006,765239,2
5008,765236,0
5009,765236,1
5010,765236,2
5011,765236,3
5013,765237,0
5014,765237,1
5015,765237,2
5016,765237,3
5018,765234,0
5020,765235,0
5021,765235,1
5022,765235,2
5024,765231,0
5025,765231,1
5026,765231,2
5028,765232,0
5029,765232,1
5030,765232,2
5031,765232,3
5033,765224,0
5034,765224,1
5035,765224,2
5037,765230,0
5038,765230,1
5039,765230,2
5040,765230,3
5041,765230,4
5043,765222,0
5044,765222,1
5045,765222,2
5046,765222,3
5048,765223,0
5049,765223,1
5051,672176,0
5052,672176,1
5053,672176,2
5054,672176,3
5055,672176,4
5057,672175,0
5058,672175,1
5059,672175,2
5061,672174,0
5062,672174,1
5063,672174,2
5064,672174,3
5066,672046,0
5067,672046,1
5068,672046,2
5070,672180,0
5071,672180,1
5072,672180,2
5074,672179,0
5075,672179,1
5076,672179,2
5077,672179,3
5078,672179,4
5079,672179,5
5080,672179,6
5082,672178,0
5083,672178,1
5084,672178,2
5085,672178,3
5087,672177,0
5088,672177,1
5089,672177,2
5090,672177,3
5092,672185,0
5093,672185,1
5094,672185,2
5096,672183,0
5098,672182,0
5099,672182,1
5100,672182,2
5101,672182,3
5102,672182,4
5103,672182,5
5105,672181,0
5106,672181,1
5107,672181,2
5108,672181,3
5109,672181,4
5110,672181,5
5112,672189,0
5113,672189,1
5114,672189,2
5116,672188,0
5117,672188,1
5119,672187,0
5120,672187,1
5121,672187,2
5122,672187,3
5124,672186,0
5125,672186,1
5126,672186,2
5127,672186,3
5128,672186,4
5129,672186,5
5131,672192,0
5132,672192,1
5133,672192,2
5135,176569,0
5136,176569,1
5137,176569,2
5139,672193,0
5140,672193,1
5142,176570,0
5143,176570,1
5144,176570,2
5146,672190,0
5147,672190,1
5148,672190,2
5149,672190,3
5151,174642,0
5152,174642,1
5153,174642,2
5155,672191,0
5156,672191,1
5157,672191,2
5159,176568,0
5160,176568,1
5162,672197,0
5163,672197,1
5165,181551,0
5167,672198,0
5168,672198,1
5169,672198,2
5170,672198,3
5172,181552,0
5174,672194,0
5175,672194,1
5176,672194,2
5178,176571,0
5180,672195,0
5181,672195,1
5182,672195,2
5183,672195,3
5184,672195,4
5186,176573,0
5187,176573,1
5189,672201,0
5190,672201,1
5191,672201,2
5192,672201,3
5194,672202,0
5195,672202,1
5196,672202,2
5197,672202,3
5198,672202,4
5200,672199,0
5201,672199,1
5202,672199,2
5203,672199,3
5204,672199,4
5205,672199,5
5206,672199,6
5207,672199,7
5208,672199,8
5209,672199,9
5210,672199,10
5211,672199,11
5212,672199,12
5213,672199,13
5214,672199,14
5215,672199,15
5216,672199,16
5217,672199,17
5219,672200,0
5220,672200,1
5221,672200,2
5222,672200,3
5223,672200,4
5224,672200,5
5226,672205,0
5227,672205,1
5228,672205,2
5229,672205,3
5231,174640,0
5232,174640,1
5234,672206,0
5235,672206,1
5236,672206,2
5237,672206,3
5238,672206,4
5239,672206,5
5240,672206,6
5242,174641,0
5243,174641,1
5245,672203,0
5246,672203,1
5247,672203,2
5248,672203,3
5249,672203,4
5251,672204,0
5252,672204,1
5254,174639,0
5255,174639,1
5256,174639,2
5258,672208,0
5259,672208,1
5261,672207,0
5262,672207,1
5263,672207,2
5264,672207,3
5266,672210,0
5267,672210,1
5269,672209,0
5270,672209,1
5272,672212,0
5273,672212,1
5274,672212,2
5275,672212,3
5277,672211,0
5278,672211,1
5279,672211,2
5281,672215,0
5282,672215,1
5283,672215,2
5285,672213,0
5286,672213,1
5288,672217,0
5289,672217,1
5290,672217,2
5292,672216,0
5293,672216,1
5294,672216,2
5296,672348,0
5297,672348,1
5299,672347,0
5300,672347,1
5301,672347,2
5302,672347,3
5304,672350,0
5305,672350,1
5306,672350,2
5307,672350,3
5308,672350,4
5310,672349,0
5311,672349,1
5312,672349,2
5313,672349,3
5315,672352,0
5316,672352,1
5317,672352,2
5318,672352,3
5319,672352,4
5320,672352,5
5321,672352,6
5322,672352,7
5323,672352,8
5325,672351,0
5327,672353,0
5328,672353,1
5329,672353,2
5330,672353,3
5331,672353,4
5332,672353,5
5334,672354,0
5335,672354,1
5336,672354,2
5337,672354,3
5338,672354,4
5339,672354,5
5340,672354,6
5341,672354,7
5343,672355,0
5344,672355,1
5345,672355,2
5346,672355,3
5347,672355,4
5348,672355,5
5349,672355,6
5350,672355,7
5351,672355,8
5353,672356,0
5354,672356,1
5356,672357,0
5357,672357,1
5359,672358,0
5360,672358,1
5361,672358,2
5363,672360,0
5365,672361,0
5366,672361,1
5367,672361,2
5368,672361,3
5369,672361,4
5371,672362,0
5372,672362,1
5374,672363,0
5375,672363,1
5377,672364,0
5378,672364,1
5379,672364,2
5380,672364,3
5381,672364,4
5382,672364,5
5384,672365,0
5385,672365,1
5386,672365,2
5387,672365,3
5388,672365,4
5390,672366,0
5391,672366,1
5393,672367,0
5394,672367,1
5395,672367,2
5396,672367,3
5398,672368,0
5399,672368,1
5400,672368,2
5402,672369,0
5404,671860,0
5405,671860,1
5407,671859,0
5409,671858,0
5410,671858,1
5411,671858,2
5412,671858,3
5413,671858,4
5415,671857,0
5416,671857,1
5417,671857,2
5419,671855,0
5420,671855,1
5422,671854,0
5423,671854,1
5424,671854,2
5425,671854,3
5426,671854,4
5428,671853,0
5429,671853,1
5430,671853,2
5432,671852,0
5433,671852,1
5435,671868,0
5436,671868,1
5437,671868,2
5439,671867,0
5440,671867,1
5441,671867,2
5442,671867,3
5443,671867,4
5445,671866,0
5447,671865,0
5448,671865,1
5449,671865,2
5451,671864,0
5452,671864,1
5453,671864,2
5455,671863,0
5456,671863,1
5457,671863,2
5459,671862,0
5460,671862,1
5461,671862,2
5462,671862,3
5463,671862,4
5465,671861,0
5467,671875,0
5468,671875,1
5469,671875,2
5471,671876,0
5472,671876,1
5473,671876,2
5475,671873,0
5476,671873,1
5477,671873,2
5478,671873,3
5479,671873,4
5481,671874,0
5482,671874,1
5484,671871,0
5486,671872,0
5487,671872,1
5488,671872,2
5489,671872,3
5490,671872,4
5491,671872,5
5493,671869,0
5494,671869,1
5496,671870,0
5497,671870,1
5498,671870,2
5499,671870,3
5500,671870,4
5502,672009,0
5503,672009,1
5504,672009,2
5505,672009,3
5507,672010,0
5508,672010,1
5509,672010,2
5511,672007,0
5512,672007,1
5513,672007,2
5514,672007,3
5515,672007,4
5516,672007,5
5518,672008,0
5520,672005,0
5521,672005,1
5522,672005,2
5524,672006,0
5525,672006,1
5527,671877,0
5528,671877,1
5530,672004,0
5531,672004,1
5532,672004,2
5533,672004,3
5534,672004,4
5535,672004,5
5536,672004,6
5537,672004,7
5538,672004,8
5539,672004,9
5541,672016,0
5542,672016,1
5543,672016,2
5545,672015,0
5546,672015,1
5548,672018,0
5549,672018,1
5550,672018,2
5551,672018,3
5552,672018,4
5554,672017,0
5555,672017,1
5556,672017,2
5558,672012,0
5560,672011,0
5561,672011,1
5562,672011,2
5564,672014,0
5565,672014,1
5566,672014,2
5567,672014,3
5568,672014,4
5569,672014,5
5570,672014,6
5571,672014,7
5573,672013,0
5574,672013,1
5575,672013,2
5577,672024,0
5578,672024,1
5579,672024,2
5580,672024,3
5582,672023,0
5583,672023,1
5584,672023,2
5585,672023,3
5587,672026,0
5588,672026,1
5589,672026,2
5591,672025,0
5592,672025,1
5594,672020,0
5595,672020,1
5596,672020,2
5597,672020,3
5599,672019,0
5600,672019,1
5601,672019,2
5603,672022,0
5604,672022,1
5606,672021,0
5607,672021,1
5608,672021,2
5609,672021,3
5611,672032,0
5612,672032,1
5614,672033,0
5616,672034,0
5617,672034,1
5618,672034,2
5620,672035,0
5621,672035,1
5623,672027,0
5624,672027,1
5626,672028,0
5627,672028,1
5629,672029,0
5630,672029,1
5632,672030,0
5633,672030,1
5634,672030,2
5636,672042,0
5637,672042,1
5638,672042,2
5639,672042,3
5640,672042,4
5642,672043,0
5643,672043,1
5644,672043,2
5645,672043,3
5647,672044,0
5648,672044,1
5650,672045,0
5651,672045,1
5653,672036,0
5655,672039,0
5656,672039,1
5657,672039,2
5658,672039,3
5659,672039,4
5660,672039,5
5661,672039,6
5662,672039,7
5663,672039,8
5664,672039,9
5666,672040,0
5667,672040,1
5668,672040,2
5669,672040,3
5670,672040,4
5671,672040,5
5672,672040,6
5673,672040,7
5674,672040,8
5676,672041,0
5677,672041,1
5679,673003,0
5680,673003,1
5681,673003,2
5683,673004,0
5684,673004,1
5686,673001,0
5687,673001,1
5689,673002,0
5690,673002,1
5692,673007,0
5693,673007,1
5694,673007,2
5696,673130,0
5697,673130,1
5699,673005,0
5700,673005,1
5701,673005,2
5702,673005,3
5704,673006,0
5706,672995,0
5707,672995,1
5709,672996,0
5710,672996,1
5712,672993,0
5714,672994,0
5715,672994,1
5716,672994,2
5717,672994,3
5719,672999,0
5721,673000,0
5722,673000,1
5723,673000,2
5724,673000,3
5725,673000,4
5727,672997,0
5728,672997,1
5729,672997,2
5730,672997,3
5732,672998,0
5733,672998,1
5735,673142,0
5736,673142,1
5737,673142,2
5738,673142,3
5739,673142,4
5741,673141,0
5742,673141,1
5743,673141,2
5744,673141,3
5745,673141,4
5747,673140,0
5749,673139,0
5750,673139,1
5751,673139,2
5753,673146,0
5754,673146,1
5755,673146,2
5756,673146,3
5758,673145,0
5759,673145,1
5760,673145,2
5762,673144,0
5763,673144,1
5764,673144,2
5766,673143,0
5767,673143,1
5769,673134,0
5770,673134,1
5772,673133,0
5774,673132,0
5775,673132,1
5777,673131,0
5778,673131,1
5780,673138,0
5781,673138,1
5782,673138,2
5784,673137,0
5785,673137,1
5787,673136,0
5788,673136,1
5789,673136,2
5790,673136,3
5792,673135,0
5793,673135,1
5795,673155,0
5796,673155,1
5797,673155,2
5798,673155,3
5800,673156,0
5802,673157,0
5803,673157,1
5804,673157,2
5805,673157,3
5807,673158,0
5808,673158,1
5809,673158,2
5810,673158,3
5812,673159,0
5814,673160,0
5815,673160,1
5816,673160,2
5817,673160,3
5818,673160,4
5820,673161,0
5822,673163,0
5823,673163,1
5825,673147,0
5826,673147,1
5827,673147,2
5828,673147,3
5830,673148,0
5831,673148,1
5833,673149,0
5834,673149,1
5835,673149,2
5837,673150,0
5838,673150,1
5839,673150,2
5841,673151,0
5842,673151,1
5844,673152,0
5846,673153,0
5847,673153,1
5849,673154,0
5850,673154,1
5852,673296,0
5853,673296,1
5854,673296,2
5856,673295,0
5857,673295,1
5858,673295,2
5859,673295,3
5861,673298,0
5862,673298,1
5864,673297,0
5865,673297,1
5867,673300,0
5868,673300,1
5869,673300,2
5871,673299,0
5872,673299,1
5874,673302,0
5875,673302,1
5876,673302,2
5878,673301,0
5880,673165,0
5881,673165,1
5882,673165,2
5884,673164,0
5885,673164,1
5886,673164,2
5888,673167,0
5889,673167,1
5890,673167,2
5891,673167,3
5893,673166,0
5894,673166,1
5896,673169,0
5897,673169,1
5898,673169,2
5900,673168,0
5901,673168,1
5903,673294,0
5904,673294,1
5906,673170,0
5907,673170,1
5909,672823,0
5910,672823,1
5912,672824,0
5913,672824,1
5915,672821,0
5916,672821,1
5918,672822,0
5919,672822,1
5920,672822,2
5922,672819,0
5923,672819,1
5924,672819,2
5925,672819,3
5927,223866,0
5928,223866,1
5929,223866,2
5931,223867,0
5932,223867,1
5933,223867,2
5934,223867,3
5935,223867,4
5936,223867,5
5938,223864,0
5940,223865,0
5942,223862,0
5944,223863,0
5945,223863,1
5947,223860,0
5949,223861,0
5951,223858,0
5953,223859,0
5955,223856,0
5956,223856,1
5957,223856,2
5959,223857,0
5961,223854,0
5962,223854,1
5963,223854,2
5965,223855,0
5966,223855,1
5967,223855,2
5969,223852,0
5970,223852,1
5971,223852,2
5973,223853,0
5974,223853,1
5976,223851,0
5977,223851,1
5979,223850,0
5980,223850,1
5981,223850,2
5982,223850,3
5984,223849,0
5985,223849,1
5987,223848,0
5988,223848,1
5989,223848,2
5990,223848,3
5992,223847,0
5993,223847,1
5994,223847,2
5996,223846,0
5997,223846,1
5998,223846,2
6000,223845,0
6001,223845,1
6003,223844,0
6004,223844,1
6006,223843,0
6007,223843,1
6008,223843,2
6009,223843,3
6011,223842,0
6012,223842,1
6013,223842,2
6015,223841,0
6016,223841,1
6018,223840,0
6019,223840,1
6021,223817,0
6022,223817,1
6023,223817,2
6025,223816,0
6026,223816,1
6027,223816,2
6028,223816,3
6030,223814,0
6031,223814,1
6033,223813,0
6034,223813,1
6035,223813,2
6037,223896,0
6038,223896,1
6039,223896,2
6040,223896,3
6041,223896,4
6042,223896,5
6044,223897,0
6045,223897,1
6047,223898,0
6049,223899,0
6051,223892,0
6052,223892,1
6053,223892,2
6055,223893,0
6056,223893,1
6057,223893,2
6059,223894,0
6060,223894,1
6061,223894,2
6062,223894,3
6063,223894,4
6064,223894,5
6065,223894,6
6067,223895,0
6068,223895,1
6070,223888,0
6071,223888,1
6072,223888,2
6073,223888,3
6074,223888,4
6075,223888,5
6077,223889,0
6078,223889,1
6079,223889,2
6080,223889,3
6082,223890,0
6083,223890,1
6084,223890,2
6085,223890,3
6087,223891,0
6088,223891,1
6089,223891,2
6090,223891,3
6092,223884,0
6094,223885,0
6095,223885,1
6097,223886,0
6098,223886,1
6099,223886,2
6100,223886,3
6102,223887,0
6103,223887,1
6105,223881,0
6106,223881,1
6108,223880,0
6110,223883,0
6112,223882,0
6114,223877,0
6116,223876,0
6117,223876,1
6119,223879,0
6121,223878,0
6123,223873,0
6125,223872,0
6127,223875,0
6129,223874,0
6131,223869,0
6133,223868,0
6135,223871,0
6137,223870,0
6139,212020,0
6140,212020,1
6141,212020,2
6142,212020,3
6143,212020,4
6144,212020,5
6146,212022,0
6148,212018,0
6149,212018,1
6151,212019,0
6152,212019,1
6153,212019,2
6154,212019,3
6155,212019,4
6156,212019,5
6157,212019,6
6158,212019,7
6159,212019,8
6160,212019,9
6162,219039,0
6163,219039,1
6164,219039,2
6166,219042,0
6167,219042,1
6169,212023,0
6170,212023,1
6172,212024,0
6174,212011,0
6175,212011,1
6176,212011,2
6178,212013,0
6180,212007,0
6182,212008,0
6184,212016,0
6185,212016,1
6187,212017,0
6188,212017,1
6189,212017,2
6190,212017,3
6191,212017,4
6192,212017,5
6193,212017,6
6194,212017,7
6195,212017,8
6196,212017,9
6197,212017,10
6198,212017,11
6200,212014,0
6201,212014,1
6202,212014,2
6203,212014,3
6205,212015,0
6206,212015,1
6208,211427,0
6209,211427,1
6210,211427,2
6211,211427,3
6213,211419,0
6214,211419,1
6216,211416,0
6218,210202,0
6219,210202,1
6221,212003,0
6222,212003,1
6223,212003,2
6225,212001,0
6226,212001,1
6228,211999,0
6229,211999,1
6231,211994,0
6232,211994,1
6234,202671,0
6236,202670,0
6237,202670,1
6238,202670,2
6240,202669,0
6241,202669,1
6243,202668,0
6245,210200,0
6247,210198,0
6248,210198,1
6250,202673,0
6251,202673,1
6252,202673,2
6254,202672,0
6255,202672,1
6256,202672,2
6257,202672,3
6258,202672,4
6259,202672,5
6261,223796,0
6263,223798,0
6264,223798,1
6265,223798,2
6266,223798,3
6268,223801,0
6269,223801,1
6271,223803,0
6272,223803,1
6273,223803,2
6275,223807,0
6276,223807,1
6278,223809,0
6279,223809,1
6281,223811,0
6282,223811,1
6283,223811,2
6285,223812,0
6286,223812,1
6288,219777,0
6290,223785,0
6291,223785,1
6292,223785,2
6293,223785,3
6294,223785,4
6295,223785,5
6297,223786,0
6298,223786,1
6300,223787,0
6301,223787,1
6302,223787,2
6303,223787,3
6305,223788,0
6306,223788,1
6308,223789,0
6309,223789,1
6311,223791,0
6312,223791,1
6313,223791,2
6315,223794,0
6316,223794,1
6317,223794,2
6319,219758,0
6321,219754,0
6322,219754,1
6323,219754,2
6325,219763,0
6326,219763,1
6328,219760,0
6329,219760,1
6330,219760,2
6332,219769,0
6333,219769,1
6334,219769,2
6335,219769,3
6336,219769,4
6337,219769,5
6338,219769,6
6339,219769,7
6340,219769,8
6342,219766,0
6344,219774,0
6346,219772,0
6348,219727,0
6349,219727,1
6351,219056,0
6352,219056,1
6353,219056,2
6354,219056,3
6356,219735,0
6357,219735,1
6358,219735,2
6360,219730,0
6361,219730,1
6363,219742,0
6364,219742,1
6365,219742,2
6366,219742,3
6368,219737,0
6369,219737,1
6370,219737,2
6371,219737,3
6372,219737,4
6374,219751,0
6376,219746,0
6377,219746,1
6378,219746,2
6380,191936,0
6382,191935,0
6384,191933,0
6385,191933,1
6386,191933,2
6388,191932,0
6389,191932,1
6390,191932,2
6392,191931,0
6394,191930,0
6395,191930,1
6396,191930,2
6397,191930,3
6398,191930,4
6399,191930,5
6400,191930,6
6401,191930,7
6402,191930,8
6403,191930,9
6404,191930,10
6406,191929,0
6408,191928,0
6409,191928,1
6411,191947,0
6413,191945,0
6415,191944,0
6417,191942,0
6419,191941,0
6421,191939,0
6423,191938,0
6425,191937,0
6427,191906,0
6428,191906,1
6429,191906,2
6430,191906,3
6432,191908,0
6434,191901,0
6435,191901,1
6436,191901,2
6437,191901,3
6439,191904,0
6441,191896,0
6442,191896,1
6443,191896,2
6445,191898,0
6446,191898,1
6448,191891,0
6449,191891,1
6451,191893,0
6452,191893,1
6453,191893,2
6454,191893,3
6456,191926,0
6457,191926,1
6458,191926,2
6460,191927,0
6461,191927,1
6462,191927,2
6464,191924,0
6465,191924,1
6466,191924,2
6468,191925,0
6469,191925,1
6470,191925,2
6472,191915,0
6473,191915,1
6474,191915,2
6475,191915,3
6476,191915,4
6477,191915,5
6478,191915,6
6479,191915,7
6480,191915,8
6481,191915,9
6482,191915,10
6483,191915,11
6485,191919,0
6486,191919,1
6488,191911,0
6489,191911,1
6490,191911,2
6492,191913,0
6493,191913,1
6494,191913,2
6496,197137,0
6497,197137,1
6498,197137,2
6499,197137,3
6500,197137,4
6501,197137,5
6502,197137,6
6503,197137,7
6504,197137,8
6506,195675,0
6507,195675,1
6508,195675,2
6510,202110,0
6512,202107,0
6513,202107,1
6514,202107,2
6516,191991,0
6518,191990,0
6520,195670,0
6521,195670,1
6523,195666,0
6524,195666,1
6526,202665,0
6527,202665,1
6529,202664,0
6531,202667,0
6532,202667,1
6534,202666,0
6536,202661,0
6538,202113,0
6540,202663,0
6541,202663,1
6542,202663,2
6544,202662,0
6545,202662,1
6546,202662,2
6547,202662,3
6549,191958,0
6550,191958,1
6552,191963,0
6553,191963,1
6554,191963,2
6556,191965,0
6557,191965,1
6559,191967,0
6560,191967,1
6561,191967,2
6562,191967,3
6563,191967,4
6564,191967,5
6566,191948,0
6568,191949,0
6569,191949,1
6570,191949,2
6572,191951,0
6573,191951,1
6574,191951,2
6576,191955,0
6577,191955,1
6578,191955,2
6579,191955,3
6580,191955,4
6582,191983,0
6583,191983,1
6585,191986,0
6586,191986,1
6587,191986,2
6588,191986,3
6589,191986,4
6590,191986,5
6591,191986,6
6592,191986,7
6593,191986,8
6595,191988,0
6596,191988,1
6597,191988,2
6598,191988,3
6600,191989,0
6602,191970,0
6603,191970,1
6604,191970,2
6606,191972,0
6607,191972,1
6608,191972,2
6609,191972,3
6610,191972,4
6611,191972,5
6612,191972,6
6613,191972,7
6614,191972,8
6615,191972,9
6616,191972,10
6618,191976,0
6619,191976,1
6621,191979,0
6622,191979,1
6623,191979,2
6624,191979,3
6625,191979,4
6627,187445,0
6629,187442,0
6631,187439,0
6633,185854,0
6634,185854,1
6636,187455,0
6637,187455,1
6638,187455,2
6639,187455,3
6641,187454,0
6642,187454,1
6643,187454,2
6644,187454,3
6645,187454,4
6646,187454,5
6647,187454,6
6648,187454,7
6649,187454,8
6650,187454,9
6651,187454,10
6652,187454,11
6653,187454,12
6654,187454,13
6655,187454,14
6656,187454,15
6657,187454,16
6658,187454,17
6660,187449,0
6661,187449,1
6662,187449,2
6663,187449,3
6664,187449,4
6665,187449,5
6666,187449,6
6667,187449,7
6668,187449,8
6669,187449,9
6670,187449,10
6671,187449,11
6672,187449,12
6673,187449,13
6674,187449,14
6675,187449,15
6676,187449,16
6677,187449,17
6679,187447,0
6680,187447,1
6681,187447,2
6683,187462,0
6685,187460,0
6687,187458,0
6688,187458,1
6689,187458,2
6691,187457,0
6693,190635,0
6694,190635,1
6696,190633,0
6697,190633,1
6699,190631,0
6701,190628,0
6703,181555,0
6704,181555,1
6705,181555,2
6706,181555,3
6708,181556,0
6709,181556,1
6711,181553,0
6712,181553,1
6713,181553,2
6715,181554,0
6717,181562,0
6718,181562,1
6719,181562,2
6720,181562,3
6721,181562,4
6722,181562,5
6723,181562,6
6724,181562,7
6725,181562,8
6726,181562,9
6727,181562,10
6728,181562,11
6729,181562,12
6730,181562,13
6731,181562,14
6732,181562,15
6733,181562,16
6734,181562,17
6736,181564,0
6737,181564,1
6738,181564,2
6739,181564,3
6740,181564,4
6742,181557,0
6743,181557,1
6744,181557,2
6745,181557,3
6746,181557,4
6747,181557,5
6748,181557,6
6749,181557,7
6750,181557,8
6752,181560,0
6753,181560,1
6754,181560,2
6755,181560,3
6756,181560,4
6757,181560,5
6758,181560,6
6759,181560,7
6760,181560,8
6761,181560,9
6762,181560,10
6763,181560,11
6764,181560,12
6765,181560,13
6766,181560,14
6767,181560,15
6768,181560,16
6769,181560,17
6770,181560,18
6772,181567,0
6773,181567,1
6774,181567,2
6775,181567,3
6777,181568,0
6779,181565,0
6781,181566,0
6782,181566,1
6784,185836,0
6785,185836,1
6787,185843,0
6788,185843,1
6790,181569,0
6792,185828,0
6793,185828,1
6794,185828,2
6795,185828,3
6797,191856,0
6798,191856,1
6799,191856,2
6801,191852,0
6802,191852,1
6803,191852,2
6804,191852,3
6806,191863,0
6807,191863,1
6808,191863,2
6809,191863,3
6810,191863,4
6811,191863,5
6813,191860,0
6814,191860,1
6816,191870,0
6817,191870,1
6819,191869,0
6820,191869,1
6821,191869,2
6823,191874,0
6824,191874,1
6826,191872,0
6827,191872,1
6829,191879,0
6830,191879,1
6831,191879,2
6833,191877,0
6834,191877,1
6836,191881,0
6837,191881,1
6839,191880,0
6840,191880,1
6841,191880,2
6842,191880,3
6844,191884,0
6845,191884,1
6846,191884,2
6847,191884,3
6848,191884,4
6850,191882,0
6851,191882,1
6852,191882,2
6854,191889,0
6855,191889,1
6856,191889,2
6858,191886,0
6859,191886,1
6860,191886,2
6861,191886,3
6862,191886,4
6864,190638,0
6865,190638,1
6867,190639,0
6868,190639,1
6869,190639,2
6871,190642,0
6872,190642,1
6874,190644,0
6875,190644,1
6876,190644,2
6877,190644,3
6879,190645,0
6880,190645,1
6881,190645,2
6883,190646,0
6884,190646,1
6885,190646,2
6886,190646,3
6887,190646,4
6889,190647,0
6890,190647,1
6891,190647,2
6892,190647,3
6894,190648,0
6895,190648,1
6897,190649,0
6899,191844,0
6900,191844,1
6902,191845,0
6903,191845,1
6904,191845,2
6906,191846,0
6907,191846,1
6908,191846,2
6910,191847,0
6912,191848,0
6913,191848,1
6914,191848,2
6915,191848,3
6916,191848,4
6918,191849,0
6919,191849,1
6921,191850,0
6922,191850,1
6923,191850,2
6924,191850,3
6926,271093,0
6927,271093,1
6928,271093,2
6930,271089,0
6931,271089,1
6932,271089,2
6933,271089,3
6934,271089,4
6935,271089,5
6936,271089,6
6937,271089,7
6939,271095,0
6940,271095,1
6941,271095,2
6942,271095,3
6943,271095,4
6944,271095,5
6945,271095,6
6947,271094,0
6948,271094,1
6950,271083,0
6951,271083,1
6953,271082,0
6954,271082,1
6956,271087,0
6957,271087,1
6959,271084,0
6960,271084,1
6961,271084,2
6963,271077,0
6965,262771,0
6966,262771,1
6968,271080,0
6969,271080,1
6970,271080,2
6972,271078,0
6973,271078,1
6975,262768,0
6976,262768,1
6978,262767,0
6979,262767,1
6981,262770,0
6982,262770,1
6983,262770,2
6984,262770,3
6985,262770,4
6987,262769,0
6988,262769,1
6990,273270,0
6992,273271,0
6994,273273,0
6996,274461,0
6997,274461,1
6998,274461,2
7000,273258,0
7001,273258,1
7002,273258,2
7004,273264,0
7005,273264,1
7006,273264,2
7007,273264,3
7009,273265,0
7010,273265,1
7011,273265,2
7013,273267,0
7015,273253,0
7017,273254,0
7018,273254,1
7020,273255,0
7021,273255,1
7022,273255,2
7023,273255,3
7025,273257,0
7026,273257,1
7027,273257,2
7029,271096,0
7030,271096,1
7032,273247,0
7034,273249,0
7035,273249,1
7037,273251,0
7039,276321,0
7040,276321,1
7041,276321,2
7042,276321,3
7044,276320,0
7045,276320,1
7046,276320,2
7048,276319,0
7049,276319,1
7051,276318,0
7052,276318,1
7053,276318,2
7055,276317,0
7056,276317,1
7057,276317,2
7059,276316,0
7060,276316,1
7061,276316,2
7063,276315,0
7064,276315,1
7066,276314,0
7067,276314,1
7068,276314,2
7069,276314,3
7071,276313,0
7072,276313,1
7074,276312,0
7075,276312,1
7076,276312,2
7078,276311,0
7079,276311,1
7081,276310,0
7083,276309,0
7084,276309,1
7086,276308,0
7087,276308,1
7089,276307,0
7090,276307,1
7091,276307,2
7092,276307,3
7094,276306,0
7095,276306,1
7096,276306,2
7097,276306,3
7098,276306,4
7099,276306,5
7100,276306,6
7102,276336,0
7103,276336,1
7105,276337,0
7106,276337,1
7108,276334,0
7109,276334,1
7111,276335,0
7112,276335,1
7113,276335,2
7115,276332,0
7116,276332,1
7117,276332,2
7119,276333,0
7120,276333,1
7122,276330,0
7124,276331,0
7125,276331,1
7126,276331,2
7128,276328,0
7129,276328,1
7130,276328,2
7131,276328,3
7133,276329,0
7134,276329,1
7135,276329,2
7136,276329,3
7138,276326,0
7139,276326,1
7141,276327,0
7142,276327,1
7144,276324,0
7145,276324,1
7146,276324,2
7148,276325,0
7149,276325,1
7151,276322,0
7153,276323,0
7155,253304,0
7156,253304,1
7158,253302,0
7159,253302,1
7161,253325,0
7162,253325,1
7163,253325,2
7164,253325,3
7166,253322,0
7167,253322,1
7168,253322,2
7169,253322,3
7170,253322,4
7172,253330,0
7173,253330,1
7174,253330,2
7176,253327,0
7177,253327,1
7178,253327,2
7180,253335,0
7181,253335,1
7182,253335,2
7183,253335,3
7184,253335,4
7185,253335,5
7186,253335,6
7187,253335,7
7189,253332,0
7190,253332,1
7191,253332,2
7193,253283,0
7194,253283,1
7195,253283,2
7196,253283,3
7197,253283,4
7198,253283,5
7199,253283,6
7201,253280,0
7202,253280,1
7203,253280,2
7204,253280,3
7206,253288,0
7207,253288,1
7208,253288,2
7210,253287,0
7211,253287,1
7212,253287,2
7214,253293,0
7215,253293,1
7216,253293,2
7218,253291,0
7219,253291,1
7220,253291,2
7222,253299,0
7223,253299,1
7224,253299,2
7225,253299,3
7227,253294,0
7228,253294,1
7229,253294,2
7230,253294,3
7231,253294,4
7232,253294,5
7233,253294,6
7234,253294,7
7235,253294,8
7236,253294,9
7237,253294,10
7238,253294,11
7239,253294,12
7240,253294,13
7241,253294,14
7242,253294,15
7243,253294,16
7245,253353,0
7246,253353,1
7247,253353,2
7248,253353,3
7249,253353,4
7251,253355,0
7252,253355,1
7253,253355,2
7254,253355,3
7256,253357,0
7257,253357,1
7258,253357,2
7260,253359,0
7261,253359,1
7263,253361,0
7264,253361,1
7266,253362,0
7267,253362,1
7269,253364,0
7270,253364,1
7271,253364,2
7272,253364,3
7274,253366,0
7275,253366,1
7276,253366,2
7278,253338,0
7279,253338,1
7281,253340,0
7282,253340,1
7284,253342,0
7285,253342,1
7286,253342,2
7287,253342,3
7288,253342,4
7289,253342,5
7290,253342,6
7291,253342,7
7292,253342,8
7293,253342,9
7294,253342,10
7295,253342,11
7296,253342,12
7297,253342,13
7298,253342,14
7300,253344,0
7301,253344,1
7302,253344,2
7304,253345,0
7305,253345,1
7307,253347,0
7308,253347,1
7310,253349,0
7311,253349,1
7313,253352,0
7314,253352,1
7316,253395,0
7317,253395,1
7318,253395,2
7319,253395,3
7320,253395,4
7321,253395,5
7323,253393,0
7324,253393,1
7326,253389,0
7327,253389,1
7328,253389,2
7329,253389,3
7330,253389,4
7331,253389,5
7332,253389,6
7333,253389,7
7334,253389,8
7335,253389,9
7336,253389,10
7337,253389,11
7339,253384,0
7340,253384,1
7341,253384,2
7342,253384,3
7344,253402,0
7345,253402,1
7346,253402,2
7347,253402,3
7348,253402,4
7349,253402,5
7351,253401,0
7352,253401,1
7353,253401,2
7354,253401,3
7355,253401,4
7356,253401,5
7357,253401,6
7358,253401,7
7359,253401,8
7360,253401,9
7361,253401,10
7362,253401,11
7363,253401,12
7364,253401,13
7365,253401,14
7366,253401,15
7367,253401,16
7369,253400,0
7370,253400,1
7371,253400,2
7373,253397,0
7374,253397,1
7375,253397,2
7376,253397,3
7377,253397,4
7379,253373,0
7380,253373,1
7382,253372,0
7384,253370,0
7385,253370,1
7386,253370,2
7388,253368,0
7390,253379,0
7391,253379,1
7392,253379,2
7393,253379,3
7394,253379,4
7395,253379,5
7396,253379,6
7397,253379,7
7399,253377,0
7400,253377,1
7401,253377,2
7402,253377,3
7403,253377,4
7404,253377,5
7406,253376,0
7407,253376,1
7408,253376,2
7409,253376,3
7410,253376,4
7412,253374,0
7414,261126,0
7415,261126,1
7416,261126,2
7418,261131,0
7419,261131,1
7420,261131,2
7421,261131,3
7423,253415,0
7424,253415,1
7425,253415,2
7426,253415,3
7427,253415,4
7429,261125,0
7430,261125,1
7431,261125,2
7433,262765,0
7434,262765,1
7435,262765,2
7436,262765,3
7437,262765,4
7439,262766,0
7440,262766,1
7442,262763,0
7443,262763,1
7444,262763,2
7445,262763,3
7447,262764,0
7448,262764,1
7450,253405,0
7451,253405,1
7452,253405,2
7453,253405,3
7454,253405,4
7455,253405,5
7457,253406,0
7458,253406,1
7459,253406,2
7460,253406,3
7461,253406,4
7462,253406,5
7464,253403,0
7465,253403,1
7466,253403,2
7467,253403,3
7468,253403,4
7470,253404,0
7471,253404,1
7472,253404,2
7474,253409,0
7476,253411,0
7477,253411,1
7478,253411,2
7479,253411,3
7480,253411,4
7482,253407,0
7483,253407,1
7485,253408,0
7486,253408,1
7488,234896,0
7490,234897,0
7491,234897,1
7492,234897,2
7494,234898,0
7495,234898,1
7497,234900,0
7499,234892,0
7500,234892,1
7501,234892,2
7503,234893,0
7504,234893,1
7505,234893,2
7507,234894,0
7508,234894,1
7509,234894,2
7511,234895,0
7512,234895,1
7514,236713,0
7515,236713,1
7516,236713,2
7518,236714,0
7519,236714,1
7521,244811,0
7522,244811,1
7524,244812,0
7525,244812,1
7527,234901,0
7529,234902,0
7530,234902,1
7532,234903,0
7534,236712,0
7536,245890,0
7538,245888,0
7539,245888,1
7541,245893,0
7543,245891,0
7544,245891,1
7545,245891,2
7547,245885,0
7549,244813,0
7550,244813,1
7552,245887,0
7553,245887,1
7554,245887,2
7556,245886,0
7558,245903,0
7559,245903,1
7560,245903,2
7561,245903,3
7562,245903,4
7563,245903,5
7564,245903,6
7566,245901,0
7567,245901,1
7568,245901,2
7570,245906,0
7572,245905,0
7573,245905,1
7574,245905,2
7575,245905,3
7576,245905,4
7578,245896,0
7580,245895,0
7581,245895,1
7582,245895,2
7584,245900,0
7585,245900,1
7586,245900,2
7588,245898,0
7589,245898,1
7591,248607,0
7592,248607,1
7593,248607,2
7594,248607,3
7595,248607,4
7596,248607,5
7597,248607,6
7598,248607,7
7600,248608,0
7601,248608,1
7602,248608,2
7604,248605,0
7605,248605,1
7606,248605,2
7608,248606,0
7609,248606,1
7611,245909,0
7613,248604,0
7615,245907,0
7617,245908,0
7619,248615,0
7620,248615,1
7622,248616,0
7623,248616,1
7625,248613,0
7626,248613,1
7628,248614,0
7630,248611,0
7631,248611,1
7632,248611,2
7634,248612,0
7635,248612,1
7636,248612,2
7637,248612,3
7639,248609,0
7640,248609,1
7642,248610,0
7644,253264,0
7645,253264,1
7647,253263,0
7648,253263,1
7649,253263,2
7650,253263,3
7651,253263,4
7653,249982,0
7654,249982,1
7655,249982,2
7657,249981,0
7658,249981,1
7659,249981,2
7661,249980,0
7662,249980,1
7663,249980,2
7664,249980,3
7665,249980,4
7667,249979,0
7668,249979,1
7669,249979,2
7670,249979,3
7672,248618,0
7674,248617,0
7675,248617,1
7676,248617,2
7677,248617,3
7679,253279,0
7680,253279,1
7681,253279,2
7683,253277,0
7684,253277,1
7685,253277,2
7687,253276,0
7688,253276,1
7689,253276,2
7691,253274,0
7692,253274,1
7693,253274,2
7694,253274,3
7696,253272,0
7697,253272,1
7698,253272,2
7700,253269,0
7701,253269,1
7703,253268,0
7704,253268,1
7706,253266,0
7707,253266,1
7709,223900,0
7710,223900,1
7711,223900,2
7713,223901,0
7714,223901,1
7715,223901,2
7717,223902,0
7718,223902,1
7719,223902,2
7721,223903,0
7722,223903,1
7724,227605,0
7725,227605,1
7726,227605,2
7728,227609,0
7729,227609,1
7731,227612,0
7732,227612,1
7733,227612,2
7735,227624,0
7736,227624,1
7737,227624,2
7738,227624,3
7740,232622,0
7741,232622,1
7743,232628,0
7745,232691,0
7746,232691,1
7747,232691,2
7748,232691,3
7750,232692,0
7751,232692,1
7752,232692,2
7754,232755,0
7755,232755,1
7756,232755,2
7758,232796,0
7759,232796,1
7761,232801,0
7762,232801,1
7763,232801,2
7765,233311,0
7766,233311,1
7768,233315,0
7769,233315,1
7770,233315,2
7772,233313,0
7773,233313,1
7774,233313,2
7775,233313,3
7777,233318,0
7778,233318,1
7780,233317,0
7781,233317,1
7783,233321,0
7784,233321,1
7785,233321,2
7786,233321,3
7787,233321,4
7788,233321,5
7789,233321,6
7790,233321,7
7791,233321,8
7792,233321,9
7793,233321,10
7794,233321,11
7796,233320,0
7797,233320,1
7798,233320,2
7800,233323,0
7801,233323,1
7803,233322,0
7804,233322,1
7805,233322,2
7806,233322,3
7808,233325,0
7809,233325,1
7811,233324,0
7812,233324,1
7813,233324,2
7815,233327,0
7816,233327,1
7817,233327,2
7818,233327,3
7820,233326,0
7821,233326,1
7822,233326,2
7824,233329,0
7826,233328,0
7827,233328,1
7828,233328,2
7830,233331,0
7831,233331,1
7833,233330,0
7834,233330,1
7835,233330,2
7836,233330,3
7838,233334,0
7839,233334,1
7840,233334,2
7842,233335,0
7843,233335,1
7844,233335,2
7846,233332,0
7847,233332,1
7849,233333,0
7850,233333,1
7851,233333,2
7853,233338,0
7854,233338,1
7856,233340,0
7857,233340,1
7858,233340,2
7859,233340,3
7861,233336,0
7863,233337,0
7864,233337,1
7866,233344,0
7867,233344,1
7868,233344,2
7870,233346,0
7871,233346,1
7872,233346,2
7873,233346,3
7874,233346,4
7875,233346,5
7876,233346,6
7877,233346,7
7878,233346,8
7880,233341,0
7881,233341,1
7882,233341,2
7884,233342,0
7885,233342,1
7886,233342,2
7887,233342,3
7889,233351,0
7890,233351,1
7891,233351,2
7893,233352,0
7894,233352,1
7896,233348,0
7897,233348,1
7898,233348,2
7900,233349,0
7902,233358,0
7903,233358,1
7904,233358,2
7906,233356,0
7907,233356,1
7909,233355,0
7910,233355,1
7911,233355,2
7913,233354,0
7914,233354,1
7915,233354,2
7916,233354,3
7918,233362,0
7919,233362,1
7920,233362,2
7921,233362,3
7923,233361,0
7924,233361,1
7925,233361,2
7927,233360,0
7928,233360,1
7929,233360,2
7930,233360,3
7931,233360,4
7932,233360,5
7933,233360,6
7934,233360,7
7936,233359,0
7937,233359,1
7939,233368,0
7940,233368,1
7941,233368,2
7942,233368,3
7944,233366,0
7945,233366,1
7946,233366,2
7947,233366,3
7949,233365,0
7950,233365,1
7952,233364,0
7953,233364,1
7954,233364,2
7955,233364,3
7956,233364,4
7958,234891,0
7959,234891,1
7960,234891,2
7962,234890,0
7964,233371,0
7965,233371,1
7967,233369,0
7968,233369,1
7969,233369,2
7970,233369,3
7971,233369,4
7973,872840,0
7974,872840,1
7975,872840,2
7976,872840,3
7977,872840,4
7978,872840,5
7980,872838,0
7981,872838,1
7982,872838,2
7983,872838,3
7985,872843,0
7986,872843,1
7987,872843,2
7989,872842,0
7990,872842,1
7991,872842,2
7992,872842,3
7993,872842,4
7995,872833,0
7997,872832,0
7998,872832,1
7999,872832,2
8000,872832,3
8002,872837,0
8003,872837,1
8005,872835,0
8006,872835,1
8007,872835,2
8008,872835,3
8009,872835,4
8011,872852,0
8012,872852,1
8013,872852,2
8014,872852,3
8016,872851,0
8017,872851,1
8019,872855,0
8020,872855,1
8021,872855,2
8022,872855,3
8023,872855,4
8024,872855,5
8025,872855,6
8026,872855,7
8027,872855,8
8028,872855,9
8029,872855,10
8030,872855,11
8031,872855,12
8032,872855,13
8033,872855,14
8034,872855,15
8036,872854,0
8037,872854,1
8038,872854,2
8039,872854,3
8040,872854,4
8041,872854,5
8042,872854,6
8043,872854,7
8045,872846,0
8046,872846,1
8047,872846,2
8049,872845,0
8050,872845,1
8051,872845,2
8052,872845,3
8053,872845,4
8054,872845,5
8055,872845,6
8056,872845,7
8057,872845,8
8058,872845,9
8059,872845,10
8061,872849,0
8062,872849,1
8063,872849,2
8064,872849,3
8065,872849,4
8066,872849,5
8068,872848,0
8069,872848,1
8070,872848,2
8072,872861,0
8073,872861,1
8074,872861,2
8075,872861,3
8076,872861,4
8077,872861,5
8078,872861,6
8079,872861,7
8080,872861,8
8082,872862,0
8083,872862,1
8084,872862,2
8085,872862,3
8086,872862,4
8087,872862,5
8088,872862,6
8089,872862,7
8090,872862,8
8091,872862,9
8092,872862,10
8094,872863,0
8095,872863,1
8096,872863,2
8097,872863,3
8098,872863,4
8099,872863,5
8100,872863,6
8102,872865,0
8103,872865,1
8104,872865,2
8106,872856,0
8107,872856,1
8108,872856,2
8109,872856,3
8111,872857,0
8112,872857,1
8113,872857,2
8114,872857,3
8115,872857,4
8116,872857,5
8117,872857,6
8118,872857,7
8119,872857,8
8120,872857,9
8122,872859,0
8123,872859,1
8124,872859,2
8125,872859,3
8127,872860,0
8128,872860,1
8129,872860,2
8130,872860,3
8131,872860,4
8132,872860,5
8133,872860,6
8134,872860,7
8135,872860,8
8137,872871,0
8138,872871,1
8140,872873,0
8141,872873,1
8142,872873,2
8143,872873,3
8145,872875,0
8146,872875,1
8148,872877,0
8150,872866,0
8151,872866,1
8152,872866,2
8154,872867,0
8155,872867,1
8157,872868,0
8158,872868,1
8159,872868,2
8161,872869,0
8162,872869,1
8163,872869,2
8165,872798,0
8166,872798,1
8167,872798,2
8169,872796,0
8170,872796,1
8171,872796,2
8172,872796,3
8174,872795,0
8175,872795,1
8176,872795,2
8178,872793,0
8179,872793,1
8180,872793,2
8181,872793,3
8182,872793,4
8184,872792,0
8185,872792,1
8186,872792,2
8187,872792,3
8188,872792,4
8190,872790,0
8191,872790,1
8192,872790,2
8194,872789,0
8195,872789,1
8196,872789,2
8197,872789,3
8199,872787,0
8200,872787,1
8202,872809,0
8203,872809,1
8205,872807,0
8207,872806,0
8208,872806,1
8210,872804,0
8211,872804,1
8213,872803,0
8214,872803,1
8215,872803,2
8216,872803,3
8217,872803,4
8219,872802,0
8220,872802,1
8221,872802,2
8223,872800,0
8224,872800,1
8225,872800,2
8226,872800,3
8228,872799,0
8229,872799,1
8230,872799,2
8232,872818,0
8233,872818,1
8234,872818,2
8235,872818,3
8237,872820,0
8238,872820,1
8239,872820,2
8241,872815,0
8242,872815,1
8243,872815,2
8244,872815,3
8246,872817,0
8247,872817,1
8248,872817,2
8249,872817,3
8251,872813,0
8252,872813,1
8253,872813,2
8255,872814,0
8256,872814,1
8257,872814,2
8258,872814,3
8260,872810,0
8261,872810,1
8263,872812,0
8264,872812,1
8265,872812,2
8266,872812,3
8267,872812,4
8269,872829,0
8270,872829,1
8272,872831,0
8273,872831,1
8274,872831,2
8276,872826,0
8278,872828,0
8279,872828,1
8280,872828,2
8281,872828,3
8282,872828,4
8284,872823,0
8285,872823,1
8286,872823,2
8288,872825,0
8289,872825,1
8290,872825,2
8292,872821,0
8293,872821,1
8294,872821,2
8295,872821,3
8296,872821,4
8298,872822,0
8299,872822,1
8300,872822,2
8302,776998,0
8304,776996,0
8306,777000,0
8307,777000,1
8308,777000,2
8309,777000,3
8310,777000,4
8311,777000,5
8312,777000,6
8313,777000,7
8314,777000,8
8316,776999,0
8318,777002,0
8319,777002,1
8320,777002,2
8322,777001,0
8324,777004,0
8325,777004,1
8327,777003,0
8329,777945,0
8330,777945,1
8331,777945,2
8332,777945,3
8333,777945,4
8334,777945,5
8336,777944,0
8337,777944,1
8339,872759,0
8341,777946,0
8342,777946,1
8344,872762,0
8345,872762,1
8346,872762,2
8347,872762,3
8349,872761,0
8350,872761,1
8351,872761,2
8353,872765,0
8354,872765,1
8355,872765,2
8357,872764,0
8358,872764,1
8360,872767,0
8361,872767,1
8362,872767,2
8363,872767,3
8364,872767,4
8365,872767,5
8366,872767,6
8367,872767,7
8369,872768,0
8370,872768,1
8371,872768,2
8373,872770,0
8374,872770,1
8375,872770,2
8377,872771,0
8378,872771,1
8379,872771,2
8381,872772,0
8382,872772,1
8383,872772,2
8385,872774,0
8386,872774,1
8387,872774,2
8388,872774,3
8390,872775,0
8391,872775,1
8392,872775,2
8394,872776,0
8395,872776,1
8396,872776,2
8398,872777,0
8399,872777,1
8400,872777,2
8401,872777,3
8403,872778,0
8405,872779,0
8407,872780,0
8408,872780,1
8410,872782,0
8411,872782,1
8412,872782,2
8414,872783,0
8415,872783,1
8417,872784,0
8418,872784,1
8420,872786,0
8421,872786,1
8423,767138,0
8424,767138,1
8425,767138,2
8426,767138,3
8427,767138,4
8428,767138,5
8429,767138,6
8430,767138,7
8431,767138,8
8432,767138,9
8434,767137,0
8435,767137,1
8436,767137,2
8437,767137,3
8438,767137,4
8439,767137,5
8440,767137,6
8442,767136,0
8443,767136,1
8444,767136,2
8446,767135,0
8447,767135,1
8449,767143,0
8450,767143,1
8451,767143,2
8452,767143,3
8454,767142,0
8455,767142,1
8456,767142,2
8458,767140,0
8459,767140,1
8460,767140,2
8461,767140,3
8462,767140,4
8464,767139,0
8465,767139,1
8466,767139,2
8468,767147,0
8469,767147,1
8470,767147,2
8471,767147,3
8473,767146,0
8474,767146,1
8476,767145,0
8477,767145,1
8479,767144,0
8480,767144,1
8481,767144,2
8482,767144,3
8483,767144,4
8484,767144,5
8485,767144,6
8487,767152,0
8488,767152,1
8489,767152,2
8490,767152,3
8492,767151,0
8494,767150,0
8495,767150,1
8497,767148,0
8499,775453,0
8501,775454,0
8502,775454,1
8503,775454,2
8505,767153,0
8506,767153,1
8507,767153,2
8509,767154,0
8510,767154,1
8512,775457,0
8513,775457,1
8514,775457,2
8515,775457,3
8516,775457,4
8518,776986,0
8519,776986,1
8521,775455,0
8522,775455,1
8523,775455,2
8525,775456,0
8526,775456,1
8528,776989,0
8529,776989,1
8530,776989,2
8532,776990,0
8533,776990,1
8535,776987,0
8536,776987,1
8537,776987,2
8539,776988,0
8540,776988,1
8541,776988,2
8543,776993,0
8545,776994,0
8547,776991,0
8548,776991,1
8550,776992,0
8551,776992,1
8552,776992,2
8554,758372,0
8556,776995,0
8558,776997,0
8560,671691,0
8562,671348,0
8564,671490,0
8566,671162,0
8568,671174,0
8570,671032,0
8572,603883,0
8574,565136,0
8576,959086,0
8577,959086,1
8579,959087,0
8581,959084,0
8583,959085,0
8584,959085,1
8586,756664,0
8588,673647,0
8590,673473,0
8592,673335,0
8594,673327,0
8596,673322,0
8598,673310,0
8600,673162,0
8602,672359,0
8604,672214,0
8606,672196,0
8608,672184,0
8610,672038,0
8612,672037,0
8614,672031,0
8616,671856,0
8618,958944,0
8619,958944,1
8620,958944,2
8622,958945,0
8623,958945,1
8625,958946,0
8627,958947,0
8628,958947,1
8629,958947,2
8630,958947,3
8631,958947,4
8633,958948,0
8634,958948,1
8636,959061,0
8638,672820,0
8639,672820,1
8641,959062,0
8643,672378,0
8644,672378,1
8646,959064,0
8648,672818,0
8649,672818,1
8651,950494,0
8652,950494,1
8654,672376,0
8655,672376,1
8656,672376,2
8657,672376,3
8658,672376,4
8660,953239,0
8661,953239,1
8662,953239,2
8664,672377,0
8665,672377,1
8666,672377,2
8667,672377,3
8668,672377,4
8670,953240,0
8671,953240,1
8672,953240,2
8674,672374,0
8675,672374,1
8676,672374,2
8677,672374,3
8678,672374,4
8679,672374,5
8681,953241,0
8682,953241,1
8683,953241,2
8684,953241,3
8685,953241,4
8687,672375,0
8688,672375,1
8689,672375,2
8690,672375,3
8692,953242,0
8693,953242,1
8694,953242,2
8695,953242,3
8697,672372,0
8698,672372,1
8700,953243,0
8701,953243,1
8702,953243,2
8704,672373,0
8705,672373,1
8706,672373,2
8708,953244,0
8709,953244,1
8710,953244,2
8711,953244,3
8712,953244,4
8714,672370,0
8715,672370,1
8716,672370,2
8718,958943,0
8719,958943,1
8720,958943,2
8722,672371,0
8723,672371,1
8724,672371,2
8725,672371,3
8726,672371,4
8727,672371,5
8728,672371,6
8730,959074,0
8731,959074,1
8732,959074,2
8733,959074,3
8735,672840,0
8736,672840,1
8737,672840,2
8739,959073,0
8740,959073,1
8742,672839,0
8743,672839,1
8744,672839,2
8746,959078,0
8748,672838,0
8749,672838,1
8751,959076,0
8752,959076,1
8753,959076,2
8754,959076,3
8756,672837,0
8757,672837,1
8759,959080,0
8760,959080,1
8762,672836,0
8763,672836,1
8765,959079,0
8766,959079,1
8768,672835,0
8769,672835,1
8771,959083,0
8772,959083,1
8773,959083,2
8774,959083,3
8776,672834,0
8777,672834,1
8779,959081,0
8781,672833,0
8782,672833,1
8783,672833,2
8785,959066,0
8787,672832,0
8788,672832,1
8789,672832,2
8791,959065,0
8792,959065,1
8793,959065,2
8795,672831,0
8796,672831,1
8797,672831,2
8799,959068,0
8800,959068,1
8802,672830,0
8804,959067,0
8805,959067,1
8806,959067,2
8807,959067,3
8809,672829,0
8810,672829,1
8811,672829,2
8813,959070,0
8814,959070,1
8815,959070,2
8816,959070,3
8817,959070,4
8819,672828,0
8820,672828,1
8822,959069,0
8823,959069,1
8824,959069,2
8825,959069,3
8826,959069,4
8828,672827,0
8829,672827,1
8831,959072,0
8832,959072,1
8834,672826,0
8835,672826,1
8837,959071,0
8838,959071,1
8839,959071,2
8840,959071,3
8842,672825,0
8844,945729,0
8845,945729,1
8846,945729,2
8847,945729,3
8848,945729,4
8849,945729,5
8850,945729,6
8852,672973,0
8853,672973,1
8855,945730,0
8857,672974,0
8858,672974,1
8859,672974,2
8860,672974,3
8861,672974,4
8863,945727,0
8865,672975,0
8866,672975,1
8867,672975,2
8869,945728,0
8870,945728,1
8871,945728,2
8872,945728,3
8873,945728,4
8874,945728,5
8875,945728,6
8876,945728,7
8877,945728,8
8878,945728,9
8879,945728,10
8880,945728,11
8882,672976,0
8883,672976,1
8884,672976,2
8885,672976,3
8887,945733,0
8888,945733,1
8889,945733,2
8890,945733,3
8891,945733,4
8892,945733,5
8894,672969,0
8895,672969,1
8896,672969,2
8897,672969,3
8898,672969,4
8900,945734,0
8901,945734,1
8902,945734,2
8904,672970,0
8905,672970,1
8907,945731,0
8908,945731,1
8909,945731,2
8911,672971,0
8912,672971,1
8913,672971,2
8915,945732,0
8916,945732,1
8917,945732,2
8918,945732,3
8919,945732,4
8920,945732,5
8921,945732,6
8922,945732,7
8923,945732,8
8924,945732,9
8926,672972,0
8927,672972,1
8928,672972,2
8929,672972,3
8931,937600,0
8932,937600,1
8934,672965,0
8935,672965,1
8937,937601,0
8938,937601,1
8939,937601,2
8940,937601,3
8942,672966,0
8943,672966,1
8944,672966,2
8946,872878,0
8947,872878,1
8949,672967,0
8950,672967,1
8951,672967,2
8953,937599,0
8954,937599,1
8955,937599,2
8956,937599,3
8958,672968,0
8959,672968,1
8961,945724,0
8963,672841,0
8964,672841,1
8966,945725,0
8967,945725,1
8969,672842,0
8970,672842,1
8971,672842,2
8973,945722,0
8974,945722,1
8975,945722,2
8977,672963,0
8978,672963,1
8980,945723,0
8982,672964,0
8983,672964,1
8985,950488,0
8986,950488,1
8987,950488,2
8989,672990,0
8990,672990,1
8991,672990,2
8993,950487,0
8994,950487,1
8995,950487,2
8997,672989,0
8998,672989,1
8999,672989,2
9001,950486,0
9002,950486,1
9004,672992,0
9005,672992,1
9007,950485,0
9008,950485,1
9009,950485,2
9010,950485,3
9011,950485,4
9012,950485,5
9013,950485,6
9014,950485,7
9015,950485,8
9017,672991,0
9018,672991,1
9019,672991,2
9021,950493,0
9022,950493,1
9024,672986,0
9025,672986,1
9027,950492,0
9028,950492,1
9029,950492,2
9031,672985,0
9032,672985,1
9033,672985,2
9035,950491,0
9037,672988,0
9038,672988,1
9039,672988,2
9041,950490,0
9042,950490,1
9043,950490,2
9045,672987,0
9046,672987,1
9048,945739,0
9049,945739,1
9050,945739,2
9052,672982,0
9053,672982,1
9054,672982,2
9055,672982,3
9057,945737,0
9058,945737,1
9059,945737,2
9060,945737,3
9061,945737,4
9063,672981,0
9064,672981,1
9066,945736,0
9067,945736,1
9068,945736,2
9069,945736,3
9071,672984,0
9072,672984,1
9073,672984,2
9074,672984,3
9076,945735,0
9078,672983,0
9079,672983,1
9081,950484,0
9082,950484,1
9083,950484,2
9085,672978,0
9086,672978,1
9088,950483,0
9089,950483,1
9090,950483,2
9092,672977,0
9093,672977,1
9095,950482,0
9096,950482,1
9097,950482,2
9099,672980,0
9101,945741,0
9103,672979,0
9104,672979,1
