item,category,cost,fling_power,fling_effect
rec-678-dup-0,22,0,,
rec-671-dup-0,21,0,,
rec-1440-dup-0,49,,,
rec-573-dup-0,25,50,,
id-1419,49,20,,
id-1418,49,20,,
rec-1026-dup-0,24,300,30,
id-1413,49,20,,
id-1412,49,20,,
id-1411,49,20,,
id-1410,49,20,,
id-1417,49,20,,
id-1416,49,20,,
id-1415,49,20,,
id-1414,49,20,,
rec-418-dup-0,23,,,
rec-570-dup-1,25,50,,
rec-128-dup-0,3,80,10,3
rec-128-dup-1,3,80,10,3
rec-1612-dup-0,49,20,,
rec-341-dup-1,37,1000,,
rec-341-dup-0,,1000,,
rec-529-dup-0,21,0,,
id-411,21,0,,
rec-1243-dup-0,37,16000,120,
id-410,21,0,,
rec-570-dup-0,25,50,,
rec-903-dup-1,,1000,50,
rec-903-dup-0,45,1000,50,
rec-1258-dup-0,37,10000,80,
rec-1258-dup-1,37,10000,80,
id-1527,49,20,,
id-1526,49,20,,
id-1525,49,20,,
id-1524,49,20,,
id-1523,49,20,,
id-1522,49,20,,
id-1521,49,20,,
id-1520,49,20,,
rec-103-dup-0,35,10000,100,
id-1529,49,20,,
id-1528,49,20,,
id-419,21,0,,
rec-310-dup-1,37,1000,,
id-418,23,0,,
id-972,23,0,,
id-973,23,0,,
id-970,23,0,,
id-1069,47,20,,
id-976,23,0,,
id-977,23,0,,
id-974,23,0,,
id-975,23,0,,
id-1062,47,20,,
id-1063,47,20,,
id-978,23,0,,
id-979,23,0,,
id-1066,47,20,,
id-1067,47,20,,
id-1064,47,20,,
id-1065,47,20,,
rec-1353-dup-1,49,20,,
id-559,22,0,,
rec-1456-dup-0,49,20,,
rec-1027-dup-0,24,600,30,
rec-118-dup-0,25,50,,
rec-474-dup-0,22,,,
rec-474-dup-1,22,0,,
id-488,41,0,,
id-489,41,0,,
rec-151-dup-0,2,80,10,
rec-151-dup-1,2,80,10,
rec-1545-dup-0,49,20,,
id-482,22,0,,
id-483,22,0,,
id-480,22,0,,
id-481,22,0,,
id-486,41,0,,
id-487,41,0,,
id-484,21,0,,
id-485,22,0,,
rec-1313-dup-0,21,0,,
rec-1313-dup-1,21,0,,
rec-1607-dup-0,49,20,,
id-378,37,1000,,
id-379,37,1000,,
id-808,44,0,80,
id-809,44,0,80,
id-374,37,50000,,
id-375,37,50000,,
id-804,44,0,80,
id-377,37,1000,,
id-370,37,30000,,
id-371,37,30000,,
id-372,37,30000,,
id-801,44,0,80,
rec-528-dup-0,21,0,,
id-578,25,50,,
id-579,25,50,,
id-576,25,50,,
id-577,25,50,,
id-574,25,50,,
id-575,25,50,,
id-572,25,50,,
id-573,25,50,,
id-570,25,50,,
id-571,25,50,,
id-396,37,100000,,
id-397,37,0,,
id-394,37,20000,,
id-395,37,20000,,
id-392,37,20000,,
id-393,37,20000,,
id-390,37,1000,,
id-391,37,1000,,
id-398,37,0,,
id-399,37,0,,
id-670,21,0,,
rec-826-dup-0,46,,,
id-1242,37,4000,10,
id-1243,37,16000,120,
id-1240,37,6000,10,
id-1241,37,16000,120,
id-1246,37,6000,80,
id-1247,37,6000,80,
id-1244,37,6000,80,
id-1245,37,6000,80,
id-1248,37,6000,80,
id-1249,37,10000,90,
id-1084,47,20,,
id-1085,47,20,,
id-718,44,0,80,
id-719,44,0,80,
id-1080,47,20,,
id-1081,47,20,,
id-1082,47,20,,
id-1083,47,20,,
id-712,44,0,80,
id-713,44,0,80,
id-710,44,0,80,
id-711,44,0,80,
id-716,44,0,80,
id-717,44,0,80,
id-714,44,0,80,
id-715,44,0,80,
id-232,12,5000,10,
rec-312-dup-0,,50000,,
rec-1357-dup-0,49,20,,
id-49,26,10000,30,
id-48,26,10000,30,
rec-1179-dup-0,12,4000,80,
id-41,28,4500,30,
id-40,28,3000,30,
id-43,27,200,30,
id-42,30,350,30,
id-45,26,10000,30,
id-44,29,50000,30,
id-47,26,10000,30,
id-46,26,10000,30,
rec-330-dup-0,37,1000,,
rec-148-dup-0,2,80,10,
rec-148-dup-1,2,80,10,
rec-1347-dup-0,49,,,
rec-586-dup-0,12,4000,10,
rec-586-dup-1,,4000,10,
id-626,24,0,30,
id-627,24,60000,30,
id-156,8,20,10,
id-625,24,0,30,
id-622,24,40000,130,
id-623,24,20000,30,
id-620,22,0,,
id-153,8,20,10,
id-1336,49,20,,
id-1337,49,20,,
id-1334,49,20,,
id-1335,49,20,,
id-158,8,20,10,
id-159,8,20,10,
id-628,24,0,30,
id-629,24,0,30,
rec-162-dup-0,7,80,10,
rec-320-dup-0,37,1000,,
rec-484-dup-0,21,0,,
rec-906-dup-0,45,1000,50,
rec-1533-dup-0,,20,,
rec-614-dup-1,35,7000,100,
rec-388-dup-0,37,,,
rec-388-dup-1,37,1000,,
rec-1129-dup-0,47,20,,
rec-731-dup-0,42,200,,
rec-731-dup-1,,200,,
rec-438-dup-0,,0,,
rec-1360-dup-0,49,20,,
rec-1472-dup-0,,20,,
rec-963-dup-0,,0,,
rec-932-dup-0,23,,,
rec-1153-dup-0,51,2200,20,
rec-997-dup-1,23,0,,
rec-1316-dup-1,51,400,50,
rec-1316-dup-0,51,400,50,
rec-1124-dup-0,47,20,,
rec-1539-dup-0,49,,,
rec-1539-dup-1,49,20,,
rec-402-dup-1,,0,,
rec-150-dup-0,2,80,10,
rec-1427-dup-0,,20,,
rec-487-dup-0,41,0,,
rec-999-dup-0,23,,,
rec-1653-dup-0,22,0,,
id-1408,49,20,,
id-1409,49,20,,
rec-838-dup-0,21,0,,
id-1400,49,20,,
id-1401,49,20,,
id-1402,49,20,,
id-1403,49,20,,
id-1404,49,20,,
id-1405,49,20,,
id-1406,49,20,,
id-1407,49,20,,
rec-1322-dup-0,51,15000,50,
rec-132-dup-0,3,80,10,3
id-1534,49,20,,
id-1535,49,20,,
id-1536,49,20,,
id-1537,49,20,,
id-1530,49,20,,
id-1531,49,20,,
id-1532,49,20,,
id-1533,49,20,,
id-1538,49,20,,
id-1539,49,20,,
id-668,42,200,,
rec-740-dup-0,22,0,,
rec-1195-dup-0,37,6000,10,
rec-310-dup-0,37,1000,,
id-961,23,0,,
id-960,23,0,,
id-963,23,0,,
id-962,23,0,,
id-965,23,0,,
id-964,23,0,,
id-967,23,0,,
id-966,23,0,,
id-969,23,0,,
id-968,23,0,,
rec-285-dup-0,17,1000,90,
rec-285-dup-1,,1000,90,
id-1658,22,0,,
rec-737-dup-0,,0,,
id-1651,22,0,,
id-1650,22,0,,
id-1653,22,0,,
id-1652,22,0,,
id-1655,9,20,30,
id-1654,22,0,,
id-1657,26,20,,
id-1656,22,20,,
rec-532-dup-1,,0,,
rec-532-dup-0,21,0,,
rec-1150-dup-0,51,400,10,
rec-235-dup-0,18,1000,90,
rec-1148-dup-0,51,150,10,
id-499,41,0,,
id-498,41,0,,
rec-1356-dup-0,49,20,,
id-491,41,0,,
id-490,41,0,,
id-493,41,0,,
id-492,41,0,,
id-495,41,0,,
id-494,41,0,,
id-497,41,0,,
id-496,41,0,,
rec-1332-dup-0,49,20,,
id-369,37,1000,,
id-368,37,1000,,
id-819,46,0,,
id-818,46,0,,
id-363,37,100000,,
id-814,21,0,,
id-817,46,0,,
id-816,21,0,,
id-811,44,0,80,
id-810,44,0,80,
id-365,37,30000,,
id-364,37,30000,,
id-569,25,50,,
id-568,25,50,,
id-565,18,0,70,
id-564,18,0,70,
id-567,27,3000,30,
id-566,18,0,70,
id-561,22,0,,
id-560,22,0,,
id-563,18,0,70,
id-562,20,0,,
id-385,37,1000,,
id-384,37,1000,,
id-387,37,100000,,
id-386,37,1000,,
id-381,37,1000,,
id-380,37,10000,,
id-383,37,1000,,
id-382,37,1000,,
id-389,37,1000,,
id-388,37,1000,,
rec-1289-dup-0,,20,10,
rec-1289-dup-1,50,20,10,
rec-306-dup-0,37,1000,,
rec-306-dup-1,37,1000,,
rec-748-dup-0,,1000,,
id-1068,47,20,,
id-709,44,0,80,
id-708,44,0,80,
id-971,23,0,,
id-701,44,0,80,
id-700,44,0,80,
id-703,44,0,80,
id-702,44,0,80,
id-705,44,0,80,
id-704,44,0,80,
id-707,44,0,80,
id-706,44,0,80,
id-58,1,2000,30,
id-59,1,1000,30,
rec-1300-dup-0,,20,10,
rec-1300-dup-1,50,20,10,
id-52,26,10000,30,
id-53,26,10000,30,
id-50,26,10000,30,
id-51,26,10000,30,
id-56,1,1000,30,
id-57,1,1000,30,
id-54,30,350,30,
id-55,1,1500,30,
id-600,42,200,,
id-1061,47,20,,
id-1359,49,20,,
id-143,8,200,10,
id-142,8,20,10,
id-141,8,200,10,
id-1348,49,20,,
id-147,2,80,10,
id-146,2,80,10,
id-145,8,200,10,
id-144,8,20,10,
id-1343,49,20,,
id-1342,49,20,,
id-149,2,80,10,
id-148,2,80,10,
id-639,43,0,,
id-1346,49,20,,
id-1345,49,20,,
id-1344,49,20,,
id-661,37,1000,,
id-1350,49,20,,
rec-1381-dup-0,49,20,,
rec-668-dup-0,42,200,,
rec-1281-dup-0,37,10000,85,
id-609,26,300,20,
rec-407-dup-0,23,0,,
id-666,22,0,,
rec-1002-dup-0,23,0,,
rec-764-dup-0,23,,,
id-664,22,0,,
rec-595-dup-0,42,200,,
rec-1245-dup-0,37,6000,80,
id-897,12,4000,30,
rec-809-dup-0,,0,80,
rec-809-dup-1,44,0,80,
rec-769-dup-0,23,0,,
id-1435,49,20,,
id-1434,49,20,,
id-1437,49,20,,
id-1436,49,20,,
id-1431,49,20,,
id-1430,49,20,,
id-1433,49,20,,
id-1432,49,20,,
rec-598-dup-1,,200,,
rec-598-dup-0,42,200,,
id-1439,49,20,,
id-1438,49,20,,
rec-186-dup-0,,80,10,3
rec-1338-dup-0,,20,,
rec-912-dup-0,45,1000,50,
rec-1475-dup-0,49,20,,
rec-387-dup-0,,100000,,
id-1501,49,20,,
id-1500,49,20,,
id-1503,49,20,,
id-1502,49,20,,
id-1505,49,20,,
id-1504,49,20,,
id-1507,49,20,,
id-1506,49,20,,
id-1509,49,20,,
id-1508,49,20,,
id-896,12,4000,60,
rec-1288-dup-1,37,,,
rec-1288-dup-0,37,10000,,
rec-461-dup-0,40,200,10,
id-1646,22,0,,
id-1647,22,0,,
id-1644,22,0,,
id-1645,22,0,,
id-958,23,0,,
id-959,23,0,,
id-1640,21,0,,
id-1641,23,0,,
id-954,23,0,,
id-955,23,0,,
id-956,23,0,,
id-957,23,0,,
id-950,23,0,,
id-951,23,0,,
id-952,23,0,,
id-953,23,0,,
rec-1320-dup-0,51,150,10,
rec-1320-dup-1,51,150,10,
rec-254-dup-0,12,4000,30,
rec-254-dup-1,12,4000,30,
rec-1302-dup-0,50,20,10,
rec-437-dup-0,22,0,,
rec-1180-dup-1,,4000,100,
id-828,46,0,,
id-829,46,0,,
rec-1420-dup-0,49,20,,
id-1019,48,5000,10,
id-820,46,0,,
id-821,46,0,,
id-822,46,0,,
id-823,46,0,,
id-824,46,0,,
id-825,46,0,,
id-826,46,0,,
id-827,46,0,,
id-558,21,0,,
id-806,21,0,,
id-807,23,0,,
id-550,21,0,,
id-551,21,0,,
id-552,21,0,,
id-553,22,0,,
id-554,22,0,,
id-376,37,50000,,
id-556,20,0,,
id-557,20,0,,
id-805,44,0,80,
id-1648,22,0,,
id-802,44,0,80,
rec-1270-dup-0,37,4000,20,
id-803,44,0,80,
rec-187-dup-1,5,80,10,
rec-187-dup-0,5,,10,
rec-1353-dup-0,49,20,,
id-800,44,0,80,
rec-1018-dup-0,48,1000,10,
id-373,37,1000,,
id-734,21,0,,
id-735,22,0,,
id-736,22,0,,
id-737,21,0,,
id-730,35,7000,100,
id-731,42,200,,
id-732,21,0,,
id-733,22,0,,
id-738,22,0,,
id-739,21,0,,
id-67,38,20,30,
id-66,38,20,30,
id-65,38,20,30,
id-64,11,100,30,
id-63,11,300,30,
id-62,1,2000,30,
id-61,1,1000,30,
id-60,1,1000,30,
id-69,11,20,30,
id-68,11,20,30,
rec-1441-dup-0,49,20,,
rec-19-dup-0,30,,30,
rec-19-dup-1,,200,30,
rec-645-dup-0,43,0,,
rec-1616-dup-0,49,20,,
rec-1616-dup-1,49,20,,
id-1358,49,20,,
id-601,42,200,,
id-602,42,200,,
id-603,42,200,,
id-604,42,200,,
id-605,42,200,,
id-606,26,300,20,
id-607,26,300,20,
id-608,26,300,20,
id-1351,49,20,,
id-1352,49,20,,
id-1353,49,20,,
id-1354,49,20,,
id-1355,49,20,,
id-1356,49,20,,
id-1357,49,20,,
rec-1563-dup-0,49,,,
rec-1483-dup-0,,20,,
rec-1483-dup-1,49,20,,
rec-200-dup-0,16,10000,30,
rec-1420-dup-1,,20,,
rec-41-dup-0,28,4500,30,
rec-1504-dup-0,,20,,
rec-1323-dup-0,23,0,,
rec-1585-dup-0,49,20,,
rec-1432-dup-0,49,20,,
rec-1432-dup-1,49,20,,
rec-1506-dup-0,49,20,,
rec-1056-dup-0,26,20,,
rec-1504-dup-1,49,20,,
rec-1312-dup-1,10,,80,
rec-621-dup-0,24,15000,30,
rec-49-dup-0,26,10000,30,
rec-1312-dup-0,10,38000,80,
id-1268,37,6000,10,
rec-1399-dup-0,49,20,,
rec-1318-dup-1,51,950,10,
rec-1318-dup-0,51,950,10,
rec-1020-dup-0,22,0,,
rec-1033-dup-0,24,0,30,
rec-491-dup-1,41,0,,
rec-491-dup-0,41,0,,
id-1422,49,20,,
id-769,23,0,,
id-1420,49,20,,
id-1421,49,20,,
id-1426,49,20,,
id-1427,49,20,,
id-1424,49,20,,
id-1425,49,20,,
id-1428,49,20,,
id-1429,49,20,,
rec-95-dup-0,32,,30,
rec-95-dup-1,32,200,30,
rec-1175-dup-0,10,2200,30,
id-768,23,0,,
id-1276,37,6000,10,
rec-6-dup-0,33,1000,,
rec-907-dup-0,,1000,50,
rec-509-dup-0,,0,,
rec-1269-dup-0,,6000,95,
rec-1567-dup-1,,20,,
rec-1567-dup-0,49,20,,
rec-635-dup-0,43,0,,
id-1518,49,20,,
id-1519,49,20,,
id-1516,49,20,,
id-1517,49,20,,
id-1514,49,20,,
id-1515,49,20,,
id-1512,49,20,,
id-1086,47,20,,
id-1510,49,20,,
id-1511,49,20,,
rec-496-dup-0,,0,,
id-1087,47,20,,
rec-76-dup-0,,700,30,
rec-261-dup-0,12,4000,60,
rec-1497-dup-1,49,20,,
rec-1497-dup-0,49,20,,
id-1633,9,3000,30,
id-1632,9,20,30,
id-949,23,0,,
id-948,23,0,,
id-1637,23,0,,
id-1636,23,0,,
id-1635,22,0,,
id-1634,21,0,,
id-943,23,0,,
id-942,23,0,,
id-941,23,0,,
id-940,23,0,,
id-947,23,0,,
id-946,23,0,,
id-945,23,0,,
id-944,23,0,,
id-764,23,0,,
id-1088,47,20,,
id-1089,47,20,,
rec-205-dup-0,12,4000,30,
rec-8-dup-0,33,,,
rec-45-dup-0,26,10000,30,
id-837,24,10000,30,
id-836,24,5000,30,
id-835,46,0,,
id-834,46,0,,
id-1189,37,6000,85,
id-1188,37,4000,10,
id-831,46,0,,
id-830,46,0,,
id-1185,26,3000,30,
id-1184,26,1000,30,
id-1187,26,0,30,
id-1186,26,10000,30,
id-1181,12,4000,60,
id-1180,12,4000,100,
id-1183,26,240,30,
id-1182,26,20,30,
id-547,22,0,,
id-546,22,0,,
id-545,22,0,,
id-544,22,0,,
id-543,22,0,,
id-542,21,0,,
id-541,22,0,,
id-540,22,0,,
rec-281-dup-0,17,1000,90,
id-549,21,0,,
id-548,22,0,,
rec-1139-dup-0,21,0,,
rec-1139-dup-1,21,0,,
rec-122-dup-0,25,50,,
rec-122-dup-1,25,50,,
id-760,44,0,80,
id-1299,50,20,10,
id-1298,50,20,10,
id-721,44,0,80,
id-720,44,0,80,
id-727,24,3000,30,
id-726,24,20,10,
id-725,4,80,10,3
id-724,4,80,10,3
id-1291,50,20,10,
id-1290,50,20,10,
id-1293,50,20,10,
id-728,30,350,30,
id-1295,50,20,10,
id-1294,50,20,10,
id-1297,50,20,10,
id-1296,50,20,10,
rec-546-dup-0,22,0,,
rec-546-dup-1,22,0,,
id-1349,49,20,,
id-70,9,20,30,
id-71,9,20,30,
id-72,9,1000,30,
id-73,9,1000,30,
id-74,9,1000,30,
id-75,9,1000,30,
id-76,11,700,30,
id-77,11,900,30,
id-78,11,300,30,
id-79,11,400,30,
rec-783-dup-1,22,0,,
rec-783-dup-0,22,0,,
rec-1214-dup-0,37,2000,10,
id-1365,49,20,,
id-1364,49,20,,
id-1367,49,20,,
id-1366,49,20,,
id-1361,49,20,,
id-1360,49,20,,
id-1363,49,20,,
id-1362,49,20,,
rec-685-dup-0,26,10000,,
id-1369,49,20,,
id-1368,49,20,,
id-1167,10,500,10,
id-1166,35,5000,100,
id-1165,35,5000,100,
id-1164,35,5000,100,
id-1163,35,5000,100,
id-1162,18,0,,
id-619,21,0,,
id-618,11,100,30,
id-617,33,0,,
id-616,12,200,30,
id-615,20,0,,
id-614,35,7000,100,
id-613,35,7000,100,
id-612,24,1000,20,
id-611,26,300,20,
id-610,26,300,20,
rec-685-dup-1,26,10000,,
rec-135-dup-0,3,80,10,3
rec-135-dup-1,3,80,10,3
rec-1611-dup-1,49,20,,
rec-1611-dup-0,49,20,,
rec-1294-dup-0,50,20,10,
rec-819-dup-0,46,0,,
rec-516-dup-0,25,50,,
rec-249-dup-0,15,4000,30,1
rec-147-dup-1,2,80,10,
rec-147-dup-0,2,80,10,
id-346,37,1000,,
rec-994-dup-0,23,0,,
rec-1517-dup-0,49,20,,
id-154,8,20,10,
id-155,8,20,10,
rec-891-dup-0,18,300,10,
id-624,24,25000,30,
id-157,8,20,10,
rec-1517-dup-1,49,20,,
id-150,2,80,10,
id-151,2,80,10,
id-152,8,20,10,
id-621,24,15000,30,
id-1131,47,20,,
rec-315-dup-0,37,1000,,
rec-315-dup-1,37,1000,,
rec-1469-dup-0,49,20,,
id-1423,49,20,,
id-1332,49,20,,
rec-1043-dup-0,26,20,,
id-1333,49,20,,
rec-1043-dup-1,26,20,,
id-1330,49,20,,
rec-1255-dup-0,37,10000,90,
rec-191-dup-0,12,4000,10,4
id-1331,49,20,,
rec-1499-dup-1,49,20,,
rec-1499-dup-0,49,20,,
rec-715-dup-0,,0,80,
rec-1650-dup-0,22,,,
rec-237-dup-1,36,100,10,
rec-237-dup-0,36,100,10,
rec-975-dup-0,23,0,,
rec-975-dup-1,23,0,,
rec-299-dup-0,10,2000,80,
rec-179-dup-0,5,80,10,3
rec-786-dup-0,23,0,,
rec-786-dup-1,23,0,,
id-1569,49,20,,
id-1568,49,20,,
rec-22-dup-0,30,200,30,
rec-22-dup-1,30,200,30,
id-1563,49,20,,
id-1562,49,20,,
id-1561,49,20,,
id-1560,49,20,,
id-1567,49,20,,
id-1566,49,20,,
id-1565,49,20,,
id-1564,49,20,,
rec-52-dup-0,26,10000,30,
rec-544-dup-0,22,0,,
rec-1165-dup-0,35,5000,100,
rec-1551-dup-0,49,20,,
rec-1551-dup-1,49,20,,
id-1620,49,20,,
id-1621,49,20,,
id-1622,49,20,,
id-1623,49,20,,
id-1624,49,20,,
id-1625,49,20,,
id-1626,49,20,,
id-1627,49,20,,
id-1628,49,20,,
id-1629,49,20,,
rec-119-dup-0,,50,,
rec-1533-dup-1,49,20,,
rec-1656-dup-0,,20,,
rec-1656-dup-1,22,20,,
rec-163-dup-1,,80,10,
rec-163-dup-0,7,80,10,
rec-890-dup-0,18,300,10,
rec-890-dup-1,18,300,10,
rec-119-dup-1,25,50,,
rec-797-dup-0,44,0,80,
rec-797-dup-1,44,0,80,
rec-395-dup-0,37,20000,,
id-842,46,0,,
id-843,46,0,,
id-840,46,0,,
id-841,46,0,,
id-846,46,0,,
id-847,46,0,,
id-844,46,0,,
id-845,46,0,,
id-1192,37,10000,90,
id-1193,37,10000,90,
id-1190,37,10000,90,
id-1191,37,16000,110,
id-1196,37,10000,90,
id-1197,37,16000,110,
id-1194,37,16000,110,
id-1195,37,6000,10,
id-532,21,0,,
id-533,22,0,,
id-530,22,0,,
id-531,21,0,,
id-536,21,0,,
id-537,22,0,,
id-534,20,0,,
id-535,22,0,,
id-538,22,0,,
id-539,22,0,,
rec-738-dup-0,22,0,,
id-1286,37,6000,85,
id-1287,37,6000,80,
id-1284,37,10000,90,
id-1285,37,10000,85,
id-1282,37,10000,95,
id-1283,37,6000,80,
id-1280,37,6000,80,
id-1281,37,10000,85,
id-636,43,0,,
id-1288,37,10000,,
id-1289,50,20,10,
id-288,17,1000,90,
id-289,17,1000,90,
id-284,17,1000,90,
id-285,17,1000,90,
id-286,17,1000,90,
id-287,17,1000,90,
id-280,17,1000,90,
id-281,17,1000,90,
id-282,17,1000,90,
id-283,17,1000,90,
id-990,23,0,,
id-991,23,0,,
id-992,23,0,,
id-993,23,0,,
id-994,23,0,,
id-995,23,0,,
id-448,22,0,,
id-449,39,0,,
id-446,21,0,,
id-447,21,0,,
id-444,20,0,,
id-445,20,0,,
id-442,18,0,60,
id-443,21,0,,
id-440,22,0,,
id-441,22,0,,
id-266,14,3000,70,
id-267,14,3000,70,
id-264,13,4000,10,
id-265,15,4000,80,
id-89,24,8000,30,
id-88,24,2000,30,
id-260,12,4000,10,
id-261,12,4000,60,
id-85,10,3000,30,
id-84,10,3000,30,
id-87,24,5000,30,
id-86,24,500,30,
id-81,10,3000,30,
id-80,10,3000,30,
id-83,10,3000,30,
id-82,10,3000,30,
rec-915-dup-0,45,1000,50,
id-1372,49,20,,
id-1373,49,20,,
id-1370,49,20,,
id-1371,49,20,,
id-1376,49,20,,
id-1377,49,20,,
id-1374,49,20,,
id-1375,49,20,,
id-1378,49,20,,
id-1379,49,20,,
id-198,12,5000,30,7
id-1175,10,2200,30,
id-1176,12,4000,30,
id-669,42,4000,,
id-1170,10,500,10,
id-1171,10,500,10,
id-1172,10,500,10,
id-1173,10,500,10,
id-190,12,4000,10,
id-191,12,4000,10,4
id-192,14,3000,60,
id-193,16,0,,
id-194,12,4000,80,
id-195,16,4000,10,
id-196,12,4000,10,4
id-197,13,4000,10,
rec-43-dup-0,27,,30,
rec-309-dup-0,37,,,
rec-650-dup-1,43,,,
rec-115-dup-0,25,50,,
rec-1237-dup-0,37,4000,10,
rec-749-dup-1,37,5000,,
rec-749-dup-0,37,,,
rec-895-dup-0,22,0,,
rec-976-dup-0,,0,,
rec-1035-dup-0,24,0,30,
rec-816-dup-0,21,,,
rec-816-dup-1,21,0,,
rec-89-dup-0,24,8000,30,
rec-1073-dup-0,47,20,,
rec-1535-dup-0,49,20,,
id-455,39,0,,
id-454,39,0,,
id-457,34,300,,
id-456,34,0,,
rec-964-dup-0,23,0,,
id-1338,49,20,,
rec-1511-dup-0,49,20,,
rec-1511-dup-1,49,20,,
id-451,39,0,,
rec-224-dup-0,,1000,30,
rec-614-dup-0,35,,100,
id-450,39,0,,
id-453,39,0,,
id-452,39,0,,
rec-997-dup-0,23,0,,
id-1339,49,20,,
rec-788-dup-0,23,0,,
rec-788-dup-1,23,0,,
id-1513,49,20,,
rec-1518-dup-0,49,20,,
rec-274-dup-0,13,,10,
rec-611-dup-0,26,300,20,
id-98,32,200,30,
id-99,35,7000,100,
rec-684-dup-0,17,1000,90,
rec-1079-dup-0,47,20,,
rec-1620-dup-0,49,20,,
rec-1407-dup-0,49,20,,
rec-472-dup-0,21,0,,
id-92,24,10000,30,
id-93,9,100,30,
id-746,37,1000,,
rec-959-dup-0,23,0,,
rec-959-dup-1,23,0,,
rec-1446-dup-0,49,20,,
rec-1274-dup-0,37,10000,90,
rec-1274-dup-1,37,10000,90,
rec-1507-dup-0,49,,,
rec-1374-dup-1,49,20,,
rec-1374-dup-0,49,20,,
rec-782-dup-0,,0,,
rec-47-dup-1,26,10000,30,
rec-47-dup-0,26,10000,30,
rec-1237-dup-1,37,4000,10,
rec-1084-dup-1,47,20,,
rec-1084-dup-0,47,20,,
id-1578,49,20,,
id-1579,49,20,,
rec-79-dup-0,11,,30,
rec-79-dup-1,11,400,30,
id-1570,49,20,,
id-1571,49,20,,
id-1572,49,20,,
id-1573,49,20,,
id-1574,49,20,,
id-1575,49,20,,
id-1576,49,20,,
id-1577,49,20,,
rec-242-dup-1,12,,10,
rec-58-dup-0,1,2000,30,
rec-28-dup-0,29,2000,30,
id-1619,49,20,,
id-1618,49,20,,
rec-1349-dup-0,,20,,
id-1615,49,20,,
id-1614,49,20,,
id-1617,49,20,,
id-1616,49,20,,
id-1611,49,20,,
id-1610,49,20,,
id-1613,49,20,,
id-1612,49,20,,
rec-371-dup-0,37,30000,,
rec-371-dup-1,37,30000,,
id-181,5,80,10,3
rec-794-dup-0,44,0,80,
id-180,5,80,10,3
id-1631,1,6000,30,
id-1630,29,4000,30,
id-1386,49,20,,
rec-569-dup-0,25,50,,
id-1381,49,20,,
id-1380,49,20,,
id-1639,9,20,30,
id-1496,49,20,,
id-521,25,50,,
id-520,25,50,,
id-523,25,50,,
id-522,25,50,,
id-525,25,50,,
id-524,25,50,,
id-527,21,0,,
id-526,25,0,,
id-529,21,0,,
id-528,21,0,,
id-1209,37,4000,10,
rec-1127-dup-1,47,20,,
rec-1423-dup-0,49,20,,
rec-659-dup-1,37,1000,,
rec-659-dup-0,37,1000,,
id-671,21,0,,
id-779,22,0,,
id-749,37,5000,,
id-299,10,2000,80,
id-298,10,2000,80,
id-293,15,5000,10,
id-292,19,2000,10,
id-291,19,2000,10,
id-290,17,1000,90,
id-297,16,6000,10,
id-296,16,11000,10,
id-295,19,2000,10,
id-294,19,2000,10,
id-459,40,200,10,
id-458,40,200,10,
id-989,23,0,,
id-988,23,0,,
id-987,23,0,,
id-986,23,0,,
id-985,23,0,,
id-984,23,0,,
id-983,23,0,,
id-982,23,0,,
id-981,23,0,,
id-980,23,0,,
id-275,17,1000,90,
id-274,13,4000,10,
id-277,17,1000,90,
id-276,17,1000,90,
id-271,14,3000,70,
id-270,14,3000,70,
id-273,12,4000,10,
id-272,12,4000,10,
id-96,32,200,30,
id-97,32,200,30,
id-94,35,900,30,
id-95,32,200,30,
id-279,17,1000,90,
id-278,17,1000,90,
id-90,24,3000,30,
id-91,24,12000,30,
rec-1147-dup-0,51,400,80,
id-187,5,80,10,
id-186,5,80,10,3
id-185,4,80,10,
id-184,5,80,10,3
id-183,5,80,10,3
id-182,5,80,10,3
id-1389,49,20,,
id-1388,49,20,,
id-1387,49,20,,
id-409,21,0,,
id-1385,49,20,,
id-1384,49,20,,
id-1383,49,20,,
id-1382,49,20,,
id-189,4,80,10,
id-188,4,80,10,
id-679,22,0,,
id-678,22,0,,
id-1143,21,0,,
id-1142,21,0,,
id-1145,51,950,80,
id-1144,51,400,10,
id-1147,51,400,80,
id-1146,51,950,80,
id-1149,51,150,10,
id-1148,51,150,10,
id-673,21,0,,
id-675,21,0,,
id-674,21,0,,
id-677,22,0,,
id-676,22,0,,
rec-1079-dup-1,47,20,,
rec-68-dup-0,11,20,30,
rec-1127-dup-0,47,,,
rec-1061-dup-0,47,,,
rec-1061-dup-1,47,20,,
rec-814-dup-0,21,,,
rec-69-dup-0,11,20,30,
rec-1547-dup-1,49,20,,
rec-68-dup-1,11,20,30,
rec-1200-dup-1,37,4000,10,
rec-1200-dup-0,37,4000,10,
rec-410-dup-0,21,0,,
rec-402-dup-0,37,0,,
rec-400-dup-0,37,0,,
rec-467-dup-0,22,,,
rec-1569-dup-0,49,,,
rec-1190-dup-0,37,,90,
rec-1136-dup-0,47,,,
id-833,46,0,,
id-832,46,0,,
rec-39-dup-0,28,2000,30,
rec-889-dup-0,,300,10,
rec-1484-dup-0,49,20,,
rec-1078-dup-0,47,20,,
id-899,12,4000,10,
rec-1547-dup-0,49,20,,
rec-277-dup-0,17,1000,90,
rec-1548-dup-0,49,,,
rec-1610-dup-0,49,20,,
rec-1184-dup-0,26,1000,30,
id-898,12,4000,10,
id-838,21,0,,
rec-1548-dup-1,49,20,,
id-1545,49,20,,
id-1544,49,20,,
id-1547,49,20,,
id-1546,49,20,,
id-1541,49,20,,
id-1540,49,20,,
id-1543,49,20,,
id-1542,49,20,,
rec-1354-dup-1,,20,,
id-1549,49,20,,
id-1548,49,20,,
rec-1354-dup-0,49,20,,
rec-801-dup-0,44,0,80,
rec-242-dup-0,12,4000,10,
rec-279-dup-0,,1000,90,
id-424,21,0,,
id-425,21,0,,
rec-1433-dup-0,49,20,,
id-426,21,0,,
rec-1602-dup-0,49,20,,
id-427,21,0,,
id-420,21,0,,
id-421,21,0,,
id-1608,49,20,,
id-1609,49,20,,
id-422,21,0,,
id-1060,47,20,,
id-1602,49,20,,
id-1603,49,20,,
id-1600,49,20,,
id-423,21,0,,
id-1606,49,20,,
id-1607,49,20,,
id-1604,49,20,,
id-1605,49,20,,
rec-1012-dup-0,23,0,,
rec-510-dup-1,41,0,,
rec-510-dup-0,41,,,
rec-1589-dup-0,49,20,,
rec-1525-dup-1,49,20,,
rec-1525-dup-0,49,20,,
rec-1412-dup-0,49,20,,
rec-1412-dup-1,49,20,,
rec-525-dup-0,25,50,,
rec-233-dup-1,18,1000,40,
rec-233-dup-0,18,1000,40,
id-518,25,50,,
id-519,25,50,,
id-514,23,0,,
id-515,25,50,,
id-516,25,50,,
id-517,25,50,,
id-510,41,0,,
id-511,41,0,,
id-512,41,0,,
id-513,23,0,,
rec-770-dup-1,22,0,,
rec-770-dup-0,22,0,,
rec-697-dup-1,44,0,80,
rec-579-dup-0,,50,,
rec-697-dup-0,,0,80,
rec-739-dup-0,21,0,,
rec-739-dup-1,21,0,,
rec-735-dup-0,22,0,,
rec-735-dup-1,22,0,,
id-470,20,0,,
rec-220-dup-1,19,1000,30,
rec-220-dup-0,19,1000,30,
id-468,22,0,,
id-469,22,0,,
id-460,40,200,10,
id-461,40,200,10,
id-462,40,200,10,
id-463,40,200,10,
id-464,40,200,10,
id-465,21,0,,
id-466,21,350,30,
id-467,22,0,,
id-240,36,100,10,
id-241,36,100,10,
id-242,12,4000,10,
id-243,12,4000,10,
id-244,12,4000,10,
id-245,12,4000,10,
id-246,12,4000,30,
id-247,12,4000,30,
id-248,12,4000,10,
id-249,15,4000,30,1
rec-718-dup-0,,0,80,
rec-1038-dup-0,11,900,30,
rec-1038-dup-1,11,900,30,
id-644,43,0,,
id-645,43,0,,
id-646,43,0,,
id-647,43,0,,
id-640,43,0,,
id-1399,49,20,,
id-642,43,0,,
id-643,43,0,,
id-1394,49,20,,
id-1395,49,20,,
id-1396,49,20,,
id-1397,49,20,,
id-1390,49,20,,
id-1391,49,20,,
id-1392,49,20,,
id-1393,49,20,,
id-886,23,0,,
id-887,33,0,,
id-884,21,0,,
id-885,10,3000,30,
id-882,22,0,,
id-883,12,4000,30,
id-880,22,0,,
id-881,21,10,,
id-1156,51,950,10,
id-1157,51,400,10,
id-1154,51,950,30,
id-1155,51,400,10,
id-1152,51,2200,20,
id-1153,51,2200,20,
id-888,30,350,30,
id-1151,51,2200,10,
rec-613-dup-0,35,7000,100,
id-1141,22,0,,
rec-108-dup-0,10,3000,80,
rec-440-dup-0,22,0,,
rec-399-dup-0,,0,,
rec-399-dup-1,37,0,,
rec-304-dup-0,12,5000,30,7
rec-304-dup-1,12,5000,30,7
id-1140,22,0,,
rec-796-dup-1,44,0,80,
rec-796-dup-0,44,,80,
id-723,7,80,10,
rec-263-dup-0,12,4000,90,
id-722,44,0,80,
rec-475-dup-1,22,0,,
rec-475-dup-0,22,0,,
rec-879-dup-0,21,0,,
id-479,22,0,,
id-729,35,7000,100,
id-1292,50,20,10,
rec-322-dup-0,37,10000,,
id-478,22,0,,
rec-943-dup-1,23,0,,
rec-943-dup-0,,0,,
rec-1315-dup-0,51,2200,20,
rec-1315-dup-1,51,2200,20,
rec-450-dup-0,39,0,,
rec-450-dup-1,39,0,,
rec-696-dup-0,44,0,80,
rec-696-dup-1,44,0,80,
rec-172-dup-0,,80,10,
id-1079,47,20,,
rec-582-dup-0,12,4000,30,
rec-1400-dup-0,49,20,,
rec-646-dup-0,,0,,
rec-730-dup-1,35,7000,100,
rec-730-dup-0,35,7000,100,
rec-1529-dup-0,49,20,,
rec-382-dup-0,37,1000,,
rec-561-dup-0,22,0,,
id-1552,49,20,,
id-1553,49,20,,
id-1550,49,20,,
id-1551,49,20,,
id-1556,49,20,,
id-1557,49,20,,
id-1554,49,20,,
id-1555,49,20,,
rec-536-dup-1,21,0,,
id-1558,49,20,,
id-1559,49,20,,
rec-536-dup-0,21,0,,
id-4,34,200,,
id-5,34,0,,
id-6,33,1000,,
id-7,33,1000,,
id-1,34,0,,
id-2,34,800,,
id-3,34,600,,
id-8,33,1000,,
id-9,33,1000,,
rec-280-dup-0,17,,90,
rec-93-dup-0,9,100,30,
rec-93-dup-1,9,100,30,
rec-727-dup-1,24,3000,30,
rec-727-dup-0,24,3000,30,
rec-893-dup-1,22,0,,
rec-893-dup-0,22,,,
rec-1621-dup-0,49,20,,
rec-1621-dup-1,49,20,,
rec-1530-dup-0,49,20,,
rec-1198-dup-0,37,16000,100,
rec-1017-dup-1,48,5000,10,
rec-1017-dup-0,48,5000,10,
rec-1395-dup-0,49,20,,
rec-1395-dup-1,49,20,,
rec-1135-dup-0,47,20,,
rec-427-dup-0,21,0,,
id-879,21,0,,
id-878,21,0,,
id-877,46,0,,
id-509,41,0,,
id-508,41,0,,
id-503,41,0,,
id-502,41,0,,
id-501,41,0,,
id-500,41,0,,
id-507,41,0,,
id-506,41,0,,
id-505,41,0,,
id-504,41,0,,
rec-149-dup-0,2,80,10,
rec-1100-dup-0,47,20,,
rec-418-dup-1,,0,,
rec-1090-dup-0,47,20,,
rec-828-dup-0,,0,,
rec-420-dup-0,21,0,,
rec-1578-dup-1,49,20,,
rec-760-dup-0,44,0,80,
rec-760-dup-1,,0,80,
rec-1597-dup-1,49,20,,
id-477,22,0,,
id-476,22,0,,
id-475,22,0,,
id-474,22,0,,
id-473,23,0,,
id-472,21,0,,
id-471,21,0,,
id-1018,48,1000,10,
id-1017,48,5000,10,
id-1016,48,1000,10,
id-1015,48,5000,10,
id-1014,48,1000,10,
id-1013,23,0,,
id-1012,23,0,,
id-1011,23,0,,
id-1010,23,0,,
rec-1134-dup-1,,20,,
rec-1134-dup-0,47,20,,
rec-1555-dup-0,49,20,,
id-259,12,4000,40,
id-258,12,4000,30,
id-257,12,4000,10,
id-256,15,4000,10,
id-255,15,4000,130,
id-254,12,4000,30,
id-253,12,4000,10,
id-252,12,4000,10,
id-251,18,1000,10,
id-250,15,4000,30,2
id-653,43,0,,
id-652,43,0,,
id-651,43,0,,
id-650,43,0,,
id-657,22,0,,
id-656,43,0,,
id-655,43,0,,
id-654,43,0,,
id-659,37,1000,,
id-658,22,0,,
id-895,22,0,,
id-894,22,0,,
id-1129,47,20,,
id-1128,47,20,,
id-891,18,300,10,
id-890,18,300,10,
id-893,22,0,,
id-892,18,300,10,
id-1123,47,20,,
id-1122,47,20,,
id-1121,47,20,,
id-1120,47,20,,
id-1127,47,20,,
id-1126,47,20,,
id-1125,47,20,,
id-1124,47,20,,
rec-984-dup-0,23,0,,
id-1208,37,6000,10,
id-1160,21,0,,
rec-125-dup-0,,50,,
rec-820-dup-0,46,0,,
rec-452-dup-0,39,0,,
rec-36-dup-0,30,300,30,
id-1202,37,2000,10,
id-1203,37,16000,110,
id-1237,37,4000,10,
id-1236,37,4000,10,
id-1235,37,6000,80,
id-1234,37,4000,10,
id-1233,37,10000,90,
id-1232,37,4000,10,
id-1231,37,16000,130,
id-1230,37,10000,90,
id-1168,10,500,10,
id-1239,37,4000,10,
id-1238,37,10000,90,
rec-373-dup-0,37,1000,,
rec-1392-dup-0,49,20,,
rec-918-dup-0,45,1000,50,
rec-900-dup-0,12,4000,10,
rec-900-dup-1,12,4000,10,
rec-1553-dup-0,49,20,,
rec-1553-dup-1,49,20,,
rec-811-dup-0,44,0,80,
id-839,46,0,,
rec-1090-dup-1,47,20,,
id-1177,12,4000,50,
rec-166-dup-0,,80,10,
rec-744-dup-0,21,0,,
rec-744-dup-1,21,,,
id-1493,49,20,,
id-1492,49,20,,
id-1491,49,20,,
id-1490,49,20,,
id-1497,49,20,,
id-688,12,4000,30,
id-1495,49,20,,
id-1494,49,20,,
id-1499,49,20,,
id-1498,49,20,,
rec-156-dup-0,8,20,10,
rec-920-dup-0,23,,,
rec-920-dup-1,23,0,,
id-689,12,4000,30,
rec-883-dup-0,12,,30,
rec-736-dup-1,22,0,,
rec-736-dup-0,22,0,,
rec-386-dup-0,37,1000,,
rec-1184-dup-1,,1000,30,
rec-1439-dup-1,49,20,,
rec-1439-dup-0,49,20,,
rec-35-dup-0,27,1200,30,
rec-1414-dup-0,49,20,,
rec-1573-dup-0,49,20,,
rec-629-dup-0,24,0,30,
rec-629-dup-1,24,0,30,
rec-901-dup-0,12,4000,10,
rec-954-dup-0,,0,,
rec-1543-dup-0,49,20,,
rec-1330-dup-1,49,20,,
rec-1330-dup-0,49,20,,
rec-973-dup-0,23,,,
rec-973-dup-1,23,0,,
rec-1287-dup-0,37,6000,80,
rec-655-dup-0,43,0,,
rec-705-dup-0,,0,80,
rec-1048-dup-1,26,20,,
rec-1048-dup-0,26,,,
rec-409-dup-0,21,0,,
rec-1025-dup-0,24,60,30,
rec-409-dup-1,21,0,,
rec-841-dup-0,46,0,,
id-1008,23,0,,
id-407,23,0,,
rec-885-dup-1,10,3000,30,
rec-1527-dup-1,49,20,,
rec-1527-dup-0,49,20,,
rec-1363-dup-0,49,20,,
id-815,22,0,,
id-362,37,1000,,
id-361,37,1000,,
id-360,37,1000,,
id-367,37,50000,,
rec-624-dup-1,24,25000,30,
rec-624-dup-0,24,,30,
id-366,37,30000,,
id-793,44,0,80,
id-790,23,0,,
id-791,23,0,,
id-796,44,0,80,
id-797,44,0,80,
id-794,44,0,80,
id-795,44,0,80,
id-798,44,0,80,
id-799,44,0,80,
id-402,37,0,,
id-403,37,0,,
id-400,37,0,,
id-401,37,0,,
id-406,23,0,,
id-1009,23,0,,
id-404,37,0,,
id-405,21,0,,
id-1004,23,0,,
id-1005,23,0,,
id-408,21,0,,
id-1007,23,0,,
id-1000,23,0,,
id-1001,23,0,,
id-1002,23,0,,
id-1003,23,0,,
rec-1530-dup-1,49,20,,
id-682,12,1000,80,
rec-698-dup-0,44,0,80,
rec-698-dup-1,44,0,80,
rec-1052-dup-0,26,20,,
rec-316-dup-0,,50000,,
rec-185-dup-0,,80,10,
id-228,19,1000,10,
id-229,10,2000,30,
id-222,19,1000,70,6
id-223,19,1000,30,
id-220,19,1000,30,
id-221,19,1000,50,
id-226,19,1000,30,
id-227,19,1000,70,
id-224,19,1000,30,
id-225,19,1000,30,
id-1138,22,0,,
id-1139,21,0,,
rec-588-dup-0,12,,30,
id-318,37,1000,,
id-319,37,1000,,
id-316,37,50000,,
id-317,37,10000,,
id-314,37,1000,,
id-315,37,1000,,
id-1134,47,20,,
id-1135,47,20,,
id-1136,47,20,,
id-311,37,1000,,
id-136,6,80,10,3
id-137,6,80,10,3
id-134,3,80,10,3
id-135,3,80,10,3
id-132,3,80,10,3
id-133,3,80,10,3
id-130,3,80,10,3
id-131,3,80,10,3
id-138,6,80,10,3
id-139,6,80,10,3
rec-972-dup-0,,0,,
rec-1576-dup-1,49,20,,
rec-1576-dup-0,49,20,,
rec-1110-dup-0,47,20,,
id-1224,37,10000,95,
id-1225,37,4000,10,
id-1226,37,4000,10,
id-1227,37,16000,120,
id-1220,37,6000,80,
id-1221,37,6000,80,
id-1222,37,6000,120,
id-1223,37,6000,90,
id-1228,37,2000,10,
id-1229,37,6000,85,
rec-1120-dup-0,,20,,
rec-1128-dup-0,47,20,,
rec-1273-dup-1,37,2000,10,
rec-1273-dup-0,,2000,10,
rec-116-dup-0,25,50,,
rec-1224-dup-0,37,10000,95,
rec-1415-dup-0,49,20,,
rec-542-dup-0,21,,,
rec-542-dup-1,21,0,,
rec-1495-dup-0,49,20,,
rec-1542-dup-0,,20,,
rec-1542-dup-1,49,20,,
rec-1362-dup-0,49,20,,
rec-290-dup-0,17,1000,90,
rec-1037-dup-0,11,700,30,
id-1480,49,20,,
id-1481,49,20,,
id-1482,49,20,,
id-1483,49,20,,
id-1484,49,20,,
id-1485,49,20,,
id-1486,49,20,,
id-1487,49,20,,
id-1488,49,20,,
id-1489,49,20,,
rec-1453-dup-1,,20,,
rec-445-dup-0,20,0,,
rec-1536-dup-0,49,20,,
rec-1465-dup-0,49,20,,
rec-1552-dup-0,49,20,,
id-1161,18,0,,
id-1601,49,20,,
rec-143-dup-0,8,200,10,
rec-458-dup-0,40,,10,
id-1130,47,20,,
id-555,22,0,,
id-1132,47,20,,
id-1133,47,20,,
id-312,37,50000,,
id-313,37,50000,,
rec-481-dup-0,22,0,,
id-310,37,1000,,
rec-1153-dup-1,51,2200,20,
id-1137,47,20,,
rec-1613-dup-0,,20,,
rec-884-dup-0,21,0,,
rec-1478-dup-0,49,20,,
rec-899-dup-0,12,4000,10,
rec-1036-dup-0,11,400,30,
rec-1560-dup-0,49,20,,
rec-647-dup-0,43,0,,
rec-1218-dup-0,37,4000,10,
rec-1218-dup-1,,4000,10,
id-780,21,0,,
id-783,22,0,,
id-782,22,0,,
id-785,21,0,,
id-784,22,0,,
id-787,23,0,,
id-786,23,0,,
id-789,23,0,,
id-788,23,0,,
rec-1407-dup-1,49,20,,
rec-415-dup-0,22,0,,
id-1039,30,250,30,
id-1038,11,900,30,
id-413,23,0,,
id-412,21,0,,
id-415,22,0,,
id-414,21,0,,
id-417,22,0,,
id-416,22,0,,
id-1031,24,1200,30,
id-1030,24,1000,30,
id-1033,24,0,30,
id-1032,24,2000,30,
id-1035,24,0,30,
id-1034,24,0,30,
id-1037,11,700,30,
id-1036,11,400,30,
rec-746-dup-0,37,1000,,
rec-746-dup-1,37,1000,,
id-239,36,100,10,
id-238,36,100,10,
id-231,19,2000,10,
id-230,12,4000,30,
id-233,18,1000,40,
id-1169,10,500,10,
id-235,18,1000,90,
id-234,18,1000,10,
id-237,36,100,10,
id-236,18,1000,60,
rec-1009-dup-0,23,0,,
rec-426-dup-0,21,0,,
id-1105,47,20,,
id-1104,47,20,,
id-1107,47,20,,
id-1106,47,20,,
id-1101,47,20,,
id-1100,47,20,,
id-1103,47,20,,
id-1102,47,20,,
rec-775-dup-0,,0,,
id-1109,47,20,,
id-1108,47,20,,
id-309,37,50000,,
id-308,37,50000,,
id-305,37,40000,,
id-304,12,5000,30,7
id-307,37,50000,,
id-306,37,1000,,
id-301,10,2000,50,
id-300,10,2000,80,
id-303,12,5000,80,
id-302,10,2000,10,
id-125,25,50,,
id-124,25,50,,
id-127,3,80,10,3
id-126,3,80,10,3
id-121,25,50,,
id-120,25,50,,
id-123,25,50,,
id-122,25,50,,
id-129,3,80,10,3
id-128,3,80,10,3
rec-40-dup-0,28,3000,30,
rec-40-dup-1,28,3000,30,
rec-1622-dup-0,49,20,,
rec-464-dup-0,40,200,10,
id-1211,37,4000,10,
id-1210,37,10000,90,
id-1213,37,6000,80,
id-1212,37,16000,120,
id-1215,37,4000,10,
id-1214,37,2000,10,
id-1217,37,4000,10,
id-1216,37,16000,120,
id-1219,37,10000,100,
id-1218,37,4000,10,
rec-1635-dup-0,22,,,
rec-1201-dup-0,37,2000,10,
id-902,45,1000,50,
rec-784-dup-0,22,0,,
rec-543-dup-1,22,0,,
rec-169-dup-1,7,80,10,
rec-981-dup-1,,0,,
rec-981-dup-0,23,0,,
rec-169-dup-0,7,80,10,
id-635,43,0,,
id-634,43,0,,
id-637,43,0,,
id-140,6,80,10,3
id-909,45,1000,50,
rec-1180-dup-0,12,4000,100,
id-631,24,0,30,
id-908,45,1000,50,
id-630,24,0,30,
id-633,43,0,,
id-632,30,350,30,
rec-594-dup-0,42,200,,
rec-139-dup-0,6,,10,3
id-1341,49,20,,
id-1340,49,20,,
id-1347,49,20,,
id-638,43,0,,
rec-1397-dup-0,49,20,,
rec-1306-dup-0,50,20,10,
rec-733-dup-0,22,0,,
rec-1391-dup-0,49,20,,
rec-1391-dup-1,49,20,,
rec-835-dup-0,46,0,,
rec-554-dup-0,22,0,,
rec-772-dup-1,21,0,,
rec-772-dup-0,21,0,,
id-1099,47,20,,
rec-434-dup-0,21,0,,
rec-434-dup-1,,0,,
id-1589,49,20,,
id-1588,49,20,,
rec-575-dup-0,25,50,,
rec-575-dup-1,25,50,,
id-1581,49,20,,
id-1580,49,20,,
id-1583,49,20,,
id-1582,49,20,,
id-1585,49,20,,
id-1584,49,20,,
id-1587,49,20,,
id-1586,49,20,,
rec-428-dup-0,20,0,,
rec-1641-dup-0,23,0,,
id-213,18,1000,30,5
rec-63-dup-1,11,300,30,
rec-63-dup-0,11,,30,
rec-555-dup-0,22,0,,
rec-650-dup-0,43,0,,
id-212,10,2000,30,
id-1457,49,20,,
id-1456,49,20,,
id-1455,49,20,,
id-1454,49,20,,
id-1453,49,20,,
id-1452,49,20,,
id-1451,49,20,,
id-1450,49,20,,
id-1459,49,20,,
id-1458,49,20,,
rec-555-dup-1,22,0,,
id-211,12,4000,10,
rec-182-dup-0,5,80,10,3
rec-1507-dup-1,49,20,,
rec-1055-dup-0,26,20,,
rec-194-dup-0,12,,80,
rec-712-dup-1,44,0,80,
rec-712-dup-0,,0,80,
rec-175-dup-0,7,80,10,
rec-175-dup-1,7,80,10,
rec-131-dup-0,,80,10,3
rec-669-dup-0,42,4000,,
rec-921-dup-0,23,0,,
rec-1101-dup-0,47,20,,
id-1026,24,300,30,
id-1027,24,600,30,
id-1024,24,20,30,
id-1025,24,60,30,
id-1022,22,0,,
id-1023,22,0,,
id-1020,22,0,,
id-1021,22,0,,
id-1028,24,800,30,
id-1029,24,1000,30,
id-428,20,0,,
id-429,20,0,,
id-938,23,0,,
id-939,23,0,,
id-936,23,0,,
id-937,23,0,,
id-934,23,0,,
id-935,23,0,,
id-932,23,0,,
id-933,23,0,,
id-930,23,0,,
id-931,23,0,,
id-340,37,1000,,
rec-980-dup-0,23,0,,
rec-1160-dup-0,21,0,,
id-1112,47,20,,
id-1113,47,20,,
id-1110,47,20,,
id-1111,47,20,,
id-1116,47,20,,
id-1117,47,20,,
id-1114,47,20,,
id-1115,47,20,,
id-681,21,0,,
id-1118,47,20,,
id-1119,47,20,,
id-684,17,1000,90,
id-685,26,10000,,
id-686,10,2000,80,
id-687,10,2000,80,
id-338,37,10000,,
id-339,37,10000,,
id-330,37,1000,,
id-331,37,1000,,
id-332,37,100000,,
id-333,37,1000,,
id-334,37,1000,,
id-335,37,1000,,
id-336,37,10000,,
id-337,37,10000,,
id-110,10,2000,80,
id-111,35,2100,80,
id-112,18,0,60,
id-113,18,0,60,
id-114,25,50,,
id-115,25,50,,
id-116,25,50,,
id-117,25,50,,
id-118,25,50,,
id-119,25,50,,
rec-350-dup-0,,30000,,
rec-5-dup-0,34,0,,
rec-5-dup-1,34,0,,
rec-278-dup-0,17,1000,90,
rec-192-dup-0,14,3000,60,
rec-1597-dup-0,49,20,,
id-219,19,1000,30,
rec-1240-dup-1,37,6000,10,
rec-1240-dup-0,37,6000,10,
id-204,18,2000,30,
id-205,12,4000,30,
id-206,16,3000,30,
id-207,12,4000,10,
id-200,16,10000,30,
id-201,16,5000,30,
id-202,18,0,30,
id-203,18,2000,90,
id-1206,37,6000,80,
id-1207,37,4000,80,
id-1204,37,6000,80,
id-1205,37,4000,10,
id-208,16,10000,30,
id-209,12,4000,30,
id-1200,37,4000,10,
id-1201,37,2000,10,
rec-245-dup-0,12,4000,10,
id-218,19,1000,30,
rec-1319-dup-0,51,,10,
rec-577-dup-0,25,50,,
rec-631-dup-0,24,0,30,
rec-1112-dup-0,47,20,,
rec-121-dup-1,25,50,,
rec-121-dup-0,25,50,,
rec-950-dup-1,,0,,
rec-950-dup-0,23,0,,
rec-1371-dup-0,,20,,
rec-625-dup-0,24,0,30,
rec-625-dup-1,24,0,30,
rec-101-dup-1,35,7000,100,
rec-101-dup-0,,7000,100,
rec-885-dup-0,10,,30,
rec-1046-dup-0,26,20,,
rec-790-dup-1,23,0,,
rec-790-dup-0,23,0,,
rec-1023-dup-0,22,0,,
rec-1166-dup-0,35,5000,100,
rec-1417-dup-0,49,20,,
rec-636-dup-0,43,0,,
rec-211-dup-0,12,4000,10,
id-162,7,80,10,
rec-153-dup-0,8,,10,
rec-153-dup-1,8,20,10,
rec-106-dup-0,24,5000,100,
rec-106-dup-1,24,5000,100,
rec-639-dup-1,43,0,,
rec-639-dup-0,43,0,,
rec-1340-dup-0,49,20,,
rec-1340-dup-1,49,,,
rec-728-dup-0,30,350,30,
rec-1643-dup-0,9,3000,30,
rec-637-dup-0,43,0,,
rec-1143-dup-0,21,0,,
id-1596,49,20,,
id-1597,49,20,,
id-1594,49,20,,
id-1595,49,20,,
id-1592,49,20,,
id-1593,49,20,,
id-1590,49,20,,
id-1591,49,20,,
rec-227-dup-0,19,1000,70,
rec-227-dup-1,19,1000,70,
id-1598,49,20,,
id-1599,49,20,,
rec-440-dup-1,22,0,,
rec-1225-dup-0,37,4000,10,
rec-1587-dup-0,49,20,,
rec-1355-dup-0,49,,,
rec-1355-dup-1,49,20,,
rec-342-dup-0,37,,,
rec-342-dup-1,37,1000,,
id-1398,49,20,,
id-641,43,0,,
id-1444,49,20,,
id-1445,49,20,,
id-1446,49,20,,
id-1447,49,20,,
id-1440,49,20,,
id-1441,49,20,,
id-1442,49,20,,
id-1443,49,20,,
id-1448,49,20,,
id-1449,49,20,,
rec-1649-dup-0,22,0,,
rec-1208-dup-0,37,6000,10,
id-648,43,0,,
id-649,43,0,,
rec-1378-dup-0,49,20,,
rec-1152-dup-0,,2200,20,
rec-1123-dup-1,47,20,,
rec-637-dup-1,,0,,
rec-50-dup-1,26,10000,30,
rec-50-dup-0,26,10000,30,
rec-424-dup-0,21,0,,
rec-913-dup-0,45,1000,50,
id-1158,51,150,10,
id-1159,51,2200,20,
id-1053,26,20,,
id-1052,26,20,,
id-1051,26,20,,
id-1050,26,20,,
id-1057,26,20,,
id-1056,26,20,,
id-1055,26,20,,
id-1054,26,20,,
id-1059,47,20,,
id-1058,47,20,,
rec-1123-dup-0,47,20,,
id-439,22,0,,
id-438,22,0,,
id-929,23,0,,
id-928,23,0,,
id-433,22,0,,
id-432,20,0,,
id-927,23,0,,
id-926,23,0,,
id-437,22,0,,
id-920,23,0,,
id-435,22,0,,
id-434,21,0,,
id-1150,51,400,10,
rec-562-dup-0,20,,,
id-889,18,300,10,
rec-1029-dup-0,24,1000,30,
rec-327-dup-0,37,10000,,
id-697,44,0,80,
id-696,44,0,80,
id-695,44,0,80,
id-694,32,200,30,
id-693,32,200,30,
id-692,32,200,30,
id-691,32,200,30,
id-690,12,4000,80,
rec-610-dup-0,26,300,20,
rec-610-dup-1,26,300,20,
id-699,44,0,80,
id-698,44,0,80,
id-327,37,10000,,
id-326,37,1000,,
id-325,37,1000,,
id-324,37,100000,,
id-323,37,10000,,
id-322,37,10000,,
id-321,37,10000,,
id-320,37,1000,,
rec-1303-dup-1,50,20,10,
rec-1303-dup-0,50,,10,
id-329,37,10000,,
id-328,37,1000,,
id-109,10,3000,80,
id-108,10,3000,80,
id-107,10,3000,80,
id-106,24,5000,100,
id-105,35,7000,100,
id-104,35,7000,100,
id-103,35,10000,100,
id-102,35,7000,100,
id-101,35,7000,100,
id-100,35,7000,100,
rec-1137-dup-0,,20,,
rec-1137-dup-1,47,,,
rec-111-dup-0,35,,80,
id-745,37,1000,,
id-744,21,0,,
id-1279,37,4000,10,
id-1278,37,10000,90,
id-217,19,1000,30,
id-216,19,1000,30,
id-215,19,1000,100,
id-214,19,1000,10,
id-1273,37,2000,10,
id-1272,37,6000,80,
id-1271,37,4000,10,
id-1270,37,4000,20,
id-1277,37,16000,110,
id-748,37,1000,,
id-1275,37,6000,80,
id-1274,37,10000,90,
rec-1328-dup-0,22,0,,
rec-87-dup-1,24,5000,30,
rec-87-dup-0,24,5000,30,
rec-1453-dup-0,49,20,,
id-16,33,0,,
id-17,27,200,30,
id-14,33,300,,
id-15,33,1000,,
id-12,33,20,,
id-13,33,1000,,
id-10,33,1000,,
id-11,33,3000,,
rec-1085-dup-0,47,20,,
rec-1085-dup-1,47,20,,
id-18,30,200,30,
id-19,30,200,30,
rec-1601-dup-0,49,20,,
rec-370-dup-1,37,30000,,
rec-370-dup-0,37,30000,,
rec-18-dup-1,30,200,30,
rec-18-dup-0,30,200,30,
id-1307,50,20,10,
id-1306,50,20,10,
id-1305,50,20,10,
id-1304,50,20,10,
id-1303,50,20,10,
id-1302,50,20,10,
id-1301,50,20,10,
id-1300,50,20,10,
rec-711-dup-0,44,0,80,
id-1309,50,20,10,
id-1308,50,20,10,
rec-96-dup-1,32,200,30,
rec-96-dup-0,32,200,30,
rec-340-dup-0,37,1000,,
id-1649,22,0,,
rec-711-dup-1,44,0,80,
rec-1657-dup-0,,20,,
id-1198,37,16000,100,
id-1199,37,10000,90,
id-580,10,2000,30,
rec-282-dup-0,17,1000,90,
rec-21-dup-0,30,200,30,
rec-1369-dup-0,49,20,,
rec-421-dup-0,21,,,
rec-112-dup-0,,0,60,
rec-1546-dup-0,49,20,,
rec-57-dup-0,1,1000,30,
rec-57-dup-1,1,1000,30,
rec-1501-dup-0,49,20,,
rec-779-dup-0,22,0,,
rec-1259-dup-0,37,16000,130,
rec-476-dup-0,22,0,,
rec-303-dup-0,12,5000,80,
rec-543-dup-0,22,,,
rec-469-dup-0,,0,,
rec-1494-dup-0,49,20,,
rec-469-dup-1,22,0,,
rec-1494-dup-1,49,20,,
rec-44-dup-0,,50000,30,
rec-878-dup-0,21,0,,
rec-878-dup-1,21,0,,
rec-1393-dup-0,49,20,,
rec-1452-dup-0,49,20,,
rec-190-dup-1,12,4000,10,
rec-190-dup-0,,4000,10,
rec-1452-dup-1,49,20,,
id-1638,21,0,,
id-925,23,0,,
id-924,23,0,,
rec-1498-dup-0,49,20,,
id-431,20,0,,
rec-845-dup-0,46,0,,
rec-845-dup-1,46,0,,
id-430,20,0,,
id-921,23,0,,
id-436,22,0,,
id-923,23,0,,
id-922,23,0,,
rec-83-dup-0,,3000,30,
id-1471,49,20,,
id-1470,49,20,,
id-1473,49,20,,
id-1472,49,20,,
id-1475,49,20,,
id-1474,49,20,,
id-1477,49,20,,
id-1476,49,20,,
id-1479,49,20,,
id-1478,49,20,,
rec-1174-dup-0,10,2200,30,
rec-454-dup-0,39,0,,
rec-765-dup-1,30,350,30,
rec-765-dup-0,30,350,30,
rec-8-dup-1,33,1000,,
rec-562-dup-1,20,0,,
rec-1376-dup-0,49,20,,
rec-30-dup-0,27,200,30,
id-1040,26,20,,
id-1041,26,20,,
id-1042,26,20,,
id-1043,26,20,,
id-1044,26,20,,
id-1045,26,20,,
id-1046,26,20,,
id-1047,26,20,,
id-1048,26,20,,
id-1049,26,20,,
id-918,45,1000,50,
id-919,23,0,,
id-910,45,1000,50,
id-911,45,1000,50,
id-912,45,1000,50,
id-913,45,1000,50,
id-914,45,1000,50,
id-915,45,1000,50,
id-916,45,1000,50,
id-917,45,1000,50,
rec-97-dup-0,32,200,30,
rec-97-dup-1,32,200,30,
rec-1251-dup-0,37,6000,80,
rec-660-dup-1,37,10000,,
rec-660-dup-0,37,10000,,
rec-1022-dup-0,22,0,,
rec-134-dup-0,3,80,10,3
id-352,37,1000,,
id-353,37,1000,,
id-350,37,30000,,
id-351,37,1000,,
id-356,37,100000,,
id-357,37,1000,,
id-354,37,10000,,
id-355,37,1000,,
id-358,37,1000,,
id-359,37,10000,,
rec-1392-dup-1,49,20,,
id-594,42,200,,
id-595,42,200,,
id-596,42,200,,
id-597,42,200,,
id-590,12,4000,30,
id-591,42,200,,
id-592,42,200,,
id-593,42,200,,
id-598,42,200,,
id-599,42,200,,
id-178,5,80,10,3
id-179,5,80,10,3
id-172,7,80,10,
id-173,7,80,10,
id-170,7,80,10,
id-171,7,80,10,
id-176,7,80,10,
id-177,7,80,10,
id-174,7,80,10,
id-175,7,80,10,
rec-225-dup-0,19,1000,30,
rec-1605-dup-0,49,20,,
rec-161-dup-0,7,80,10,
rec-1054-dup-0,26,20,,
id-770,22,0,,
id-1269,37,6000,95,
id-772,21,0,,
id-773,22,0,,
id-774,22,0,,
id-775,22,0,,
id-776,22,0,,
id-1260,37,16000,120,
id-1261,37,16000,120,
id-1262,37,10000,80,
id-1263,37,16000,100,
id-1264,37,6000,10,
id-1265,37,6000,10,
id-1266,37,10000,95,
id-1267,37,6000,10,
rec-380-dup-0,37,10000,,
rec-380-dup-1,,10000,,
id-23,27,3000,30,
id-22,30,200,30,
id-21,30,200,30,
id-20,30,200,30,
id-27,30,400,30,
id-26,27,700,30,
id-25,27,1500,30,
id-24,27,2500,30,
rec-1260-dup-1,37,16000,120,
id-29,29,4000,30,
id-28,29,2000,30,
rec-1260-dup-0,37,16000,120,
rec-1042-dup-0,26,20,,
rec-376-dup-0,37,50000,,
id-1314,51,2200,10,
id-1315,51,2200,20,
id-1316,51,400,50,
id-1317,51,950,10,
id-1310,9,20,50,
id-1311,10,1600,80,
id-1312,10,38000,80,
id-1313,21,0,,
id-1318,51,950,10,
id-1319,51,950,10,
rec-1540-dup-0,49,20,,
rec-830-dup-0,46,0,,
rec-1578-dup-0,49,20,,
rec-1177-dup-0,12,4000,50,
rec-1177-dup-1,12,4000,50,
rec-1406-dup-0,49,20,,
rec-1351-dup-0,49,20,,
id-996,23,0,,
id-997,23,0,,
rec-1490-dup-0,49,20,,
id-998,23,0,,
id-999,23,0,,
rec-1291-dup-0,50,20,10,
rec-1107-dup-1,,20,,
rec-1107-dup-0,47,20,,
rec-1423-dup-1,49,,,
rec-789-dup-0,23,0,,
rec-707-dup-1,44,0,80,
rec-707-dup-0,44,0,80,
rec-1156-dup-0,51,950,10,
rec-533-dup-0,,0,,
rec-1131-dup-0,47,20,,
rec-236-dup-0,18,1000,60,
rec-1596-dup-0,49,20,,
rec-939-dup-0,23,0,,
rec-168-dup-0,7,80,10,
id-262,12,4000,60,
rec-488-dup-0,41,0,,
rec-164-dup-0,7,80,10,
id-263,12,4000,90,
rec-234-dup-0,18,1000,10,
rec-576-dup-0,25,50,,
rec-1543-dup-1,49,20,,
rec-1486-dup-0,49,20,,
id-268,14,3000,70,
rec-1118-dup-0,47,20,,
id-269,14,3000,70,
id-1468,49,20,,
id-1469,49,20,,
id-1466,49,20,,
id-1467,49,20,,
id-1464,49,20,,
id-1465,49,20,,
id-1462,49,20,,
id-1463,49,20,,
id-1460,49,20,,
id-1461,49,20,,
rec-787-dup-0,23,,,
rec-107-dup-0,10,3000,80,
rec-1582-dup-0,49,20,,
rec-1269-dup-1,37,6000,95,
rec-1646-dup-0,,0,,
rec-1132-dup-0,47,20,,
rec-1005-dup-0,23,,,
rec-1005-dup-1,23,0,,
id-907,45,1000,50,
id-906,45,1000,50,
id-905,45,1000,50,
id-904,45,1000,50,
id-903,45,1000,50,
id-1078,47,20,,
id-901,12,4000,10,
id-900,12,4000,10,
id-1075,47,20,,
id-1074,47,20,,
id-1077,47,20,,
id-1076,47,20,,
id-1071,47,20,,
id-1070,47,20,,
id-1073,47,20,,
id-1072,47,20,,
rec-1185-dup-1,26,3000,30,
rec-1185-dup-0,26,3000,30,
rec-1019-dup-1,48,5000,10,
rec-1019-dup-0,48,,10,
rec-1275-dup-0,37,6000,80,
id-1642,23,0,,
id-1643,9,3000,30,
id-1006,23,0,,
rec-423-dup-0,21,0,,
rec-423-dup-1,21,0,,
rec-1538-dup-0,49,20,,
rec-530-dup-1,22,0,,
rec-530-dup-0,,0,,
id-341,37,1000,,
id-1174,10,2200,30,
id-343,37,1000,,
id-342,37,1000,,
id-345,37,10000,,
id-344,37,1000,,
id-347,37,1000,,
id-199,19,1000,10,
id-349,37,1000,,
id-348,37,100000,,
id-747,37,1000,,
id-583,12,4000,60,
id-582,12,4000,30,
id-581,12,4000,40,
id-210,19,2000,30,
id-587,12,4000,30,
id-586,12,4000,10,
id-585,12,4000,10,
id-584,12,4000,10,
id-741,22,0,,
id-589,12,4000,30,
id-588,12,4000,30,
id-740,22,0,,
id-169,7,80,10,
id-168,7,80,10,
id-743,21,0,,
id-161,7,80,10,
id-160,8,20,10,
id-163,7,80,10,
id-742,21,0,,
id-165,7,80,10,
id-164,7,80,10,
id-167,7,80,10,
id-166,7,80,10,
id-662,21,0,,
id-663,23,0,,
id-660,37,10000,,
id-1255,37,10000,90,
id-1254,37,16000,120,
id-1257,37,6000,80,
id-1256,37,4000,10,
id-1251,37,6000,80,
id-1250,37,6000,85,
id-1253,37,10000,90,
id-1252,37,16000,120,
rec-62-dup-0,1,2000,30,
id-1178,12,4000,80,
id-1259,37,16000,130,
id-1258,37,10000,80,
id-1179,12,4000,80,
id-1097,47,20,,
id-1096,47,20,,
id-1095,47,20,,
id-1094,47,20,,
id-1093,47,20,,
id-1092,47,20,,
id-1091,47,20,,
id-1090,47,20,,
id-765,30,350,30,
id-665,22,0,,
id-763,21,0,,
id-762,23,0,,
id-761,44,0,80,
id-1098,47,20,,
id-38,28,1200,30,
id-39,28,2000,30,
id-34,27,500,30,
id-35,27,1200,30,
id-36,30,300,30,
id-37,29,2800,30,
id-30,27,200,30,
id-31,27,300,30,
id-32,27,400,30,
id-33,27,600,30,
rec-1334-dup-1,49,20,,
rec-1334-dup-0,49,20,,
rec-584-dup-0,,4000,10,
id-1321,51,150,10,
id-1320,51,150,10,
id-1323,23,0,,
id-1322,51,15000,50,
id-1325,21,0,,
id-1324,23,0,,
id-1327,23,0,,
id-1326,22,0,,
id-1329,21,0,,
id-1328,22,0,,
rec-996-dup-0,23,0,,
rec-189-dup-1,4,80,10,
rec-189-dup-0,4,80,10,
rec-1390-dup-1,49,20,,
rec-1390-dup-0,49,20,,
rec-662-dup-0,21,0,,
rec-377-dup-0,37,1000,,
rec-1170-dup-1,10,500,10,
rec-1339-dup-0,49,,,
rec-1339-dup-1,,20,,
rec-272-dup-0,12,4000,10,
rec-1451-dup-1,49,20,,
rec-1451-dup-0,49,,,
rec-1170-dup-0,10,500,10,
rec-519-dup-0,25,50,,
id-683,12,1000,80,
rec-1588-dup-0,49,20,,
rec-1588-dup-1,49,20,,
rec-453-dup-1,39,0,,
rec-453-dup-0,39,0,,
rec-1246-dup-0,37,6000,80,
rec-1377-dup-0,49,20,,
rec-940-dup-0,23,0,,
rec-1187-dup-0,26,0,30,
rec-24-dup-0,27,2500,30,
rec-24-dup-1,,2500,30,
