move,generation,type,power,pp,accuracy,priority,target,damage_class,effect,effect_chance,contest_type,contest_effect,super_contest_effect
id-70,1,id-1,80,15,100,0,10,2,1,,5,23,5
id-71,1,id-12,20,25,100,0,10,3,4,,4,9,20
id-72,1,id-12,40,15,100,0,10,3,4,,4,4,20
id-73,1,id-12,,10,90,0,10,1,85,,4,8,21
id-74,1,id-1,,20,,0,7,1,317,,2,32,11
id-75,1,id-12,55,25,95,0,11,2,44,,1,2,5
id-76,1,id-12,120,10,100,0,10,3,152,,1,1,6
id-77,1,id-4,,35,75,0,10,1,67,,4,33,19
id-78,1,id-12,,30,75,0,10,1,68,,4,14,19
id-79,1,id-12,,15,75,0,10,1,2,,4,5,19
id-748,8,id-2,,5,,0,7,1,425,100,,,
id-817,8,id-17,80,5,100,0,10,2,1,,,,
id-112,1,id-14,,20,,0,7,1,52,,1,15,13
id-64,1,id-3,35,35,100,0,10,2,1,,1,1,5
rec-799-dup-1,8,id-16,25,20,90,0,10,2,1,,,,
rec-824-dup-0,8,id-15,130,5,100,0,11,2,1,,,,
id-113,1,id-14,,30,,0,4,1,36,,2,15,13
rec-5-dup-0,1,id-1,80,20,85,,10,2,1,,5,1,18
id-788,8,id-12,80,10,100,0,10,2,397,100,,,
id-114,1,id-15,,30,,0,12,1,26,,2,33,13
rec-593-dup-0,6,id-14,80,5,,,10,3,360,,,,
rec-298-dup-0,3,id-1,,,100,0,9,1,200,,3,6,14
id-115,1,id-14,,20,,0,4,1,66,,4,15,13
id-4,1,id-1,18,15,85,0,10,2,30,,5,12,7
id-5,1,id-1,80,20,85,0,10,2,1,,5,1,18
id-6,1,id-1,40,20,100,0,10,2,35,,4,11,23
id-7,1,id-10,75,15,100,0,10,2,5,10,2,1,17
id-1,1,id-1,40,35,100,0,10,2,1,,5,1,5
id-2,1,id-2,50,25,100,0,10,2,44,,5,2,5
id-3,1,id-1,15,10,85,0,10,2,30,,5,10,7
rec-75-dup-0,1,id-12,55,25,95,0,11,2,44,,1,2,5
id-816,8,id-12,,10,,0,13,1,1,,,,
id-117,1,id-1,,10,,1,7,2,27,,5,15,15
id-8,1,id-15,75,15,100,0,10,2,6,10,2,1,17
id-9,1,id-13,75,15,100,0,10,2,7,10,1,1,17
rec-761-dup-0,8,id-2,,10,,0,2,2,1,,,,
id-204,2,id-18,,20,100,0,10,1,59,,3,23,19
id-118,1,id-1,,10,,0,7,1,84,,3,17,14
id-206,2,id-1,40,40,100,0,10,2,102,,1,5,16
id-207,2,id-1,,15,85,0,10,1,119,,3,27,19
id-200,2,id-16,120,10,100,0,8,2,28,,1,6,7
id-201,2,id-6,,10,,0,12,1,116,,5,21,13
id-202,2,id-12,75,10,100,0,10,3,4,,4,10,20
id-119,1,id-3,,20,,0,10,1,10,,4,19,15
id-617,6,id-18,140,5,90,0,10,3,270,,,,
id-616,6,id-5,90,10,100,0,11,2,1,,,,
id-615,6,id-5,90,10,100,0,11,2,374,,,,
id-614,6,id-5,90,10,100,0,11,2,373,100,,,
id-208,2,id-1,,10,,0,7,1,33,,3,12,8
id-209,2,id-13,65,20,100,0,10,2,7,30,1,4,5
id-611,6,id-7,20,20,100,0,10,3,43,100,,,
id-610,6,id-1,40,40,100,0,10,2,102,,,,
rec-666-dup-0,7,id-18,,10,,0,10,1,387,,,,
id-10002,3,id-10002,80,,100,0,10,2,44,,,,
id-801,8,id-4,90,10,100,0,10,3,1,20,,,
rec-648-dup-0,7,id-14,,1,,0,10,2,1,,,,
rec-346-dup-0,6,id-11,,15,,0,12,1,211,,3,1,13
id-811,8,id-2,,10,,0,13,1,1,100,,,
rec-307-dup-0,3,id-10,150,5,90,,10,3,81,,2,6,22
rec-148-dup-0,1,id-1,,20,100,0,10,1,24,,2,22,10
rec-463-dup-0,4,id-10,100,5,75,0,10,3,43,100,5,,7
rec-463-dup-1,4,id-10,,5,75,0,10,3,43,100,5,,7
rec-510-dup-0,5,id-10,60,15,100,,11,3,315,,,,
rec-706-dup-0,7,id-14,85,10,100,0,10,2,187,,,,
rec-706-dup-1,7,id-14,85,10,100,0,10,2,187,,,,
rec-17-dup-0,1,id-3,60,35,100,,10,2,1,,1,12,5
rec-195-dup-0,2,id-1,,,,0,14,1,115,,2,14,10
rec-783-dup-0,8,id-13,110,10,100,0,10,2,437,100,,,
id-589,6,id-1,,20,,0,10,1,357,100,,,
rec-209-dup-0,2,id-13,65,20,100,0,10,2,7,30,1,4,5
id-10005,3,id-10002,75,,100,0,10,2,1,,,,
rec-92-dup-0,1,id-4,,10,,0,10,1,34,,4,33,19
id-588,6,id-9,,10,,4,7,1,356,,,,
id-810,8,id-4,,40,100,0,9,1,1,,,,
rec-625-dup-0,7,id-2,,1,,0,10,3,1,,,,
rec-625-dup-1,7,id-2,,1,,0,10,3,1,,,,
rec-564-dup-1,6,id-7,,20,,0,6,1,341,,,,
rec-101-dup-0,1,id-8,,15,100,,10,3,88,,4,23,5
rec-103-dup-0,1,id-1,,40,,0,10,1,60,,4,5,10
rec-650-dup-1,7,id-15,,,,0,10,2,1,,,,
id-820,8,id-16,150,5,100,0,11,3,1,,,,
rec-249-dup-0,2,id-2,40,15,100,0,10,2,70,50,5,29,18
rec-473-dup-0,5,id-14,80,10,100,,10,3,283,,,,
id-821,8,id-14,90,10,100,0,10,3,1,10,,,
rec-331-dup-1,3,id-12,25,30,100,,10,2,30,,1,14,7
rec-301-dup-0,3,id-15,30,20,90,0,10,2,118,,2,24,7
id-10004,3,id-10002,75,,100,0,10,3,7,10,,,
rec-490-dup-0,5,id-2,65,20,100,0,10,2,21,100,,,
id-240,2,id-11,,5,,0,12,1,137,,5,11,13
id-813,8,id-15,20,10,90,0,10,2,1,,,,
rec-132-dup-1,1,id-1,10,,100,0,10,2,71,10,5,9,21
id-168,2,id-17,60,25,100,0,10,2,106,,5,20,12
rec-638-dup-0,7,id-9,,1,,,10,2,1,,,,
id-770,8,id-6,10,10,,0,2,2,1,,,,
rec-468-dup-0,5,id-17,,15,,,7,1,278,,,,
rec-486-dup-0,5,id-13,,10,100,0,10,3,294,,,,
rec-368-dup-0,8,id-9,,10,100,0,1,2,228,,2,,15
rec-701-dup-0,7,id-1,210,1,,0,10,2,1,,,,
id-10007,3,id-10002,120,,60,0,10,2,10002,,,,
rec-321-dup-1,3,id-1,,20,,0,10,1,206,,3,33,19
rec-321-dup-0,3,id-1,,20,100,0,10,1,206,,3,33,19
rec-515-dup-0,5,id-2,,5,,0,10,3,321,,,,
id-626,7,id-3,,1,,0,10,2,1,,,,
id-509,5,id-2,60,10,90,-6,10,2,314,,,,
id-508,5,id-9,,10,,0,7,1,313,,,,
id-627,7,id-3,,1,,0,10,3,1,,,,
id-503,5,id-11,80,15,100,0,10,3,5,30,,,
id-502,5,id-14,,15,,2,7,1,308,,,,
id-501,5,id-2,,15,,3,4,1,307,,,,
id-500,5,id-14,20,10,100,0,10,3,306,,,,
id-507,5,id-3,60,10,100,0,10,2,312,,,,
id-506,5,id-8,65,10,100,0,10,3,311,,,,
id-505,5,id-14,,10,,0,10,1,310,,,,
id-504,5,id-1,,15,,0,7,1,309,,,,
id-161,1,id-1,80,10,100,0,10,3,37,20,2,8,5
rec-211-dup-1,2,id-9,70,25,90,0,10,2,139,10,1,12,5
id-625,7,id-2,,1,,0,10,3,1,,,,
id-756,8,id-1,,10,100,0,12,1,432,,,,
id-804,8,id-13,70,20,100,0,10,3,1,,,,
id-160,1,id-1,,30,,0,7,1,31,,2,12,23
id-622,7,id-1,,1,,0,10,2,1,,,,
rec-113-dup-0,1,id-14,,30,,0,4,1,36,,2,15,13
id-10006,3,id-10002,75,,100,0,10,3,6,10,,,
id-623,7,id-1,,1,,0,10,3,1,,,,
rec-573-dup-0,6,id-15,70,20,,0,10,3,380,10,,,
id-488,5,id-10,50,20,100,0,10,2,296,100,,,
id-489,5,id-4,,20,,0,7,1,323,,,,
id-620,6,id-3,120,5,100,0,10,2,230,100,,,
rec-129-dup-0,1,id-1,60,20,,,11,3,18,,1,27,17
id-482,5,id-4,95,10,100,0,9,3,3,10,,,
id-483,5,id-7,,20,,0,7,1,291,,,,
id-480,5,id-2,60,10,100,0,10,2,289,,,,
id-481,5,id-10,70,15,100,0,10,3,290,,,,
id-486,5,id-13,,10,100,0,10,3,294,,,,
id-487,5,id-11,,20,100,0,10,1,295,,,,
id-484,5,id-9,,10,100,0,10,2,292,,,,
id-485,5,id-14,120,10,100,0,9,3,293,,,,
rec-681-dup-0,7,id-17,,10,100,0,10,2,306,,,,
rec-556-dup-1,5,id-15,85,10,90,0,10,2,32,30,,,
rec-113-dup-1,,id-14,,30,,0,4,1,36,,2,15,13
rec-10005-dup-1,3,id-10002,75,,,0,10,2,1,,,,
rec-556-dup-0,5,id-15,85,,90,0,10,2,32,30,,,
id-552,5,id-10,80,10,100,0,10,3,277,50,,,
rec-728-dup-0,7,id-16,185,1,,0,11,3,419,100,,,
rec-10005-dup-0,3,id-10002,75,,100,0,10,2,1,,,,
id-477,5,id-14,,15,,0,10,1,286,,,,
id-476,5,id-7,,20,,2,7,1,173,,,,
id-475,5,id-9,,15,,0,7,1,285,,,,
id-474,5,id-4,65,10,100,0,10,3,284,,,,
id-378,4,id-1,,5,100,0,10,3,238,,4,,22
id-379,4,id-14,,10,,0,7,1,239,,1,,16
id-471,5,id-14,,10,,0,10,1,281,,,,
id-470,5,id-14,,10,,0,10,1,280,,,,
id-374,4,id-17,,10,100,0,10,2,234,,5,,23
id-375,4,id-14,,10,100,0,10,1,235,,1,,16
id-376,4,id-1,,5,,0,10,3,236,,1,,21
id-377,4,id-14,,15,100,0,11,1,237,,3,,13
id-370,4,id-2,120,5,100,0,10,2,230,100,4,,22
id-371,4,id-17,50,10,100,0,10,2,231,,1,,6
id-372,4,id-17,60,10,100,0,10,2,232,,2,,15
id-373,4,id-17,,15,100,0,10,1,233,,3,,13
rec-595-dup-0,6,id-10,75,10,100,,10,3,72,100,,,
id-578,6,id-18,,10,,3,4,1,350,,,,
id-579,6,id-18,,10,,0,14,1,351,100,,,
id-576,6,id-17,,20,,0,10,1,348,,,,
id-577,6,id-18,50,10,100,0,10,3,349,,,,
id-574,6,id-18,40,15,,0,11,3,381,,,,
id-575,6,id-17,,20,100,0,10,1,347,100,,,
id-572,6,id-12,90,15,100,0,9,2,379,,,,
id-573,6,id-15,70,20,100,0,10,3,380,10,,,
id-570,6,id-13,65,20,100,0,9,3,346,,,,
id-571,6,id-12,,20,100,0,10,1,376,,,,
id-396,4,id-2,80,20,,0,10,3,18,,2,,17
id-397,4,id-6,,20,,0,7,1,53,,5,,1
id-394,4,id-10,120,15,100,0,10,2,254,10,4,,22
id-395,4,id-2,60,10,100,0,10,2,7,30,1,,18
id-392,4,id-11,,20,,0,7,1,252,,2,,8
id-393,4,id-13,,10,,0,7,1,253,,3,,13
id-259,3,id-17,,15,100,0,10,1,166,,5,18,16
id-258,3,id-15,,10,,0,12,1,165,,2,5,13
id-257,3,id-10,95,10,90,0,11,3,5,10,2,1,17
id-256,3,id-1,,10,,0,7,1,163,,5,32,8
id-255,3,id-1,,10,100,0,10,3,162,,5,1,18
id-254,3,id-1,,20,,0,7,1,161,,5,16,11
id-253,3,id-1,90,10,100,0,8,3,160,,3,21,10
id-252,3,id-1,40,10,100,3,10,2,159,100,3,23,17
id-251,2,id-17,,10,100,0,10,2,155,,4,14,7
id-250,2,id-11,35,15,85,0,10,3,262,100,2,24,21
rec-596-dup-0,6,id-12,,,,4,7,1,362,,,,
rec-289-dup-1,3,id-17,,10,,4,7,1,196,,4,14,12
id-618,6,id-11,110,10,85,0,11,3,1,,,,
rec-715-dup-0,7,id-1,,20,,,10,1,412,100,,,
rec-715-dup-1,6,id-1,,20,,0,10,1,412,100,,,
rec-132-dup-0,1,id-1,10,35,100,0,10,2,71,10,5,9,21
id-653,7,id-16,,1,,0,10,3,1,,,,
id-652,7,id-16,,1,,0,10,2,1,,,,
id-651,7,id-15,,1,,0,10,3,1,,,,
id-650,7,id-15,,1,,0,10,2,1,,,,
id-657,7,id-18,,1,,0,10,3,1,,,,
id-656,7,id-18,,1,,0,10,2,1,,,,
id-655,7,id-17,,1,,0,10,3,1,,,,
id-205,2,id-6,30,20,90,0,10,2,118,,5,24,7
id-659,7,id-5,,10,,0,7,1,382,,,,
id-658,7,id-13,210,1,,0,10,2,1,,,,
id-728,7,id-16,185,1,,0,11,3,419,100,,,
id-754,8,id-13,85,10,100,0,10,2,431,,,,
rec-661-dup-0,7,id-4,,10,,4,7,1,384,,,,
rec-661-dup-1,5,id-4,,10,,4,7,1,384,,,,
rec-561-dup-0,6,id-2,,10,,0,4,1,377,,,,
id-718,7,id-1,120,10,100,0,10,2,269,,,,
id-719,7,id-13,195,1,,0,10,3,1,,,,
id-171,2,id-8,,15,100,0,10,1,108,,4,5,19
rec-90-dup-0,1,id-5,,5,30,0,10,2,39,,5,14,9
rec-167-dup-0,2,id-2,10,10,90,,10,2,105,,1,1,7
id-712,7,id-8,90,10,100,0,10,2,410,,,,
id-713,7,id-9,100,5,100,0,10,2,411,,,,
id-710,7,id-11,85,10,100,0,10,2,70,20,,,
id-711,7,id-14,160,10,100,0,10,3,81,,,,
id-716,7,id-13,80,10,100,0,10,2,32,30,,,
id-717,7,id-18,,10,90,0,10,3,41,,,,
id-714,7,id-8,100,5,100,0,10,3,411,,,,
id-715,7,id-1,,20,,0,10,1,412,100,,,
rec-491-dup-0,5,id-4,40,20,100,0,10,3,297,100,,,
id-619,6,id-5,120,10,85,0,11,2,1,,,,
rec-781-dup-0,8,id-9,100,5,,0,10,2,436,,,,
rec-179-dup-0,2,id-2,,15,100,0,10,2,100,,1,28,15
id-203,2,id-1,,10,,4,7,1,117,,5,16,13
id-49,1,id-1,,20,90,0,10,3,131,,1,12,5
id-48,1,id-1,,20,55,0,10,1,50,,4,21,19
id-176,2,id-1,,30,,0,10,1,94,,2,12,23
id-647,7,id-13,,1,,0,10,3,1,,,,
rec-693-dup-0,7,id-17,60,20,100,0,9,2,406,,,,
id-41,1,id-7,25,20,100,0,10,2,78,20,1,9,7
id-40,1,id-4,15,35,100,0,10,2,3,30,4,9,19
id-43,1,id-1,,30,100,0,11,1,20,100,1,24,19
id-42,1,id-7,25,20,95,0,10,2,30,,1,10,7
id-45,1,id-1,,40,100,0,11,1,19,,3,28,19
id-44,1,id-17,60,25,100,0,10,2,32,30,5,5,5
id-47,1,id-1,,15,55,0,10,1,2,,3,18,19
id-46,1,id-1,,20,,-6,10,1,29,,1,21,19
rec-245-dup-0,2,id-1,80,5,100,2,10,2,104,,1,30,1
rec-245-dup-1,2,id-1,80,5,100,2,10,2,104,,1,30,1
rec-734-dup-0,7,id-13,60,20,,0,10,3,1,100,,,
rec-36-dup-0,1,id-1,,20,85,0,10,2,49,,5,3,5
id-613,6,id-3,80,10,100,0,10,3,349,,,,
rec-790-dup-0,8,id-18,90,10,95,,10,3,77,20,,,
rec-483-dup-0,5,id-7,,,,0,7,1,291,,,,
id-612,6,id-2,40,20,100,0,10,2,375,100,,,
id-154,1,id-1,18,15,80,0,10,2,30,,5,10,7
id-155,1,id-5,50,10,90,0,10,2,45,,5,1,7
id-156,1,id-14,,10,,0,7,1,38,,3,16,8
id-157,1,id-6,75,10,90,0,11,2,32,30,5,5,5
id-150,1,id-1,,40,,0,7,1,86,,3,28,16
id-151,1,id-4,,20,,0,7,1,52,,5,32,11
id-152,1,id-11,100,10,90,0,10,2,44,,5,2,18
id-153,1,id-1,250,5,100,0,9,2,8,,2,7,9
rec-544-dup-0,5,id-9,50,15,85,0,10,2,45,,,,
id-759,8,id-13,10,10,,0,2,2,1,,,,
id-158,1,id-1,80,15,90,0,10,2,32,10,1,4,18
id-159,1,id-1,,30,,0,7,1,11,,3,32,11
id-628,7,id-4,,1,,0,10,2,1,,,,
id-629,7,id-4,,1,,0,10,3,1,,,,
id-803,8,id-12,70,20,100,0,10,2,1,,,,
rec-373-dup-0,4,id-17,,15,100,0,10,1,233,,3,,13
rec-385-dup-0,4,id-14,,10,,0,10,1,245,,3,,16
rec-755-dup-1,8,id-11,85,10,100,0,10,2,431,,,,
rec-241-dup-0,2,id-10,,5,,0,12,1,138,,2,11,13
rec-10004-dup-0,3,id-10002,75,,100,,10,3,7,10,,,
rec-612-dup-0,6,id-2,40,20,100,,10,2,375,100,,,
rec-495-dup-0,6,id-1,,15,,0,10,1,301,,,,
id-747,8,id-1,,10,,0,7,1,424,100,,,
rec-63-dup-0,1,id-1,150,5,90,0,10,3,81,,1,6,22
rec-304-dup-0,3,id-1,90,10,100,0,11,3,1,,1,5,5
rec-409-dup-0,4,id-2,75,10,,0,10,2,4,,2,,20
rec-86-dup-0,1,id-13,,,90,0,10,1,68,,1,14,19
rec-700-dup-1,7,id-13,175,1,,0,10,3,7,100,,,
rec-722-dup-1,7,id-14,100,5,100,0,10,3,1,,,,
rec-799-dup-0,8,id-16,25,20,90,0,10,2,1,,,,
rec-346-dup-1,3,id-11,,15,,0,12,1,211,,3,1,13
rec-68-dup-0,1,id-2,,20,100,-5,1,2,90,,5,16,15
rec-607-dup-0,6,id-1,,40,,0,3,1,371,,,,
rec-607-dup-1,6,id-1,,40,,0,3,1,371,,,,
rec-552-dup-1,5,id-10,80,10,100,0,10,3,277,50,,,
rec-552-dup-0,5,id-10,80,10,100,,10,3,277,50,,,
rec-409-dup-1,4,id-2,75,10,100,0,10,2,4,,2,,20
rec-163-dup-1,1,id-1,70,20,,0,10,2,44,,1,2,5
rec-277-dup-0,3,id-14,,15,,,7,1,184,,2,15,15
rec-176-dup-0,2,id-1,,30,,0,10,1,94,,2,12,23
rec-213-dup-0,2,id-1,,,100,0,10,1,121,,3,18,19
rec-217-dup-1,2,id-1,,15,90,0,10,2,123,,3,17,16
rec-217-dup-0,2,id-1,,15,90,,10,2,123,,3,17,16
rec-338-dup-0,3,id-12,150,5,90,0,10,3,81,,1,6,22
id-279,3,id-2,60,10,100,-4,10,2,186,,5,31,15
rec-667-dup-0,7,id-5,95,10,95,,10,2,1,,,,
rec-603-dup-0,6,id-1,,30,,0,4,1,368,,,,
rec-603-dup-1,5,id-1,,30,,0,4,1,368,,,,
rec-90-dup-1,1,id-5,,5,,0,10,2,39,,5,14,9
id-731,7,id-3,90,15,95,0,10,2,1,30,,,
id-532,5,id-12,75,10,100,0,10,2,4,,,,
id-533,5,id-2,90,15,100,0,10,2,304,,,,
id-439,4,id-6,150,5,90,0,10,2,81,,5,,22
id-438,4,id-12,120,10,85,0,10,2,1,,2,,5
id-536,5,id-12,65,10,90,0,10,3,74,50,,,
id-537,5,id-7,65,20,100,0,10,2,151,30,,,
id-534,5,id-11,75,10,95,0,10,2,70,50,,,
id-535,5,id-10,,10,100,0,10,2,292,,,,
id-433,4,id-14,,5,,-7,12,1,260,,3,,14
id-432,4,id-3,,15,,0,10,1,259,,2,,13
id-431,4,id-1,90,20,85,0,10,2,77,20,1,,18
id-430,4,id-9,80,10,100,0,10,3,73,10,4,,17
id-437,4,id-12,130,5,90,0,10,3,205,100,3,,22
id-436,4,id-10,80,15,100,0,9,3,5,30,5,,17
id-435,4,id-13,80,15,100,0,9,3,7,30,1,,17
id-434,4,id-16,130,5,90,0,10,3,205,100,4,,22
id-278,3,id-1,,10,,0,7,1,185,,4,17,12
rec-275-dup-0,3,id-12,,20,,0,7,1,182,,4,15,21
rec-780-dup-0,8,id-10,120,,90,0,10,2,5,10,,,
rec-381-dup-0,4,id-1,,30,,0,4,1,241,,3,,13
id-386,4,id-17,,5,100,0,10,2,246,,4,,23
rec-6-dup-0,1,id-1,40,20,100,0,10,2,35,,4,11,23
rec-630-dup-0,7,id-5,,,,0,10,2,1,,,,
id-808,8,id-17,75,5,100,0,10,2,1,,,,
rec-203-dup-0,2,id-1,,10,,4,7,1,117,,5,16,13
rec-743-dup-0,8,id-1,,10,,4,7,1,112,,,,
rec-502-dup-0,5,id-14,,15,,,7,1,308,,,,
rec-626-dup-0,7,id-3,,,,0,10,2,1,,,,
rec-316-dup-0,3,id-1,,40,,0,10,1,114,,4,33,20
id-697,7,id-11,195,1,,0,10,3,1,,,,
id-696,7,id-17,180,1,,0,10,2,1,,,,
id-695,7,id-8,180,1,,0,10,2,1,,,,
id-694,7,id-15,,20,,0,4,1,407,,,,
id-693,7,id-17,60,20,100,0,9,2,406,,,,
id-692,7,id-16,90,15,100,0,10,2,1,,,,
id-691,7,id-16,110,5,100,0,11,3,405,100,,,
id-690,7,id-3,100,15,100,-3,10,2,404,,,,
rec-759-dup-0,8,id-13,,10,,0,2,2,1,,,,
rec-759-dup-1,8,id-13,10,10,,0,2,2,1,,,,
rec-71-dup-0,,id-12,20,25,100,0,10,3,4,,4,9,20
rec-71-dup-1,1,id-12,20,25,,0,10,3,4,,4,9,20
id-699,7,id-8,195,1,,0,10,2,1,,,,
id-698,7,id-18,,1,,0,10,3,413,,,,
id-327,3,id-2,85,15,90,0,10,2,208,,1,23,17
id-326,3,id-14,80,20,100,0,10,3,32,10,1,4,17
id-325,3,id-8,60,20,,0,10,2,18,,4,27,17
id-324,3,id-7,75,15,100,0,10,3,77,10,2,21,4
id-288,3,id-8,,5,,0,7,1,195,,5,26,10
id-289,3,id-17,,10,,4,7,1,196,,4,14,12
id-321,3,id-1,,20,100,0,10,1,206,,3,33,19
id-320,3,id-12,,15,55,0,10,1,2,,4,5,19
id-284,3,id-10,150,5,100,0,11,3,191,,2,26,18
id-285,3,id-14,,10,,0,10,1,192,,4,20,12
id-286,3,id-14,,10,,0,7,1,193,,4,33,20
id-287,3,id-1,,20,,0,7,1,194,,3,32,8
id-280,3,id-2,75,15,100,0,10,2,187,,1,4,5
id-281,3,id-1,,10,,0,10,1,188,,3,18,19
id-329,3,id-15,,5,30,0,10,3,39,,2,14,9
id-283,3,id-1,,5,100,0,10,2,190,,5,28,15
rec-300-dup-0,3,id-5,,,,0,12,1,202,,3,1,13
id-701,7,id-1,210,1,,0,10,2,1,,,,
id-448,4,id-3,65,20,100,0,10,3,268,100,4,,23
id-449,4,id-1,100,10,100,0,10,3,269,,4,,14
id-446,4,id-6,,20,,0,6,1,267,,1,,13
id-447,4,id-12,,20,100,0,10,3,197,,4,,4
id-444,4,id-6,100,5,80,0,10,2,44,,5,,4
id-445,4,id-1,,20,100,0,11,1,266,,2,,19
id-442,4,id-9,80,15,100,0,10,2,32,30,5,,18
id-443,4,id-9,60,20,,0,10,2,18,,1,,5
id-440,4,id-4,70,20,100,0,10,2,210,10,1,,5
id-441,4,id-4,120,5,80,0,10,2,3,30,1,,5
id-266,3,id-1,,20,,2,7,1,173,,3,24,14
id-267,3,id-1,,20,,0,10,1,174,,2,11,14
id-264,3,id-2,150,20,100,-3,10,2,171,,5,31,6
id-265,3,id-1,70,10,100,0,10,2,172,,4,9,16
id-89,1,id-5,100,10,100,0,9,2,148,,5,5,18
id-88,1,id-6,50,15,90,0,10,2,1,,5,12,5
id-109,1,id-8,,10,100,0,10,1,50,,4,21,10
id-108,1,id-1,,20,100,0,10,1,24,,4,22,10
id-85,1,id-13,90,15,100,0,10,3,7,10,1,1,17
id-84,1,id-13,40,30,100,0,10,3,7,10,1,1,5
id-87,1,id-13,110,10,70,0,10,3,153,30,1,8,17
id-86,1,id-13,,20,90,0,10,1,68,,1,14,19
id-81,1,id-7,,40,95,0,11,1,61,,4,9,19
id-80,1,id-12,120,10,100,0,8,3,28,,2,6,21
id-83,1,id-10,35,15,85,0,10,3,43,100,2,24,21
id-82,1,id-16,,10,100,0,10,3,42,,1,26,5
rec-538-dup-1,4,id-12,,10,,0,7,1,329,,,,
id-351,3,id-13,60,20,,0,10,3,18,,1,27,17
rec-601-dup-0,6,id-18,,10,,0,7,1,366,,,,
id-669,7,id-12,125,10,100,0,10,2,152,,,,
rec-576-dup-0,6,id-17,,20,,,10,1,348,,,,
rec-297-dup-1,3,id-3,,15,,0,10,1,59,,2,28,19
rec-466-dup-0,4,id-8,,5,100,0,10,3,141,10,4,,11
rec-366-dup-1,4,id-3,,15,,0,4,1,226,,4,,1
rec-163-dup-0,1,id-1,,20,100,0,10,2,44,,1,2,5
id-350,3,id-6,25,10,90,0,10,2,30,,5,12,7
rec-574-dup-1,4,id-18,40,15,,0,11,3,381,,,,
rec-574-dup-0,6,id-18,40,15,,0,11,3,381,,,,
id-10003,3,id-10002,40,,100,0,10,2,1,,,,
id-198,2,id-5,25,10,90,0,10,2,30,,5,1,7
id-199,2,id-1,,5,,0,10,1,95,,4,24,20
id-211,2,id-9,70,25,90,0,10,2,139,10,1,12,5
id-210,2,id-7,40,20,95,0,10,2,120,,1,17,7
id-217,2,id-1,,15,90,0,10,2,123,,3,17,16
id-216,2,id-1,,20,100,0,10,2,122,,3,13,17
id-215,2,id-1,,5,,0,13,1,103,,2,28,8
id-214,2,id-1,,10,,0,7,1,98,,3,17,5
id-190,2,id-11,65,10,85,0,10,3,74,50,5,10,4
id-191,2,id-5,,20,,0,6,1,113,,4,18,13
id-192,2,id-13,120,5,50,0,10,3,7,100,1,1,4
id-193,2,id-1,,40,,0,10,1,114,,4,33,20
id-194,2,id-8,,5,,0,7,1,99,,4,7,9
id-195,2,id-1,,5,,0,14,1,115,,2,14,10
id-196,2,id-15,55,15,95,0,11,3,71,100,2,5,2
id-197,2,id-2,,5,,4,7,1,112,,1,16,16
id-67,1,id-2,,20,100,0,10,2,197,,5,4,5
id-359,4,id-2,100,10,90,0,10,2,219,100,1,,2
id-755,8,id-11,85,10,100,0,10,2,431,,,,
id-66,1,id-2,80,20,80,0,10,2,49,,1,3,5
id-795,8,id-16,160,5,90,0,10,3,81,,,,
rec-447-dup-0,4,id-12,,20,100,0,10,3,197,,4,,4
id-65,1,id-3,80,20,100,0,10,2,1,,1,1,5
rec-514-dup-0,5,id-1,70,5,100,0,10,2,320,,,,
id-16,1,id-3,40,35,100,0,10,3,150,,4,21,5
id-17,1,id-3,60,35,100,0,10,2,1,,1,12,5
id-14,1,id-1,,20,,0,7,1,51,,2,32,11
id-15,1,id-1,50,30,95,0,10,2,1,,1,14,5
id-12,1,id-1,,5,30,0,10,2,39,,1,14,9
id-13,1,id-1,80,10,100,0,11,3,40,,1,2,6
id-10,1,id-1,40,35,100,0,10,2,1,,5,1,5
id-11,1,id-1,55,30,100,0,10,2,1,,5,1,5
id-63,1,id-1,150,5,90,0,10,3,81,,1,6,22
id-583,6,id-18,90,10,90,0,10,2,69,10,,,
rec-418-dup-0,4,id-9,,30,100,1,10,2,104,,4,,1
id-798,8,id-9,130,5,100,0,10,2,1,,,,
id-18,1,id-1,,20,,-6,10,1,29,,4,21,9
id-19,1,id-3,90,15,95,0,10,2,156,,4,15,6
rec-696-dup-0,7,id-17,180,1,,0,10,2,1,,,,
rec-696-dup-1,7,id-17,180,1,,0,10,2,1,,,,
rec-64-dup-1,1,id-3,35,35,100,0,10,2,1,,1,1,5
id-494,5,id-1,,15,100,0,10,1,300,,,,
id-61,1,id-11,65,20,100,0,10,3,71,10,2,5,2
rec-682-dup-0,7,id-10,130,5,,0,10,3,398,,,,
rec-656-dup-0,7,id-18,,1,,0,10,2,1,,,,
id-60,1,id-14,65,20,100,0,10,3,77,10,2,21,17
rec-816-dup-0,8,id-12,,10,,,13,1,1,,,,
rec-304-dup-1,3,id-1,90,10,,0,11,3,1,,1,5,5
rec-89-dup-1,1,id-5,100,10,100,0,9,2,148,,5,5,18
rec-89-dup-0,1,id-5,100,10,100,0,9,2,148,,5,5,18
rec-457-dup-1,4,id-6,150,5,80,0,10,2,270,,5,,22
rec-457-dup-0,4,id-6,150,5,80,0,10,2,270,,5,,22
id-802,8,id-18,100,5,100,0,9,3,1,,,,
rec-401-dup-0,4,id-11,90,10,90,0,10,2,1,,3,,5
id-582,6,id-13,,20,,0,10,1,354,,,,
rec-732-dup-0,7,id-13,,20,,0,10,3,1,,,,
id-591,6,id-6,100,5,95,0,11,2,359,50,,,
id-741,7,id-1,,20,,0,10,2,1,,,,
rec-96-dup-0,1,id-14,,40,,0,7,1,11,,2,32,11
rec-64-dup-0,1,id-3,35,35,100,,10,2,1,,1,1,5
rec-310-dup-0,3,id-8,30,15,100,0,10,2,32,30,4,9,5
rec-340-dup-0,3,id-3,85,5,85,0,10,2,264,30,3,15,6
id-400,4,id-17,70,15,100,0,10,2,44,,2,,5
rec-503-dup-1,5,id-11,80,,100,0,10,3,5,30,,,
id-401,4,id-11,90,10,90,0,10,2,1,,3,,5
rec-503-dup-0,5,id-11,80,15,100,0,10,3,5,30,,,
rec-289-dup-0,3,id-17,,10,,4,7,1,196,,4,14,12
id-819,8,id-13,80,15,90,0,10,3,1,100,,,
rec-216-dup-0,2,id-1,,,100,0,10,2,122,,3,13,17
rec-179-dup-1,2,id-2,,15,100,0,10,2,100,,1,28,15
id-407,4,id-16,100,10,75,0,10,2,32,20,1,,18
rec-473-dup-1,5,id-14,80,10,,0,10,3,283,,,,
rec-328-dup-0,3,id-5,35,15,85,0,10,2,43,100,4,24,21
rec-328-dup-1,3,id-5,,15,85,0,10,2,43,100,4,24,21
rec-766-dup-0,8,id-3,10,10,,0,2,2,1,,,,
id-598,6,id-13,,15,100,0,10,1,62,,,,
rec-783-dup-1,7,id-13,110,10,100,0,10,2,437,100,,,
rec-766-dup-1,8,id-3,10,10,,0,2,2,1,,,,
rec-363-dup-1,4,id-1,,15,,0,10,2,223,,1,,18
id-599,6,id-4,,20,100,0,11,1,364,100,,,
rec-722-dup-0,7,id-14,100,5,100,0,10,3,1,,,,
id-800,8,id-6,120,10,90,0,10,3,1,100,,,
rec-791-dup-0,8,id-11,,10,,,13,1,441,,,,
id-814,8,id-3,40,10,90,0,10,2,1,,,,
id-745,8,id-11,80,15,100,0,10,3,422,,,,
rec-282-dup-0,3,id-17,65,20,100,0,10,2,189,,4,4,5
rec-313-dup-0,3,id-17,,20,,0,10,1,63,,4,28,19
id-408,4,id-6,80,20,100,0,10,3,1,,2,,5
rec-343-dup-0,3,id-1,60,25,100,,10,2,106,,3,20,12
id-499,5,id-4,50,15,,0,10,3,305,,,,
id-498,5,id-1,70,20,100,0,10,2,304,,,,
id-360,4,id-9,,5,100,0,10,2,220,,2,,15
rec-10-dup-1,1,id-1,,35,100,0,10,2,1,,5,1,5
rec-490-dup-1,5,id-2,65,20,100,0,10,2,21,100,,,
id-491,5,id-4,40,20,100,0,10,3,297,100,,,
id-490,5,id-2,65,20,100,0,10,2,21,100,,,
id-493,5,id-1,,15,100,0,10,1,299,,,,
id-492,5,id-17,95,15,100,0,10,2,298,,,,
id-495,5,id-1,,15,,0,10,1,301,,,,
id-277,3,id-14,,15,,4,7,1,184,,2,15,15
id-497,5,id-1,40,15,100,0,10,3,303,,,,
id-496,5,id-1,60,15,100,0,10,3,302,,,,
id-792,8,id-17,,10,100,4,7,1,442,,,,
id-793,8,id-17,80,10,,0,10,2,18,,,,
id-790,8,id-18,90,10,95,0,10,3,77,20,,,
id-276,3,id-2,120,5,100,0,10,2,183,100,5,3,18
id-796,8,id-9,140,5,95,0,10,3,420,,,,
id-797,8,id-14,80,10,100,0,10,3,1,,,,
id-794,8,id-2,150,5,100,0,10,2,81,,,,
id-744,8,id-16,100,5,100,0,10,3,421,,,,
rec-274-dup-0,3,id-1,,20,,,7,1,181,,3,25,14
id-752,8,id-1,,10,,0,14,1,429,,,,
id-799,8,id-16,25,20,90,0,10,2,1,,,,
rec-10-dup-0,1,id-1,40,35,100,0,10,2,1,,5,1,5
id-402,4,id-12,80,15,100,0,10,2,1,,4,,5
id-403,4,id-3,75,15,95,0,10,3,32,30,1,,17
id-369,4,id-7,70,20,100,0,10,2,229,,3,,16
id-368,4,id-9,,10,100,0,1,2,228,,2,,15
id-406,4,id-16,85,10,100,0,10,3,1,,4,,4
id-273,3,id-1,,10,,0,7,1,180,,3,24,8
id-404,4,id-7,80,15,100,0,10,2,1,,2,,17
id-405,4,id-7,90,10,100,0,10,3,73,10,3,,4
id-363,4,id-1,,15,100,0,10,2,223,,1,,18
id-362,4,id-11,65,10,100,0,10,3,222,,4,,4
id-361,4,id-14,,10,,0,7,1,221,,3,,8
id-272,3,id-14,,10,,0,10,1,179,,3,20,23
id-367,4,id-1,,30,,0,5,1,227,,1,,11
id-366,4,id-3,,15,,0,4,1,226,,4,,1
id-365,4,id-3,60,20,100,0,10,2,225,,3,,12
id-364,4,id-1,30,10,100,2,10,2,224,,2,,16
id-172,2,id-10,60,25,100,0,10,2,126,10,2,1,7
id-569,6,id-13,,25,,1,12,1,345,,,,
id-568,6,id-1,,30,100,0,10,1,344,100,,,
rec-673-dup-1,7,id-1,,30,,0,7,1,391,,,,
id-173,2,id-1,50,15,100,0,10,3,93,30,3,1,5
id-565,6,id-7,50,25,100,0,10,2,342,,,,
id-564,6,id-7,,20,,0,6,1,341,,,,
id-567,6,id-8,,20,100,0,10,1,343,,,,
id-566,6,id-8,90,10,100,0,10,2,273,,,,
id-561,6,id-2,,10,,0,4,1,377,,,,
id-170,2,id-1,,5,,0,10,1,95,,4,24,20
id-563,6,id-5,,10,,0,14,1,340,100,,,
id-562,6,id-4,120,10,90,0,10,3,339,,,,
id-385,4,id-14,,10,,0,10,1,245,,3,,16
id-384,4,id-14,,10,,0,10,1,244,,2,,16
id-228,2,id-17,40,20,100,0,10,2,129,,4,14,20
id-229,2,id-1,50,40,100,0,10,2,130,100,1,16,17
id-381,4,id-1,,30,,0,4,1,241,,3,,13
id-380,4,id-4,,10,100,0,10,1,240,,2,,13
id-383,4,id-1,,20,,0,7,1,243,,1,,12
id-382,4,id-1,,20,,0,2,1,242,,3,,1
id-222,2,id-5,,30,100,0,9,2,127,,5,11,18
id-223,2,id-2,100,5,50,0,10,2,77,100,1,10,18
id-220,2,id-1,,20,,0,10,1,92,,4,4,10
id-221,2,id-10,100,5,95,0,10,2,126,50,2,1,22
id-226,2,id-1,,40,,0,7,1,128,,3,18,16
id-227,2,id-1,,5,100,0,10,1,91,,3,18,20
id-224,2,id-7,120,10,85,0,10,2,1,,1,12,18
id-225,2,id-16,60,20,100,0,10,3,7,30,1,5,17
rec-796-dup-1,8,id-9,140,5,95,0,10,3,420,,,,
id-531,5,id-14,60,25,100,0,10,2,32,30,,,
rec-810-dup-0,8,id-4,,40,100,0,9,1,1,,,,
id-174,2,id-8,,10,,0,1,1,110,,5,31,21
rec-796-dup-0,8,id-9,140,5,95,0,10,3,420,,,,
id-740,7,id-18,120,5,85,0,10,3,1,,,,
id-175,2,id-1,,15,100,0,10,2,100,,3,26,15
rec-570-dup-1,6,id-13,65,20,100,0,9,3,346,,,,
rec-369-dup-0,4,id-7,70,20,,0,10,2,229,,3,,16
rec-303-dup-0,3,id-1,,10,,,7,1,33,,3,26,8
rec-748-dup-0,8,id-2,,5,,0,7,1,425,100,,,
rec-640-dup-1,7,id-10,,1,,0,10,2,1,,,,
rec-251-dup-0,2,id-17,,10,100,0,10,2,155,,4,14,7
id-560,6,id-2,100,10,95,0,10,2,338,,,,
id-709,7,id-6,40,20,100,1,10,2,104,,,,
id-708,7,id-8,85,10,100,0,10,2,70,20,,,
rec-588-dup-0,6,id-9,,10,,4,7,1,356,,,,
rec-588-dup-1,6,id-9,,10,,4,7,1,356,,,,
rec-185-dup-1,2,id-17,60,20,,0,10,2,18,,4,27,18
id-318,3,id-7,60,5,100,0,10,3,141,10,2,32,4
id-319,3,id-9,,40,85,0,10,1,63,,4,5,10
id-316,3,id-1,,40,,0,10,1,114,,4,33,20
id-317,3,id-6,60,15,95,0,10,2,71,100,4,24,2
id-314,3,id-3,60,25,95,0,11,3,44,,1,23,5
id-315,3,id-10,130,5,90,0,10,3,205,100,2,3,22
id-312,3,id-12,,5,,0,13,1,103,,4,28,8
id-313,3,id-17,,20,100,0,10,1,63,,4,28,19
id-310,3,id-8,30,15,100,0,10,2,32,30,4,9,5
id-311,3,id-1,50,10,100,0,10,3,204,,4,1,4
id-136,1,id-2,130,10,90,0,10,2,46,,1,3,5
id-137,1,id-1,,30,100,0,10,1,68,,5,5,19
id-134,1,id-14,,15,80,0,10,1,24,,4,24,11
id-135,1,id-1,,10,,0,7,1,33,,2,1,8
id-132,1,id-1,10,35,100,0,10,2,71,10,5,9,21
id-133,1,id-14,,20,,0,7,1,55,,3,32,11
id-130,1,id-1,130,10,100,0,10,2,146,100,5,4,6
id-131,1,id-1,20,15,100,0,10,2,30,,1,10,7
rec-744-dup-0,8,id-16,100,5,,0,10,3,421,,,,
rec-11-dup-0,1,id-1,55,30,100,,10,2,1,,5,1,5
id-105,1,id-1,,10,,0,7,1,33,,4,23,8
id-387,4,id-1,140,5,100,0,10,2,247,,3,,21
id-138,1,id-14,100,15,100,0,10,3,9,,4,8,20
id-139,1,id-4,,40,90,0,11,1,67,,4,33,5
id-58,1,id-15,90,10,100,0,10,3,6,10,2,23,17
id-59,1,id-15,110,5,70,0,11,3,261,10,2,1,17
id-52,1,id-10,40,25,100,0,10,3,5,10,2,1,5
id-53,1,id-10,90,15,100,0,10,3,5,10,2,1,17
id-50,1,id-1,,20,100,0,10,1,87,,4,18,19
id-51,1,id-4,40,30,100,0,11,3,73,10,4,4,5
id-56,1,id-11,110,5,80,0,10,3,1,,2,1,17
id-57,1,id-11,90,15,100,0,9,3,258,,2,2,17
id-54,1,id-15,,30,,0,4,1,47,,2,15,13
id-55,1,id-11,40,25,100,0,10,3,1,,3,1,5
rec-141-dup-0,1,id-7,80,10,,0,10,2,4,,4,9,20
rec-84-dup-0,1,id-13,40,30,100,0,10,3,7,10,1,1,5
id-104,1,id-1,,15,,0,7,1,17,,1,16,1
id-660,7,id-7,90,10,100,2,10,2,383,,,,
rec-791-dup-1,8,id-11,,10,,0,13,1,441,,,,
rec-753-dup-0,8,id-2,,15,100,0,10,1,430,,,,
id-743,8,id-1,,10,,4,7,1,112,,,,
id-143,1,id-3,140,5,90,0,10,2,76,30,1,2,6
id-142,1,id-1,,10,75,0,10,1,2,,2,5,19
id-141,1,id-7,80,10,100,0,10,2,4,,4,9,20
id-140,1,id-1,15,20,85,0,10,2,30,,5,12,7
id-147,1,id-12,,15,100,0,10,1,2,,2,5,10
id-146,1,id-1,70,10,100,0,10,2,77,20,1,4,16
id-145,1,id-11,40,30,100,0,11,3,71,10,3,8,2
id-144,1,id-1,,10,,0,10,1,58,,4,17,23
id-149,1,id-14,,15,100,0,10,3,89,,4,14,5
id-148,1,id-1,,20,100,0,10,1,24,,2,22,10
id-639,7,id-9,,1,,0,10,3,1,,,,
id-638,7,id-9,,1,,0,10,2,1,,,,
rec-780-dup-1,8,id-10,120,5,90,0,10,2,5,10,,,
id-661,7,id-4,,10,,4,7,1,384,,,,
id-590,6,id-1,,20,,0,10,1,358,100,,,
rec-750-dup-0,8,id-14,,20,,0,10,1,427,,,,
rec-50-dup-0,1,id-1,,20,100,,10,1,87,,4,18,19
id-389,4,id-17,70,5,100,1,10,2,249,,4,,1
id-742,7,id-9,60,5,100,0,10,2,45,30,,,
id-388,4,id-12,,10,100,0,10,1,248,,2,,19
rec-70-dup-0,1,id-1,80,15,100,0,10,2,1,,5,23,5
rec-765-dup-1,8,id-11,10,10,,0,2,2,1,,,,
rec-765-dup-0,8,id-11,10,10,,0,2,2,1,,,,
rec-38-dup-0,1,id-1,120,15,100,0,10,2,199,,5,3,9
rec-676-dup-0,8,id-7,90,15,100,0,10,3,394,,,,
rec-595-dup-1,6,id-10,,10,100,0,10,3,72,100,,,
rec-66-dup-0,1,id-2,80,,80,0,10,2,49,,1,3,5
rec-99-dup-0,1,id-1,20,,100,0,10,2,82,,1,17,11
id-102,1,id-1,,10,,0,10,1,83,,3,19,12
rec-49-dup-0,1,id-1,,20,90,0,10,3,131,,1,12,5
rec-41-dup-1,1,id-7,25,20,100,,10,2,78,20,1,9,7
rec-41-dup-0,1,id-7,25,20,100,0,10,2,78,20,1,9,7
rec-794-dup-1,8,id-2,150,,100,0,10,2,81,,,,
rec-794-dup-0,8,id-2,150,5,100,0,10,2,81,,,,
id-538,5,id-12,,10,,0,7,1,329,,,,
rec-444-dup-0,4,id-6,100,5,80,,10,2,44,,5,,4
rec-823-dup-0,8,id-2,90,,100,0,10,2,1,100,,,
rec-641-dup-0,7,id-10,,1,,0,10,3,1,,,,
rec-641-dup-1,7,id-10,,1,,0,10,3,1,,,,
rec-69-dup-0,1,id-2,,20,100,0,10,2,88,,5,23,5
rec-428-dup-0,4,id-14,80,15,90,0,10,2,32,20,2,,18
rec-391-dup-0,4,id-14,,,,0,10,1,251,,1,,16
id-101,1,id-8,,15,100,0,10,3,88,,4,23,5
rec-426-dup-1,4,id-5,65,10,85,0,10,3,74,30,4,,18
rec-350-dup-0,3,id-6,25,10,90,0,10,2,30,,5,12,7
rec-542-dup-0,5,id-3,110,10,,0,10,3,334,30,,,
rec-468-dup-1,5,id-17,,,,0,7,1,278,,,,
rec-507-dup-0,5,id-3,60,10,,0,10,2,312,,,,
rec-53-dup-0,1,id-10,90,15,100,0,10,3,5,10,2,1,17
rec-742-dup-1,7,id-9,60,5,100,0,10,2,45,30,,,
rec-822-dup-1,3,id-17,90,10,100,0,11,3,1,20,,,
rec-822-dup-0,6,id-17,90,10,100,0,11,3,1,20,,,
rec-764-dup-0,8,id-4,10,10,,0,2,2,1,,,,
rec-615-dup-0,6,id-5,,10,100,0,11,2,374,,,,
id-100,1,id-14,,20,,-6,7,1,154,,1,15,1
rec-764-dup-1,8,id-4,10,10,,0,2,2,1,,,,
rec-223-dup-0,2,id-2,100,5,50,0,10,2,77,100,1,10,18
id-521,5,id-13,70,20,100,0,10,3,229,,,,
id-520,5,id-12,80,10,100,0,10,3,327,,,,
id-523,5,id-5,60,20,100,0,9,2,71,100,,,
id-522,5,id-7,50,20,100,0,11,3,72,100,,,
id-525,5,id-16,60,10,90,-6,10,2,314,,,,
id-524,5,id-15,60,10,90,0,10,3,289,100,,,
id-527,5,id-13,55,15,95,0,11,3,21,100,,,
id-526,5,id-1,,30,,0,7,1,328,,,,
id-529,5,id-5,80,10,95,0,10,2,44,,,,
id-528,5,id-13,90,15,100,0,10,2,49,,,,
id-806,8,id-7,70,10,90,0,10,2,1,100,,,
rec-369-dup-1,4,id-7,,20,100,0,10,2,229,,3,,16
rec-211-dup-0,2,id-9,70,25,90,0,10,2,139,10,1,12,5
rec-12-dup-0,1,id-1,,5,30,0,10,2,39,,1,14,9
rec-659-dup-0,4,id-5,,10,,0,7,1,382,,,,
id-750,8,id-14,,20,100,0,10,1,427,,,,
rec-62-dup-1,1,id-15,65,20,100,0,10,3,69,10,2,23,17
id-778,8,id-12,80,10,100,0,10,2,71,100,,,
rec-545-dup-1,5,id-10,100,5,100,0,9,3,5,30,,,
id-779,8,id-12,35,15,100,0,10,2,43,100,,,
rec-757-dup-0,8,id-10,100,10,,,2,2,1,,,,
rec-545-dup-0,5,id-10,100,5,,0,9,3,5,30,,,
id-700,7,id-13,175,1,,0,10,3,7,100,,,
rec-474-dup-0,4,id-4,65,10,100,0,10,3,284,,,,
rec-134-dup-0,1,id-14,,15,80,0,10,1,24,,4,24,11
id-352,3,id-11,60,20,100,0,10,3,77,20,2,21,17
id-353,3,id-9,140,5,100,0,10,3,149,,1,24,17
id-299,3,id-10,85,10,90,0,10,2,201,10,2,1,17
id-298,3,id-1,,20,100,0,9,1,200,,3,6,14
id-356,4,id-14,,5,,0,12,1,216,,2,,13
id-357,4,id-14,,40,,0,10,1,217,,3,,20
id-354,3,id-14,140,5,90,0,10,3,205,100,4,3,22
id-355,4,id-3,,10,,0,7,1,215,,1,,8
id-293,3,id-1,,20,,0,7,1,214,,4,2,13
id-292,3,id-2,15,20,100,0,10,2,30,,5,10,7
id-291,3,id-11,80,10,100,0,10,2,256,,2,16,6
id-290,3,id-1,70,20,100,0,10,2,198,30,4,29,14
id-297,3,id-3,,15,100,0,10,1,59,,2,28,19
id-296,3,id-14,70,5,100,0,10,3,72,50,4,4,22
id-295,3,id-14,70,5,100,0,10,3,73,50,4,9,22
id-294,3,id-7,,20,,0,7,1,322,,2,32,11
id-594,6,id-11,15,20,100,1,10,3,361,,,,
id-595,6,id-10,75,10,100,0,10,3,72,100,,,
id-596,6,id-12,,10,,4,7,1,362,,,,
id-597,6,id-18,,20,,0,3,1,363,,,,
id-459,4,id-16,150,5,90,0,10,3,81,,1,,22
id-458,4,id-1,35,10,90,0,10,2,45,,4,,7
id-592,6,id-11,110,5,95,0,10,3,5,30,,,
id-593,6,id-14,80,5,,0,10,3,360,,,,
id-455,4,id-7,,10,,0,7,1,207,,4,,11
id-454,4,id-7,90,15,100,0,10,2,44,,4,,4
id-457,4,id-6,150,5,80,0,10,2,270,,5,,22
id-456,4,id-7,,10,,0,7,1,33,,4,,8
id-451,4,id-13,50,10,90,0,10,3,277,70,2,,17
id-450,4,id-7,60,20,100,0,10,2,225,,5,,12
id-453,4,id-11,40,20,100,1,10,2,104,,2,,1
id-452,4,id-12,120,15,100,0,10,2,199,,5,,18
id-275,3,id-12,,20,,0,7,1,182,,4,15,21
id-274,3,id-1,,20,,0,7,1,181,,3,25,14
id-178,2,id-12,,40,100,0,11,1,61,,2,10,1
id-179,2,id-2,,15,100,0,10,2,100,,1,28,15
id-271,3,id-14,,10,100,0,10,1,178,,4,12,12
id-270,3,id-1,,20,,5,3,1,177,,4,18,20
id-98,1,id-1,40,30,100,1,10,2,104,,1,30,1
id-99,1,id-1,20,20,100,0,10,2,82,,1,17,11
id-96,1,id-14,,40,,0,7,1,11,,2,32,11
id-97,1,id-14,,30,,0,7,1,53,,1,30,1
id-94,1,id-14,90,10,100,0,10,3,73,10,4,5,17
id-95,1,id-14,,20,60,0,10,1,2,,4,5,19
id-92,1,id-4,,10,90,0,10,1,34,,4,33,19
id-93,1,id-14,50,25,100,0,10,3,77,10,4,9,5
id-90,1,id-5,,5,30,0,10,2,39,,5,14,9
id-91,1,id-5,80,10,100,0,10,2,257,,4,15,6
rec-331-dup-0,3,id-12,25,30,100,0,10,2,30,,1,14,7
rec-808-dup-1,6,id-17,75,5,100,0,10,2,1,,,,
rec-808-dup-0,4,id-17,75,5,100,0,10,2,1,,,,
id-187,2,id-1,,10,,0,7,1,143,,3,32,11
id-186,2,id-18,,10,75,0,10,1,50,,3,18,19
id-185,2,id-17,60,20,,0,10,2,18,,4,27,18
id-184,2,id-1,,10,100,0,10,1,61,,5,10,2
id-183,2,id-2,40,30,100,1,10,2,104,,1,30,1
id-182,2,id-1,,10,,4,7,1,112,,3,15,16
id-181,2,id-15,40,25,100,0,11,3,6,10,2,1,5
id-180,2,id-8,,10,100,0,10,1,101,,5,26,19
id-409,4,id-2,75,10,100,0,10,2,4,,2,,20
rec-421-dup-0,4,id-8,70,,100,0,10,2,44,,3,,17
id-189,2,id-5,20,10,100,0,10,3,74,100,3,10,5
id-188,2,id-4,90,10,100,0,10,3,3,30,5,10,18
id-679,7,id-7,80,15,100,0,10,2,396,100,,,
id-678,7,id-14,,10,,0,12,1,395,,,,
id-772,8,id-17,10,10,,0,2,2,1,,,,
id-773,8,id-12,10,10,,0,2,2,1,,,,
id-774,8,id-9,10,10,,0,2,2,1,,,,
id-775,8,id-16,,5,100,0,7,1,433,100,,,
id-776,8,id-2,80,10,100,0,10,2,434,,,,
id-777,8,id-18,,15,,0,10,1,435,100,,,
id-671,7,id-1,,15,,3,10,1,389,,,,
id-670,7,id-12,40,40,100,0,10,2,1,,,,
id-673,7,id-1,,30,,0,7,1,391,,,,
id-672,7,id-4,,20,100,0,10,1,390,100,,,
id-675,7,id-17,80,15,100,0,10,2,393,100,,,
id-674,7,id-9,,20,,0,13,1,392,,,,
id-677,7,id-9,80,20,100,0,10,2,385,,,,
id-676,7,id-7,90,15,100,0,10,3,394,,,,
rec-34-dup-0,1,id-1,85,,100,0,10,2,7,30,5,4,5
rec-386-dup-0,4,id-17,,5,100,0,10,2,246,,4,,23
id-110,1,id-11,,40,,0,7,1,12,,3,15,13
rec-234-dup-0,2,id-1,,5,,,7,1,133,,2,25,8
rec-458-dup-0,4,id-1,35,10,90,0,10,2,45,,4,,7
id-23,1,id-1,65,20,100,0,10,2,151,30,5,4,5
id-22,1,id-12,45,25,100,0,10,2,1,,1,1,5
id-21,1,id-1,80,20,75,0,10,2,1,,5,23,5
id-20,1,id-1,15,20,85,0,10,2,43,100,5,24,21
id-27,1,id-2,60,15,85,0,10,2,32,30,1,5,5
id-26,1,id-2,100,10,95,0,10,2,46,,1,3,5
id-25,1,id-1,120,5,75,0,10,2,1,,1,1,18
id-24,1,id-2,30,30,100,0,10,2,45,,1,12,7
id-791,8,id-11,,10,,0,13,1,441,,,,
id-323,3,id-11,150,5,100,0,11,3,191,,2,26,22
id-29,1,id-1,70,15,100,0,10,2,32,30,5,9,5
id-28,1,id-5,,15,100,0,10,1,24,,3,10,19
id-751,8,id-16,50,10,100,0,10,2,428,,,,
id-703,7,id-14,185,1,,0,10,3,415,,,,
id-322,3,id-14,,20,,0,7,1,207,,1,32,11
id-702,7,id-1,,1,,0,7,1,414,100,,,
id-111,1,id-1,,40,,0,7,1,157,,3,16,13
rec-536-dup-0,7,id-12,65,10,90,0,10,3,74,50,,,
rec-343-dup-1,3,id-1,60,25,100,0,10,2,106,,3,20,12
rec-691-dup-0,7,id-16,110,5,100,0,11,3,405,100,,,
id-705,7,id-18,130,5,90,0,10,3,205,100,,,
rec-366-dup-0,4,id-3,,15,,0,4,1,226,,4,,1
rec-606-dup-1,,id-1,,40,,0,7,1,370,,,,
rec-472-dup-1,5,id-14,,10,,,12,1,282,,,,
id-704,7,id-10,150,5,100,-3,11,3,408,,,,
rec-359-dup-1,4,id-2,100,10,90,0,10,2,219,100,1,,2
rec-606-dup-0,6,id-1,,40,,0,7,1,370,,,,
id-707,7,id-5,75,10,100,0,10,2,409,,,,
id-177,2,id-3,100,5,95,0,10,3,44,,1,2,22
rec-538-dup-0,,id-12,,10,,0,7,1,329,,,,
id-706,7,id-14,85,10,100,0,10,2,187,,,,
rec-279-dup-1,7,id-2,60,10,100,-4,10,2,186,,5,31,15
rec-279-dup-0,3,id-2,60,10,100,-4,10,2,186,,5,31,15
rec-193-dup-0,2,id-1,,40,,,10,1,114,,4,33,20
id-621,6,id-17,100,5,,0,10,2,360,100,,,
rec-313-dup-1,3,id-17,,20,100,0,10,1,63,,4,28,19
rec-461-dup-0,4,id-14,,10,,,7,1,271,,2,,8
rec-76-dup-1,1,id-12,120,10,100,0,10,3,152,,1,1,6
rec-535-dup-1,5,id-10,,10,100,0,10,2,292,,,,
rec-635-dup-1,7,id-7,,1,,0,10,3,1,,,,
rec-31-dup-0,1,id-1,15,20,85,0,10,2,30,,1,10,7
rec-76-dup-0,1,id-12,120,10,100,0,10,3,152,,1,1,6
id-282,3,id-17,65,20,100,0,10,2,189,,4,4,5
rec-31-dup-1,1,id-1,15,20,85,0,10,2,30,,1,10,7
id-328,3,id-5,35,15,85,0,10,2,43,100,4,24,21
rec-311-dup-0,3,id-1,50,10,,0,10,3,204,,4,1,4
rec-311-dup-1,3,id-1,50,10,100,0,10,3,204,,4,1,4
rec-300-dup-1,3,id-5,,15,,0,12,1,202,,3,1,13
rec-726-dup-0,5,id-18,190,1,,0,10,2,417,,,,
rec-807-dup-0,4,id-10,70,5,100,0,11,3,1,100,,,
rec-807-dup-1,8,id-10,70,5,100,,11,3,1,100,,,
rec-726-dup-1,7,id-18,190,,,0,10,2,417,,,,
rec-253-dup-0,3,id-1,90,10,100,0,8,3,160,,3,21,10
rec-152-dup-0,1,id-11,100,10,90,0,10,2,44,,5,2,18
id-823,8,id-2,90,10,100,0,10,2,1,100,,,
rec-11-dup-1,1,id-1,55,30,100,0,10,2,1,,5,1,5
rec-188-dup-0,2,id-4,,10,100,0,10,3,3,30,5,10,18
rec-472-dup-0,5,id-14,,10,,0,12,1,282,,,,
rec-223-dup-1,2,id-2,,5,50,0,10,2,77,100,1,10,18
rec-329-dup-0,3,id-15,,,30,0,10,3,39,,2,14,9
rec-373-dup-1,4,id-17,,15,100,0,10,1,233,,3,,13
id-781,8,id-9,100,5,100,0,10,2,436,,,,
id-780,8,id-10,120,5,90,0,10,2,5,10,,,
id-783,8,id-13,110,10,100,0,10,2,437,100,,,
id-782,8,id-9,100,5,100,0,10,2,436,,,,
id-785,8,id-12,40,40,100,0,10,2,1,,,,
id-784,8,id-16,60,15,100,0,11,2,396,100,,,
id-787,8,id-12,80,10,100,0,10,3,440,100,,,
id-786,8,id-13,80,10,100,0,11,3,439,,,,
id-789,8,id-18,75,15,100,0,10,2,72,100,,,
id-473,5,id-14,80,10,100,0,10,3,283,,,,
rec-386-dup-1,4,id-17,,5,100,,10,2,246,,4,,23
rec-700-dup-0,7,id-13,175,1,,0,10,3,7,100,,,
rec-10014-dup-1,3,id-10002,,,,,6,1,107,,,,
id-472,5,id-14,,10,,0,12,1,282,,,,
id-411,4,id-2,120,5,70,0,10,3,73,10,1,,17
id-410,4,id-2,40,30,100,1,10,3,104,,4,,1
id-413,4,id-3,120,15,100,0,10,2,199,,3,,18
id-412,4,id-12,90,10,100,0,10,3,73,10,2,,17
id-415,4,id-17,,10,100,0,10,1,178,,1,,12
id-414,4,id-5,90,10,100,0,10,3,73,10,4,,18
id-417,4,id-17,,20,,0,7,1,54,,3,,11
id-416,4,id-1,150,5,90,0,10,2,81,,2,,22
id-419,4,id-15,60,10,100,-4,10,2,186,,1,,15
id-418,4,id-9,40,30,100,1,10,2,104,,4,,1
id-822,8,id-17,90,10,100,0,11,3,1,20,,,
id-809,8,id-8,110,5,90,0,10,2,1,,,,
id-824,8,id-15,130,5,100,0,11,2,1,,,,
id-825,8,id-8,120,5,100,0,11,3,1,,,,
id-826,8,id-14,80,5,100,0,10,3,1,,,,
rec-664-dup-0,7,id-11,90,10,100,0,9,3,386,,,,
id-558,5,id-10,100,5,100,0,10,3,336,,,,
id-559,5,id-13,100,5,100,0,10,2,337,,,,
rec-448-dup-1,4,id-3,65,20,,0,10,3,268,100,4,,23
rec-448-dup-0,4,id-3,,20,100,0,10,3,268,100,4,,23
id-807,8,id-10,70,5,100,0,11,3,1,100,,,
id-550,5,id-13,130,5,85,0,10,2,7,20,,,
id-551,5,id-10,130,5,85,0,10,3,5,20,,,
id-116,1,id-1,,30,,0,7,1,48,,1,5,11
id-553,5,id-15,140,5,90,0,10,2,332,30,,,
id-554,5,id-15,140,5,90,0,10,3,333,30,,,
id-555,5,id-17,55,15,95,0,11,3,72,100,,,
id-556,5,id-15,85,10,90,0,10,2,32,30,,,
id-557,5,id-10,180,5,95,0,10,2,335,100,,,
id-239,2,id-16,40,20,100,0,11,3,147,20,1,21,5
id-238,2,id-2,100,5,80,0,10,2,44,,1,2,18
id-805,8,id-1,50,10,100,0,10,3,1,,,,
id-757,8,id-10,100,10,,0,2,2,1,,,,
rec-518-dup-0,5,id-11,80,10,100,0,10,3,325,,,,
id-231,2,id-9,100,15,75,0,10,2,70,30,1,4,18
id-230,2,id-1,,20,100,0,11,1,25,,3,5,19
id-233,2,id-2,70,10,,-1,10,2,79,,1,31,2
id-232,2,id-9,50,35,95,0,10,2,140,10,1,1,18
id-235,2,id-12,,5,,0,7,1,133,,4,25,8
id-234,2,id-1,,5,,0,7,1,133,,2,25,8
id-237,2,id-1,60,15,100,0,10,3,136,,4,17,23
id-236,2,id-18,,5,,0,7,1,133,,2,25,8
rec-270-dup-0,3,id-1,,,,5,3,1,177,,4,18,20
id-479,5,id-6,50,15,100,0,10,2,288,100,,,
rec-81-dup-0,1,id-7,,40,,0,11,1,61,,4,9,19
rec-495-dup-1,5,id-1,,15,,0,10,1,301,,,,
id-262,3,id-17,,10,100,0,10,1,169,,5,7,9
rec-800-dup-0,8,id-6,120,10,,0,10,3,1,100,,,
id-478,5,id-14,,10,,0,12,1,287,,,,
rec-164-dup-0,1,id-1,,10,,0,7,1,80,,4,16,23
rec-426-dup-0,4,id-5,65,10,85,,10,3,74,30,4,,18
id-263,3,id-1,70,20,100,0,10,2,170,,3,28,15
id-734,7,id-13,60,20,100,0,10,3,1,100,,,
id-735,7,id-10,60,20,100,0,10,2,1,100,,,
id-736,7,id-14,80,15,95,0,10,3,1,,,,
id-737,7,id-17,80,15,95,0,10,3,1,,,,
id-730,7,id-11,90,15,100,0,11,3,1,30,,,
id-260,3,id-17,,15,100,0,10,1,167,,4,18,19
id-732,7,id-13,,20,,0,10,3,1,,,,
id-733,7,id-11,60,20,100,0,10,3,1,,,,
id-261,3,id-10,,15,85,0,10,1,168,,2,4,17
id-738,7,id-12,100,10,90,0,10,2,1,100,,,
id-739,7,id-15,100,10,90,0,10,3,1,,,,
id-107,1,id-1,,10,,0,7,1,109,,3,16,13
id-309,3,id-9,90,10,90,0,10,2,140,20,1,12,18
id-308,3,id-11,150,5,90,0,10,3,81,,2,6,22
id-106,1,id-1,,30,,0,7,1,12,,5,16,13
id-305,3,id-4,50,15,100,0,10,2,203,50,4,33,4
id-304,3,id-1,90,10,100,0,11,3,1,,1,5,5
id-307,3,id-10,150,5,90,0,10,3,81,,2,6,22
id-306,3,id-1,75,10,95,0,10,2,70,50,1,4,5
id-301,3,id-15,30,20,90,0,10,2,118,,2,24,7
id-300,3,id-5,,15,,0,12,1,202,,3,1,13
id-303,3,id-1,,10,,0,7,1,33,,3,26,8
id-302,3,id-12,60,15,100,0,10,2,32,30,4,4,5
id-125,1,id-5,65,20,85,0,10,2,32,10,5,10,5
id-124,1,id-4,65,20,100,0,10,3,3,30,5,4,18
id-127,1,id-11,80,15,100,0,10,2,32,20,5,28,5
id-126,1,id-10,110,5,85,0,10,3,5,10,2,1,17
id-121,1,id-1,100,10,75,0,10,2,1,,5,1,5
id-62,1,id-15,65,20,100,0,10,3,69,10,2,23,17
id-123,1,id-4,30,20,70,0,10,3,3,40,5,5,5
id-122,1,id-8,30,30,100,0,10,2,7,30,5,4,16
id-103,1,id-1,,40,85,0,10,1,60,,4,5,10
id-129,1,id-1,60,20,,0,11,3,18,,1,27,17
id-128,1,id-11,35,15,85,0,10,2,43,100,5,24,5
id-69,1,id-2,,20,100,0,10,2,88,,5,23,5
id-68,1,id-2,,20,100,-5,1,2,90,,5,16,15
rec-749-dup-0,8,id-6,,15,100,,10,1,426,100,,,
rec-191-dup-0,2,id-5,,20,,0,6,1,113,,4,18,13
rec-19-dup-0,1,id-3,90,15,95,0,10,2,156,,4,15,6
rec-19-dup-1,1,id-3,90,15,,0,10,2,156,,4,15,6
rec-604-dup-0,6,id-13,,10,,0,12,1,369,,,,
id-268,3,id-13,,20,,0,7,1,175,,4,12,11
id-543,5,id-1,120,15,100,0,10,2,49,,,,
id-269,3,id-17,,20,100,0,10,1,176,,4,18,16
rec-645-dup-0,7,id-12,,1,,0,10,3,1,,,,
rec-207-dup-0,2,id-1,,15,85,0,10,1,119,,3,27,19
rec-354-dup-1,3,id-14,140,5,90,,10,3,205,100,4,3,22
id-539,5,id-17,85,10,95,0,10,3,74,40,,,
rec-464-dup-0,4,id-17,,,50,0,11,1,2,,4,,19
rec-57-dup-0,1,id-11,,15,100,0,9,3,258,,2,2,17
rec-801-dup-0,5,id-4,90,10,100,0,10,3,1,20,,,
rec-197-dup-0,2,id-2,,5,,4,7,1,112,,1,16,16
rec-197-dup-1,2,id-2,,5,,,7,1,112,,1,16,16
rec-235-dup-0,2,id-12,,5,,0,7,1,133,,4,25,8
rec-675-dup-0,7,id-17,80,15,100,0,10,2,393,100,,,
id-600,6,id-7,,20,100,1,10,1,378,,,,
id-601,6,id-18,,10,,0,7,1,366,,,,
id-602,6,id-13,,20,,0,13,1,367,,,,
id-603,6,id-1,,30,,0,4,1,368,,,,
id-604,6,id-13,,10,,0,12,1,369,,,,
id-605,6,id-18,80,10,100,0,11,3,1,,,,
id-606,6,id-1,,40,,0,7,1,370,,,,
id-607,6,id-1,,40,,0,3,1,371,,,,
id-608,6,id-18,,30,100,1,10,1,365,,,,
id-609,6,id-13,20,20,100,0,10,2,372,100,,,
id-10001,3,id-10002,55,,100,0,10,2,10001,,,,
id-753,8,id-2,,15,100,0,10,1,430,,,,
rec-535-dup-0,3,id-10,,10,100,0,10,2,292,,,,
rec-620-dup-0,6,id-3,120,,100,0,10,2,230,100,,,
rec-165-dup-0,1,id-1,50,1,,,8,2,255,,1,1,5
rec-10006-dup-0,3,id-10002,75,,100,0,10,3,6,10,,,
rec-10006-dup-1,,id-10002,75,,100,0,10,3,6,10,,,
rec-200-dup-1,2,id-16,120,10,100,0,8,2,28,,1,6,7
id-549,5,id-15,65,10,95,0,11,3,331,100,,,
rec-778-dup-0,8,id-12,80,10,100,0,10,2,71,100,,,
rec-28-dup-0,1,id-5,,15,100,0,10,1,24,,3,10,19
id-548,5,id-2,85,10,100,0,10,3,283,,,,
rec-387-dup-0,4,id-1,140,5,100,0,10,2,247,,3,,21
id-635,7,id-7,,1,,0,10,3,1,,,,
rec-456-dup-0,4,id-7,,,,0,7,1,33,,4,,8
id-390,4,id-4,,20,,0,6,1,250,,4,,13
rec-755-dup-0,8,id-11,85,10,,0,10,2,431,,,,
id-634,7,id-7,,1,,0,10,2,1,,,,
rec-616-dup-0,6,id-5,90,10,,0,11,2,1,,,,
rec-616-dup-1,6,id-5,90,10,100,0,11,2,1,,,,
id-391,4,id-14,,10,,0,10,1,251,,1,,16
rec-635-dup-0,7,id-7,,1,,,10,3,1,,,,
id-637,7,id-8,,1,,0,10,3,1,,,,
rec-200-dup-0,2,id-16,120,10,100,0,8,2,28,,1,6,7
rec-811-dup-0,8,id-2,,10,,,13,1,1,100,,,
id-636,7,id-8,,1,,0,10,2,1,,,,
rec-230-dup-0,2,id-1,,20,100,,11,1,25,,3,5,19
id-631,7,id-5,,1,,0,10,3,1,,,,
rec-174-dup-0,2,id-8,,10,,0,1,1,110,,5,31,21
id-630,7,id-5,,1,,0,10,2,1,,,,
id-633,7,id-6,,1,,0,10,3,1,,,,
rec-517-dup-0,5,id-10,100,5,50,0,10,3,5,100,,,
rec-517-dup-1,5,id-10,100,5,50,0,10,3,5,100,,,
id-632,7,id-6,,1,,0,10,2,1,,,,
id-398,4,id-4,80,20,100,0,10,2,3,30,4,,4
id-399,4,id-17,80,15,100,0,10,3,32,20,1,,17
rec-332-dup-0,3,id-3,60,20,,,10,2,18,,1,27,17
id-358,4,id-2,70,10,100,0,10,2,218,,4,,16
id-518,5,id-11,80,10,100,0,10,3,325,,,,
id-519,5,id-10,80,10,100,0,10,3,326,,,,
id-514,5,id-1,70,5,100,0,10,2,320,,,,
id-515,5,id-2,,5,100,0,10,3,321,,,,
id-516,5,id-1,,15,,0,10,1,324,,,,
id-517,5,id-10,100,5,50,0,10,3,5,100,,,
id-510,5,id-10,60,15,100,0,11,3,315,,,,
id-511,5,id-17,,15,100,0,10,1,316,,,,
id-512,5,id-3,55,15,100,0,10,2,318,,,,
id-513,5,id-1,,15,,0,10,1,319,,,,
rec-185-dup-0,2,id-17,60,20,,,10,2,18,,4,27,18
id-746,8,id-17,80,10,100,0,10,2,423,,,,
rec-408-dup-1,4,id-6,80,20,100,0,10,3,1,,2,,5
rec-408-dup-0,4,id-6,80,20,100,0,10,3,1,,2,,5
rec-374-dup-0,4,id-17,,10,100,0,10,2,234,,5,,23
rec-632-dup-0,7,id-6,,1,,0,10,2,1,,,,
rec-219-dup-1,2,id-1,,25,,0,4,1,125,,2,15,13
rec-13-dup-1,1,id-1,80,10,100,0,11,3,40,,1,2,6
rec-219-dup-0,2,id-1,,,,0,4,1,125,,2,15,13
rec-83-dup-0,1,id-10,35,15,85,0,10,3,43,100,2,24,21
rec-449-dup-0,4,id-1,,10,100,0,10,3,269,,4,,14
rec-548-dup-0,5,id-2,85,10,100,0,10,3,283,,,,
rec-763-dup-0,8,id-15,10,10,,0,2,2,1,,,,
id-10009,3,id-10002,70,,100,0,6,3,1,,,,
rec-244-dup-0,2,id-1,,10,,,10,1,144,,4,12,11
rec-470-dup-0,5,id-14,,10,,,10,1,280,,,,
rec-470-dup-1,5,id-14,,10,,0,10,1,280,,,,
rec-326-dup-0,3,id-14,,20,100,0,10,3,32,10,1,4,17
rec-326-dup-1,6,id-14,80,20,100,0,10,3,32,10,1,4,17
rec-628-dup-0,7,id-4,,1,,0,10,2,1,,,,
rec-530-dup-1,5,id-16,,15,90,0,10,2,45,,,,
rec-530-dup-0,5,id-16,40,15,90,0,10,2,45,,,,
id-341,3,id-5,55,15,95,0,10,3,71,100,5,5,2
id-213,2,id-1,,15,100,0,10,1,121,,3,18,19
id-343,3,id-1,60,25,100,0,10,2,106,,3,20,12
id-342,3,id-4,50,25,100,0,10,2,210,10,4,33,4
id-345,3,id-12,60,20,,0,10,3,18,,2,27,17
id-344,3,id-13,120,15,100,0,10,2,263,10,1,3,22
id-347,3,id-14,,20,,0,7,1,212,,4,16,11
id-212,2,id-1,,5,,0,10,1,107,,2,18,10
id-349,3,id-16,,20,,0,7,1,213,,1,32,11
id-348,3,id-12,90,15,100,0,10,2,44,,1,2,17
id-10011,3,id-10002,50,,100,0,6,3,1,,,,
id-668,7,id-12,,10,100,0,10,1,388,100,,,
rec-363-dup-0,4,id-1,,15,100,,10,2,223,,1,,18
id-468,5,id-17,,15,,0,7,1,278,,,,
id-469,5,id-6,,10,,3,4,1,279,,,,
id-581,6,id-18,,10,,0,12,1,353,,,,
id-580,6,id-12,,10,,0,12,1,352,,,,
id-587,6,id-18,,10,,0,12,1,355,,,,
id-586,6,id-1,140,10,100,0,9,3,379,,,,
id-585,6,id-18,95,15,100,0,10,3,72,30,,,
id-584,6,id-18,40,30,100,0,10,3,1,,,,
id-460,4,id-16,100,5,95,0,10,3,44,,5,,4
id-461,4,id-14,,10,,0,7,1,271,,2,,8
id-462,4,id-1,,5,100,0,10,2,238,,5,,15
id-463,4,id-10,100,5,75,0,10,3,43,100,5,,7
id-464,4,id-17,,10,50,0,11,1,2,,4,,19
id-465,4,id-12,120,5,85,0,10,3,272,40,1,,22
id-466,4,id-8,60,5,100,0,10,3,141,10,4,,11
id-467,4,id-8,120,5,100,0,10,2,273,,4,,22
id-169,2,id-7,,10,,0,10,1,107,,4,18,13
id-241,2,id-10,,5,,0,12,1,138,,2,11,13
id-242,2,id-17,80,15,100,0,10,2,70,20,5,4,18
id-243,2,id-14,,20,100,-5,1,3,145,,2,16,15
id-244,2,id-1,,10,,0,10,1,144,,4,12,11
id-245,2,id-1,80,5,100,2,10,2,104,,1,30,1
id-246,2,id-6,60,5,100,0,10,3,141,10,5,32,18
id-247,2,id-8,80,15,100,0,10,3,73,20,4,22,17
id-248,2,id-14,120,10,100,0,10,3,149,,4,24,17
id-249,2,id-2,40,15,100,0,10,2,70,50,5,29,18
id-163,1,id-1,70,20,100,0,10,2,44,,1,2,5
id-162,1,id-1,,10,90,0,10,2,41,,5,14,5
id-165,1,id-1,50,1,,0,8,2,255,,1,1,5
id-164,1,id-1,,10,,0,7,1,80,,4,16,23
id-167,2,id-2,10,10,90,0,10,2,105,,1,1,7
id-166,2,id-1,,1,,0,10,1,96,,4,19,23
id-662,7,id-8,80,10,100,0,10,2,385,,,,
rec-575-dup-0,3,id-17,,20,100,0,10,1,347,100,,,
rec-640-dup-0,4,id-10,,1,,0,10,2,1,,,,
id-663,7,id-17,85,10,100,0,10,2,304,,,,
rec-344-dup-0,3,id-13,120,15,100,0,10,2,263,10,1,3,22
id-219,2,id-1,,25,,0,4,1,125,,2,15,13
id-644,7,id-12,,1,,0,10,2,1,,,,
id-645,7,id-12,,1,,0,10,3,1,,,,
id-646,7,id-13,,1,,0,10,2,1,,,,
id-218,2,id-1,,20,100,0,10,2,124,,3,13,18
id-640,7,id-10,,1,,0,10,2,1,,,,
id-641,7,id-10,,1,,0,10,3,1,,,,
id-642,7,id-11,,1,,0,10,2,1,,,,
id-643,7,id-11,,1,,0,10,3,1,,,,
rec-62-dup-0,1,id-15,65,20,100,0,10,3,69,10,2,23,17
id-666,7,id-18,,10,,0,10,1,387,,,,
id-654,7,id-17,,1,,0,10,2,1,,,,
id-648,7,id-14,,1,,0,10,2,1,,,,
id-649,7,id-14,,1,,0,10,3,1,,,,
rec-338-dup-1,3,id-12,150,,90,0,10,3,81,,1,6,22
id-667,7,id-5,95,10,95,0,10,2,1,,,,
rec-526-dup-0,5,id-1,,30,,0,7,1,328,,,,
id-812,8,id-11,60,20,100,0,10,2,1,,,,
id-664,7,id-11,90,10,100,0,9,3,386,,,,
id-769,8,id-14,10,10,,0,2,2,1,,,,
id-768,8,id-16,10,10,,0,2,2,1,,,,
id-767,8,id-18,10,10,,0,2,2,1,,,,
id-766,8,id-3,10,10,,0,2,2,1,,,,
id-765,8,id-11,10,10,,0,2,2,1,,,,
id-665,7,id-15,100,10,90,0,10,2,219,100,,,
id-763,8,id-15,10,10,,0,2,2,1,,,,
id-762,8,id-8,10,10,,0,2,2,1,,,,
id-761,8,id-2,10,10,,0,2,2,1,,,,
id-760,8,id-1,10,10,,0,2,2,1,,,,
rec-10014-dup-0,3,id-10002,,,,0,6,1,107,,,,
rec-359-dup-0,6,id-2,100,10,90,0,10,2,219,100,1,,2
rec-734-dup-1,7,id-13,60,20,100,0,10,3,1,100,,,
rec-442-dup-1,4,id-9,80,,100,0,10,2,32,30,5,,18
id-758,8,id-7,10,10,,0,2,2,1,,,,
id-771,8,id-5,10,10,,0,2,2,1,,,,
rec-108-dup-0,1,id-1,,20,,0,10,1,24,,4,22,10
rec-442-dup-0,4,id-9,80,15,100,0,10,2,32,30,5,,18
id-38,1,id-1,120,15,100,0,10,2,199,,5,3,9
id-39,1,id-1,,30,100,0,11,1,20,,3,28,19
rec-650-dup-0,7,id-15,,1,,0,10,2,1,,,,
id-10008,3,id-10002,75,,100,0,10,3,5,10,,,
id-34,1,id-1,85,15,100,0,10,2,7,30,5,4,5
id-35,1,id-1,15,20,90,0,10,2,43,100,5,24,21
id-36,1,id-1,90,20,85,0,10,2,49,,5,3,5
id-37,1,id-1,120,10,100,0,8,2,28,,5,6,7
id-30,1,id-1,65,25,100,0,10,2,1,,1,1,5
id-31,1,id-1,15,20,85,0,10,2,30,,1,10,7
id-32,1,id-1,,5,30,0,10,2,39,,1,14,9
id-33,1,id-1,40,35,100,0,10,2,1,,5,1,5
rec-53-dup-1,1,id-10,90,15,100,0,10,3,5,10,2,1,17
id-624,7,id-2,,1,,0,10,2,1,,,,
rec-548-dup-1,5,id-2,85,10,100,0,10,3,283,,,,
rec-157-dup-0,1,id-6,75,10,90,0,11,2,32,30,5,5,5
rec-39-dup-1,1,id-1,,30,100,0,11,1,20,,3,28,19
id-530,5,id-16,40,15,90,0,10,2,45,,,,
rec-177-dup-0,2,id-3,100,5,95,0,10,3,44,,1,2,22
id-723,7,id-14,200,1,,0,10,3,416,,,,
rec-352-dup-1,3,id-11,60,20,,0,10,3,77,20,2,21,17
rec-352-dup-0,,id-11,60,20,100,0,10,3,77,20,2,21,17
rec-704-dup-0,7,id-10,150,5,100,-3,11,3,408,,,,
id-722,7,id-14,100,5,100,0,10,3,1,,,,
rec-158-dup-1,1,id-1,80,15,90,0,10,2,32,10,1,4,18
rec-158-dup-0,1,id-1,80,15,90,0,10,2,32,10,1,4,18
rec-475-dup-1,3,id-9,,15,,0,7,1,285,,,,
rec-475-dup-0,5,id-9,,15,,,7,1,285,,,,
rec-104-dup-0,1,id-1,,15,,0,7,1,17,,1,16,1
rec-712-dup-1,7,id-8,90,10,100,,10,2,410,,,,
rec-712-dup-0,7,id-8,90,10,100,0,10,2,410,,,,
rec-59-dup-0,1,id-15,,5,70,0,11,3,261,10,2,1,17
rec-189-dup-1,2,id-5,,10,100,0,10,3,74,100,3,10,5
rec-189-dup-0,2,id-5,20,10,,0,10,3,74,100,3,10,5
rec-452-dup-0,4,id-12,120,15,100,0,10,2,199,,5,,18
rec-392-dup-0,4,id-11,,,,0,7,1,252,,2,,8
rec-466-dup-1,4,id-8,60,5,,0,10,3,141,10,4,,11
rec-452-dup-1,4,id-12,120,15,100,0,10,2,199,,5,,18
rec-669-dup-0,7,id-12,125,10,100,0,10,2,152,,,,
id-764,8,id-4,10,10,,0,2,2,1,,,,
rec-74-dup-1,1,id-1,,20,,0,7,1,317,,2,32,11
rec-257-dup-1,3,id-10,95,10,90,0,11,3,5,10,2,1,17
rec-257-dup-0,3,id-10,95,10,90,0,11,3,5,10,2,1,17
rec-297-dup-0,3,id-3,,15,100,0,10,1,59,,2,28,19
rec-74-dup-0,1,id-1,,20,,0,7,1,317,,2,32,11
rec-742-dup-0,7,id-9,60,5,100,0,10,2,45,30,,,
id-749,8,id-6,,15,100,0,10,1,426,100,,,
id-818,8,id-11,25,5,100,0,10,2,1,,,,
rec-725-dup-0,7,id-8,200,1,,0,10,3,411,,,,
rec-45-dup-0,1,id-1,,40,100,,11,1,19,,3,28,19
rec-563-dup-0,6,id-5,,10,,0,14,1,340,100,,,
id-729,7,id-13,80,10,100,2,10,2,1,100,,,
rec-662-dup-0,7,id-8,80,,100,0,10,2,385,,,,
id-683,7,id-14,,10,,0,10,1,399,,,,
rec-336-dup-0,3,id-1,,40,,0,13,1,11,,1,32,11
rec-657-dup-1,7,id-18,,1,,0,10,3,1,,,,
rec-657-dup-0,7,id-18,,1,,0,10,3,1,,,,
rec-531-dup-0,5,id-14,60,25,100,0,10,2,32,30,,,
rec-531-dup-1,5,id-14,60,25,100,,10,2,32,30,,,
rec-673-dup-0,7,id-1,,30,,0,7,1,391,,,,
rec-354-dup-0,3,id-14,140,5,90,0,10,3,205,100,4,3,22
rec-81-dup-1,1,id-7,,40,95,0,11,1,61,,4,9,19
id-542,5,id-3,110,10,70,0,10,3,334,30,,,
rec-336-dup-1,3,id-1,,40,,0,13,1,11,,1,32,11
rec-13-dup-0,1,id-1,80,10,100,0,11,3,40,,1,2,6
id-547,5,id-1,75,10,100,0,11,3,330,10,,,
id-546,5,id-1,120,5,100,0,10,3,269,,,,
id-545,5,id-10,100,5,100,0,9,3,5,30,,,
id-544,5,id-9,50,15,85,0,10,2,45,,,,
id-428,4,id-14,80,15,90,0,10,2,32,20,2,,18
id-429,4,id-9,65,10,85,0,10,3,74,30,3,,17
id-541,5,id-1,25,10,85,0,10,2,30,,,,
id-540,5,id-14,100,10,100,0,10,3,283,,,,
id-424,4,id-10,65,15,95,0,10,2,274,10,2,,5
id-425,4,id-8,40,30,100,1,10,2,104,,4,,1
id-426,4,id-5,65,10,85,0,10,3,74,30,4,,18
id-427,4,id-14,70,20,100,0,10,2,44,,1,,17
id-420,4,id-15,40,30,100,1,10,2,104,,2,,1
id-421,4,id-8,70,15,100,0,10,2,44,,3,,17
id-422,4,id-13,65,15,95,0,10,2,276,10,4,,5
id-423,4,id-15,65,15,95,0,10,2,275,10,1,,5
rec-570-dup-0,6,id-13,65,,100,0,9,3,346,,,,
rec-450-dup-0,4,id-7,60,20,,0,10,2,225,,5,,12
rec-141-dup-1,1,id-7,80,10,100,,10,2,4,,4,9,20
id-10016,3,id-10002,,,90,0,6,1,50,,,,
id-10017,3,id-10002,,,,0,12,1,10005,,,,
id-10014,3,id-10002,,,,0,6,1,107,,,,
id-10015,3,id-10002,,,100,0,6,1,10004,,,,
id-10012,3,id-10002,,,100,0,6,1,60,,,,
id-10013,3,id-10002,,,100,0,12,3,10003,,,,
id-10010,3,id-10002,95,,100,0,6,3,1,,,,
id-340,3,id-3,85,5,85,0,10,2,264,30,3,15,6
id-120,1,id-1,200,5,100,0,9,2,8,,2,7,9
rec-526-dup-1,5,id-1,,,,0,7,1,328,,,,
rec-252-dup-0,3,id-1,40,10,100,3,10,2,159,100,3,23,17
id-10018,3,id-10002,,,,0,12,1,10006,,,,
id-815,8,id-5,70,10,100,0,10,3,1,30,,,
rec-122-dup-0,1,id-8,,30,100,0,10,2,7,30,5,4,16
rec-122-dup-1,1,id-8,30,30,100,0,10,2,7,30,5,4,16
rec-564-dup-0,6,id-7,,20,,0,6,1,341,,,,
rec-39-dup-0,1,id-1,,30,,0,11,1,20,,3,28,19
rec-77-dup-0,1,id-4,,35,75,,10,1,67,,4,33,19
rec-77-dup-1,1,id-4,,,75,0,10,1,67,,4,33,19
rec-383-dup-0,4,id-1,,,,0,7,1,243,,1,,12
rec-405-dup-0,4,id-7,90,10,,0,10,3,73,10,3,,4
rec-157-dup-1,1,id-6,75,10,,0,11,2,32,30,5,5,5
id-688,7,id-12,70,15,100,0,10,2,396,100,,,
id-689,7,id-14,,15,,0,10,1,403,,,,
id-721,7,id-13,100,15,100,0,10,2,1,,,,
id-720,7,id-10,150,5,100,0,9,3,420,,,,
id-727,7,id-6,190,1,,0,10,2,418,,,,
id-726,7,id-18,190,1,,0,10,2,417,,,,
id-725,7,id-8,200,1,,0,10,3,411,,,,
id-724,7,id-9,200,1,,0,10,2,411,,,,
id-680,7,id-10,80,15,100,0,10,2,397,100,,,
id-681,7,id-17,20,10,100,0,10,2,306,,,,
id-682,7,id-10,130,5,100,0,10,3,398,,,,
id-346,3,id-11,,15,,0,12,1,211,,3,1,13
id-684,7,id-9,70,10,,0,10,2,18,,,,
id-685,7,id-4,,20,,0,10,1,400,,,,
id-686,7,id-1,90,15,100,0,10,3,401,,,,
id-687,7,id-16,100,10,100,0,11,3,402,,,,
id-338,3,id-12,150,5,90,0,10,3,81,,1,6,22
id-339,3,id-2,,20,,0,7,1,209,,2,32,11
rec-65-dup-1,1,id-3,80,20,,0,10,2,1,,1,1,5
rec-65-dup-0,1,id-3,80,20,100,0,10,2,1,,1,1,5
id-330,3,id-11,90,10,85,0,11,3,74,30,5,10,18
id-331,3,id-12,25,30,100,0,10,2,30,,1,14,7
id-332,3,id-3,60,20,,0,10,2,18,,1,27,17
id-333,3,id-15,25,30,100,0,10,2,30,,2,23,7
id-334,3,id-9,,15,,0,7,1,52,,5,15,13
id-335,3,id-1,,5,,0,10,1,107,,3,18,13
id-336,3,id-1,,40,,0,13,1,11,,1,32,11
id-337,3,id-16,80,15,100,0,10,2,1,,1,23,17
