pokemon,species,height,weight,base_experience,is_default
rec-441-dup-0,id-441,5,,144,1
id-679,id-679,8,20,65,1
rec-370-dup-0,id-370,6,,116,1
id-10153,id-752,31,2175,159,0
rec-112-dup-0,id-112,,1200,170,1
rec-529-dup-0,id-529,,85,66,1
id-411,id-411,13,1495,173,1
id-410,id-410,5,570,70,1
rec-294-dup-0,id-294,,405,126,1
rec-838-dup-0,id-838,,780,144,1
rec-103-dup-1,id-103,,1200,186,1
rec-103-dup-0,id-103,,1200,186,1
id-559,id-559,6,118,70,1
rec-118-dup-0,rec-118-dup-1,6,150,64,1
id-488,id-488,15,856,300,1
id-489,id-489,4,31,216,1
id-482,id-482,3,3,290,1
id-483,id-483,54,6830,340,1
id-480,id-480,3,3,290,1
id-481,id-481,3,3,290,1
id-486,id-486,37,4200,335,1
id-487,id-487,45,7500,340,1
id-484,id-484,42,3360,340,1
id-485,id-485,17,4300,300,1
rec-709-dup-0,id-709,15,,166,1
rec-539-dup-0,id-539,,510,163,1
rec-539-dup-1,rec-539-dup-1,14,510,163,1
id-378,id-378,18,1750,290,1
id-379,id-379,19,2050,290,1
rec-10-dup-1,rec-10-dup-0,3,,39,1
rec-10-dup-0,id-10,,29,39,1
id-374,id-374,6,952,60,1
id-375,id-375,12,2025,147,1
id-804,id-804,36,1500,270,1
id-377,id-377,17,2300,290,1
id-370,id-370,6,87,116,1
id-371,id-371,6,421,60,1
id-372,id-372,11,1105,147,1
id-801,id-801,10,805,300,1
rec-528-dup-0,id-528,,105,149,1
id-578,id-578,6,80,130,1
id-579,id-579,10,201,245,1
id-576,id-576,15,440,245,1
id-577,id-577,3,10,58,1
id-574,id-574,4,58,58,1
id-575,id-575,7,180,137,1
id-572,id-572,4,58,60,1
id-573,id-573,5,75,165,1
id-570,id-570,7,125,66,1
id-571,id-571,16,811,179,1
id-396,id-396,3,20,49,1
id-397,id-397,6,155,119,1
id-394,id-394,8,230,142,1
id-395,id-395,17,845,239,1
id-392,id-392,12,550,240,1
id-393,id-393,4,52,63,1
id-10120,id-718,45,6100,354,0
id-10121,id-735,14,600,146,0
id-10128,id-754,15,580,168,0
id-10129,id-758,21,810,168,0
id-10052,id-303,10,235,168,0
id-10053,id-306,22,3950,284,0
id-718,id-718,50,3050,300,1
id-719,id-719,7,88,300,1
id-10056,id-354,12,130,194,0
id-10057,id-359,12,490,198,0
id-10054,id-308,13,315,179,0
id-10055,id-310,18,440,201,0
id-712,id-712,10,995,61,1
id-713,id-713,20,5050,180,1
id-710,id-710,4,50,67,1
id-711,id-711,9,125,173,1
id-716,id-716,30,2150,340,1
id-717,id-717,58,2030,340,1
id-714,id-714,5,80,49,1
id-715,id-715,15,850,187,1
id-232,id-232,11,1200,175,1
rec-312-dup-0,id-312,,42,142,1
id-49,id-49,15,125,158,1
id-48,id-48,10,300,61,1
id-41,id-41,8,75,49,1
id-40,id-40,10,120,218,1
id-43,id-43,5,54,64,1
id-42,id-42,16,550,159,1
id-45,id-45,12,186,245,1
id-44,id-44,8,86,138,1
id-47,id-47,10,295,142,1
id-46,id-46,3,54,57,1
rec-148-dup-0,id-148,,165,147,1
rec-148-dup-1,id-148,,165,147,1
rec-586-dup-0,id-586,,925,166,1
id-626,id-626,16,946,172,1
id-627,id-627,5,105,70,1
id-156,id-156,9,190,142,1
id-625,id-625,16,700,172,1
id-622,id-622,10,920,61,1
id-623,id-623,28,3300,169,1
id-620,id-620,14,355,179,1
id-153,id-153,12,158,142,1
id-158,id-158,6,95,63,1
id-159,id-159,11,250,142,1
id-628,id-628,15,410,179,1
id-629,id-629,5,90,74,1
rec-484-dup-0,id-484,42,,340,1
rec-10073-dup-0,rec-18-dup-0,22,505,261,0
rec-269-dup-0,id-269,12,,173,1
rec-269-dup-1,id-269,,316,173,1
rec-438-dup-0,rec-438-dup-0,5,150,58,1
rec-438-dup-1,rec-438-dup-1,5,150,58,1
rec-176-dup-1,id-176,6,,142,1
rec-176-dup-0,id-176,,,142,1
rec-217-dup-1,id-217,18,1258,175,1
rec-217-dup-0,id-217,18,1258,175,1
rec-667-dup-0,id-667,6,,74,1
rec-667-dup-1,id-667,6,,74,1
rec-90-dup-1,id-90,,,61,1
rec-90-dup-0,id-90,,40,61,1
rec-10189-dup-0,rec-889-dup-0,29,7850,360,0
rec-523-dup-0,id-523,16,,174,1
rec-10051-dup-0,rec-282-dup-0,16,484,278,0
rec-861-dup-0,id-861,,610,255,1
rec-743-dup-1,rec-743-dup-0,2,5,162,1
rec-743-dup-0,rec-743-dup-0,2,5,162,1
rec-150-dup-1,rec-150-dup-1,20,1220,340,1
rec-150-dup-0,rec-150-dup-0,20,1220,340,1
rec-723-dup-0,rec-723-dup-0,7,160,147,1
rec-487-dup-0,id-487,,7500,340,1
rec-487-dup-1,id-487,,7500,340,1
id-305,id-305,9,1200,151,1
id-304,id-304,4,600,66,1
rec-697-dup-0,id-697,,2700,182,1
rec-177-dup-0,id-177,,20,64,1
rec-177-dup-1,id-177,2,20,64,1
rec-324-dup-0,id-324,5,,165,1
rec-344-dup-0,id-344,,,175,1
id-123,id-123,15,560,100,1
id-122,id-122,13,545,161,1
id-668,id-668,15,815,177,1
rec-10137-dup-0,id-774,,3,175,0
rec-740-dup-0,rec-740-dup-0,,1800,167,1
rec-740-dup-1,rec-740-dup-0,17,1800,167,1
rec-532-dup-0,id-532,6,,61,1
rec-10076-dup-1,id-376,,9429,315,0
rec-10076-dup-0,id-376,,9429,315,0
id-499,id-499,10,555,146,1
id-498,id-498,5,99,62,1
id-491,id-491,15,505,270,1
id-490,id-490,3,14,270,1
id-493,id-493,32,3200,324,1
id-492,id-492,2,21,270,1
id-495,id-495,6,81,62,1
id-494,id-494,4,40,300,1
id-497,id-497,33,630,238,1
id-496,id-496,8,160,145,1
rec-649-dup-0,id-649,15,,300,1
rec-649-dup-1,id-649,15,,300,1
id-369,id-369,10,234,170,1
id-368,id-368,18,226,170,1
id-819,id-819,3,25,55,1
rec-52-dup-0,rec-52-dup-1,4,42,58,1
id-363,id-363,8,395,58,1
id-814,id-814,6,90,147,1
id-817,id-817,7,115,147,1
id-816,id-816,3,40,62,1
id-811,id-811,7,140,147,1
id-810,id-810,3,50,62,1
id-813,id-813,3,45,62,1
id-364,id-364,11,876,144,1
id-569,id-569,19,1073,166,1
id-568,id-568,6,310,66,1
rec-673-dup-0,id-673,,910,186,1
id-565,id-565,12,810,173,1
id-564,id-564,7,165,71,1
id-567,id-567,14,320,177,1
id-566,id-566,5,95,71,1
id-561,id-561,14,140,172,1
id-560,id-560,11,300,171,1
id-563,id-563,17,765,169,1
id-562,id-562,5,15,61,1
id-385,id-385,3,11,300,1
id-384,id-384,70,2065,340,1
id-387,id-387,4,102,64,1
id-386,id-386,17,608,270,1
id-381,id-381,20,600,300,1
id-380,id-380,14,400,300,1
id-383,id-383,35,9500,335,1
id-382,id-382,45,3520,335,1
rec-10065-dup-1,id-254,,552,284,0
rec-10065-dup-0,id-254,19,,284,0
id-389,id-389,22,3100,236,1
id-388,id-388,11,970,142,1
rec-654-dup-0,id-654,,145,143,1
rec-748-dup-0,id-748,,145,173,1
rec-10183-dup-0,id-845,8,,166,0
id-10045,id-181,14,615,275,0
id-708,id-708,4,70,62,1
id-10047,id-214,17,625,210,0
id-10046,id-212,20,1250,210,0
id-10041,id-130,65,3050,224,0
id-10040,id-127,17,590,210,0
id-10043,id-150,23,1270,351,0
id-10042,id-142,21,790,215,0
id-701,id-701,8,215,175,1
id-700,id-700,10,235,184,1
id-703,id-703,3,57,100,1
id-702,id-702,2,22,151,1
id-10049,id-248,25,2550,315,0
id-10048,id-229,19,495,210,0
id-707,id-707,2,30,165,1
rec-10151-dup-0,rec-744-dup-0,5,92,56,0
rec-10035-dup-0,id-6,17,,285,0
id-58,id-58,7,190,70,1
id-59,id-59,19,1550,194,1
id-809,id-809,25,8000,300,1
rec-833-dup-0,id-833,3,,57,1
id-52,id-52,4,42,58,1
id-53,id-53,10,320,154,1
id-50,id-50,2,8,53,1
id-51,id-51,7,333,149,1
id-56,id-56,5,280,61,1
id-57,id-57,10,320,159,1
id-54,id-54,8,196,64,1
id-55,id-55,17,766,175,1
id-660,id-660,10,424,148,1
id-10139,id-774,3,3,175,0
id-142,id-142,18,590,180,1
id-141,id-141,13,405,173,1
id-140,id-140,5,115,71,1
id-147,id-147,18,33,60,1
id-146,id-146,20,600,290,1
id-145,id-145,16,526,290,1
id-144,id-144,17,554,290,1
id-10131,id-774,3,400,154,0
id-10130,id-774,3,400,154,0
id-10133,id-774,3,400,154,0
id-148,id-148,40,165,147,1
id-639,id-639,19,2600,290,1
id-638,id-638,21,2500,290,1
id-10137,id-774,3,3,175,0
id-10136,id-774,3,3,175,0
rec-619-dup-0,id-619,,200,70,1
rec-10168-dup-0,id-122,14,,161,0
id-608,id-608,6,130,130,1
id-609,id-609,10,343,260,1
rec-159-dup-0,id-159,,250,142,1
rec-605-dup-0,rec-605-dup-0,5,,67,1
rec-426-dup-1,id-426,12,,174,1
id-667,id-667,6,135,74,1
rec-426-dup-0,id-426,,150,174,1
rec-53-dup-0,id-53,10,,154,1
id-10174,id-263,4,175,56,0
id-665,id-665,3,84,75,1
rec-204-dup-0,rec-204-dup-0,,72,58,1
rec-685-dup-0,id-685,,50,168,1
id-365,id-365,14,1506,265,1
rec-10031-dup-0,id-711,11,140,173,0
rec-10031-dup-1,id-711,11,,173,0
rec-186-dup-0,id-186,11,,250,1
rec-186-dup-1,id-186,11,339,250,1
rec-10122-dup-0,rec-738-dup-0,26,1475,225,0
rec-10118-dup-0,id-718,12,,243,0
rec-701-dup-0,rec-701-dup-0,,215,175,1
rec-55-dup-0,id-55,17,,175,1
rec-10133-dup-1,id-774,,400,154,0
rec-10133-dup-0,id-774,3,,154,0
id-896,id-896,22,8000,290,1
rec-10132-dup-0,id-774,3,,154,0
rec-10070-dup-1,rec-319-dup-0,25,,196,0
rec-10070-dup-0,rec-319-dup-0,25,1303,196,0
rec-10128-dup-0,id-754,,580,168,0
rec-521-dup-0,rec-521-dup-0,,290,244,1
rec-10161-dup-0,rec-52-dup-1,4,75,58,0
rec-10161-dup-1,rec-52-dup-1,4,75,58,0
rec-26-dup-0,id-26,8,,243,1
rec-26-dup-1,id-26,,300,243,1
rec-831-dup-0,rec-831-dup-1,6,60,122,1
id-828,id-828,12,199,159,1
id-829,id-829,4,22,50,1
id-808,id-808,2,80,150,1
id-820,id-820,6,60,161,1
id-821,id-821,2,18,49,1
id-822,id-822,8,160,128,1
id-823,id-823,22,750,248,1
id-824,id-824,4,80,36,1
id-825,id-825,4,195,117,1
id-826,id-826,4,408,253,1
id-827,id-827,6,89,49,1
id-558,id-558,14,2000,170,1
id-806,id-806,18,130,285,1
id-10179,id-562,5,15,61,0
id-807,id-807,15,445,300,1
id-550,id-550,10,180,161,1
id-551,id-551,7,152,58,1
id-552,id-552,10,334,123,1
id-553,id-553,15,963,260,1
id-554,id-554,6,375,63,1
id-376,id-376,16,5500,300,1
id-556,id-556,10,280,161,1
id-557,id-557,3,145,65,1
id-805,id-805,55,8200,285,1
id-802,id-802,7,222,300,1
id-803,id-803,6,18,210,1
id-10178,id-555,17,1200,189,0
id-800,id-800,24,2300,300,1
id-373,id-373,15,1026,300,1
id-734,id-734,4,60,51,1
id-735,id-735,7,142,146,1
id-736,id-736,4,44,60,1
id-737,id-737,5,105,140,1
id-730,id-730,18,440,265,1
id-731,id-731,3,12,53,1
id-732,id-732,6,148,124,1
id-733,id-733,11,260,218,1
id-738,id-738,15,450,250,1
id-739,id-739,6,70,68,1
id-67,id-67,15,705,142,1
id-66,id-66,8,195,61,1
id-65,id-65,15,480,250,1
id-64,id-64,13,565,140,1
id-63,id-63,9,195,62,1
id-62,id-62,13,540,255,1
id-61,id-61,10,200,135,1
id-60,id-60,6,124,60,1
id-69,id-69,7,40,60,1
id-68,id-68,16,1300,253,1
rec-19-dup-0,id-19,,35,51,1
rec-19-dup-1,rec-19-dup-0,3,35,51,1
id-10098,id-25,4,60,112,0
id-10099,id-25,4,60,112,0
id-10096,id-25,4,60,112,0
id-10097,id-25,4,60,112,0
id-10094,id-25,4,60,112,0
id-10095,id-25,4,60,112,0
id-10092,id-20,7,255,145,0
id-10093,id-20,14,1050,145,0
id-10090,id-15,14,405,223,0
id-10091,id-19,3,38,51,0
rec-10021-dup-0,id-645,,680,300,0
id-600,id-600,6,510,154,1
id-601,id-601,6,810,260,1
id-602,id-602,2,3,55,1
id-603,id-603,12,220,142,1
rec-10181-dup-0,id-718,12,,243,0
id-10149,id-105,17,980,149,0
id-606,id-606,10,345,170,1
id-607,id-607,3,31,55,1
id-10144,id-778,4,28,167,0
id-10145,id-778,4,28,167,0
id-10146,id-784,24,2075,270,0
id-10147,id-801,10,805,300,0
id-10140,id-774,3,3,175,0
id-10141,id-774,3,3,175,0
id-10142,id-774,3,3,175,0
id-10143,id-778,2,7,167,0
id-10126,id-745,11,250,170,0
id-10127,id-746,82,786,217,0
id-10124,id-741,6,34,167,0
id-10125,id-741,6,34,167,0
id-10122,id-738,26,1475,225,0
id-10123,id-741,6,34,167,0
rec-20-dup-0,id-20,7,,145,1
rec-20-dup-1,id-20,7,185,145,1
id-390,id-390,5,62,62,1
id-391,id-391,9,220,142,1
rec-78-dup-0,id-78,,950,175,1
rec-583-dup-0,rec-583-dup-0,,410,138,1
id-398,id-398,12,249,218,1
id-399,id-399,5,200,50,1
rec-49-dup-0,id-49,,125,158,1
rec-144-dup-0,id-144,,554,290,1
id-10118,id-718,12,335,243,0
id-652,id-652,16,900,239,1
id-10022,id-646,33,3250,350,0
id-10161,id-52,4,75,58,0
rec-95-dup-0,rec-95-dup-0,88,2100,77,1
id-654,id-654,10,145,143,1
rec-10147-dup-0,rec-801-dup-1,10,,300,0
rec-6-dup-1,id-6,,905,267,1
rec-6-dup-0,id-6,,,267,1
rec-379-dup-0,rec-379-dup-0,19,2050,290,1
rec-321-dup-1,id-321,145,,175,1
rec-321-dup-0,id-321,,3980,175,1
id-10050,id-257,19,520,284,0
id-10051,id-282,16,484,278,0
rec-261-dup-0,id-261,5,,56,1
rec-261-dup-1,id-261,5,,56,1
rec-238-dup-0,id-238,,60,61,1
rec-238-dup-1,id-238,4,,61,1
rec-513-dup-0,id-513,6,,63,1
rec-513-dup-1,id-513,6,,63,1
id-10058,id-445,19,950,315,0
rec-392-dup-0,id-392,12,,240,1
id-10059,id-448,13,575,219,0
id-764,id-764,1,3,170,1
rec-10050-dup-0,rec-257-dup-0,19,520,284,0
rec-235-dup-1,id-235,12,,88,1
rec-235-dup-0,id-235,12,580,88,1
rec-10112-dup-1,rec-88-dup-1,7,420,65,0
id-763,id-763,12,214,255,1
id-837,id-837,3,120,48,1
id-836,id-836,10,340,172,1
id-835,id-835,3,135,54,1
id-834,id-834,10,1155,170,1
id-833,id-833,3,85,57,1
id-832,id-832,13,430,172,1
id-831,id-831,6,60,122,1
id-830,id-830,5,25,161,1
id-839,id-839,28,3105,255,1
id-838,id-838,11,780,144,1
id-547,id-547,7,66,168,1
id-546,id-546,3,6,56,1
id-545,id-545,25,2005,243,1
id-762,id-762,7,82,102,1
id-543,id-543,4,53,52,1
id-542,id-542,12,205,225,1
id-541,id-541,5,73,133,1
id-540,id-540,3,25,62,1
id-549,id-549,11,163,168,1
id-548,id-548,5,66,56,1
id-10169,id-144,17,509,290,0
id-604,id-604,21,805,232,1
rec-122-dup-0,id-122,13,,161,1
rec-122-dup-1,id-122,13,,161,1
id-340,id-340,9,236,164,1
id-10029,id-710,8,150,67,0
id-760,id-760,21,1350,175,1
id-723,id-723,7,160,147,1
id-722,id-722,3,15,64,1
id-721,id-721,17,1950,300,1
id-720,id-720,5,90,270,1
id-727,id-727,18,830,265,1
id-726,id-726,7,250,147,1
id-725,id-725,4,43,64,1
id-724,id-724,16,366,265,1
id-729,id-729,6,175,147,1
id-728,id-728,4,75,64,1
id-70,id-70,10,64,137,1
id-71,id-71,17,155,221,1
id-72,id-72,9,455,67,1
id-73,id-73,16,550,180,1
id-74,id-74,4,200,60,1
id-75,id-75,10,1050,137,1
id-76,id-76,14,3000,223,1
id-77,id-77,10,300,82,1
id-78,id-78,17,950,175,1
id-79,id-79,12,360,63,1
rec-783-dup-0,id-783,12,470,147,1
id-10081,id-25,4,60,112,0
id-10080,id-25,4,60,112,0
id-10083,id-25,4,60,112,0
id-10082,id-25,4,60,112,0
id-10085,id-25,4,60,112,0
id-10084,id-25,4,60,112,0
id-10087,id-323,25,3205,196,0
id-10086,id-720,65,4900,306,0
id-10089,id-373,18,1126,315,0
id-10088,id-428,13,283,203,0
rec-10141-dup-0,id-774,3,,175,0
rec-501-dup-0,rec-501-dup-0,5,,62,1
rec-75-dup-0,id-75,,,137,1
rec-75-dup-1,id-75,,1050,137,1
rec-244-dup-0,id-244,21,1980,290,1
id-619,id-619,9,200,70,1
id-618,id-618,7,110,165,1
id-617,id-617,8,253,173,1
id-616,id-616,4,77,61,1
id-615,id-615,11,1480,180,1
id-614,id-614,26,2600,177,1
id-613,id-613,5,85,61,1
id-612,id-612,18,1055,270,1
id-611,id-611,10,360,144,1
id-610,id-610,6,180,64,1
id-605,id-605,5,90,67,1
rec-685-dup-1,id-685,8,,168,1
rec-10165-dup-0,id-80,,705,172,0
rec-490-dup-0,rec-490-dup-0,3,14,270,1
rec-147-dup-0,id-147,,33,60,1
id-346,id-346,15,604,173,1
rec-587-dup-0,id-587,,50,150,1
id-154,id-154,18,1005,236,1
rec-126-dup-0,rec-126-dup-0,13,445,173,1
rec-10095-dup-0,id-25,4,,112,0
id-155,id-155,5,79,62,1
rec-507-dup-0,rec-507-dup-0,9,147,130,1
id-157,id-157,17,795,240,1
id-150,id-150,20,1220,340,1
id-151,id-151,4,40,300,1
rec-600-dup-0,id-600,6,,154,1
id-152,id-152,9,64,64,1
id-621,id-621,16,1390,170,1
rec-643-dup-0,id-643,,3300,340,1
rec-643-dup-1,id-643,32,,340,1
rec-435-dup-1,rec-435-dup-1,,380,168,1
rec-435-dup-0,rec-435-dup-1,10,,168,1
rec-596-dup-1,id-596,,143,165,1
rec-596-dup-0,id-596,,143,165,1
rec-74-dup-0,id-74,,200,60,1
rec-120-dup-0,id-120,,345,68,1
rec-544-dup-0,rec-544-dup-0,12,585,126,1
rec-599-dup-0,id-599,,210,60,1
rec-599-dup-1,id-599,3,210,60,1
rec-552-dup-0,rec-552-dup-0,10,334,123,1
rec-896-dup-0,id-896,22,,290,1
rec-163-dup-0,rec-163-dup-0,7,212,52,1
rec-890-dup-0,id-890,200,,345,1
rec-890-dup-1,id-890,200,9500,345,1
rec-852-dup-0,rec-852-dup-0,6,40,62,1
rec-852-dup-1,rec-852-dup-0,6,40,62,1
rec-534-dup-0,rec-534-dup-0,14,870,253,1
id-842,id-842,4,130,170,1
id-843,id-843,22,76,63,1
id-840,id-840,2,5,52,1
id-841,id-841,3,10,170,1
id-846,id-846,5,10,56,1
id-847,id-847,13,300,172,1
id-844,id-844,38,655,179,1
id-845,id-845,8,180,166,1
id-848,id-848,4,110,48,1
id-849,id-849,16,400,176,1
id-532,id-532,6,125,61,1
id-533,id-533,12,400,142,1
id-530,id-530,7,404,178,1
id-531,id-531,11,310,390,1
id-536,id-536,8,170,134,1
id-537,id-537,15,620,255,1
id-534,id-534,14,870,253,1
id-535,id-535,5,45,59,1
id-538,id-538,13,555,163,1
id-539,id-539,14,510,163,1
rec-780-dup-0,id-780,30,,170,1
rec-1-dup-0,id-1,,,64,1
rec-738-dup-0,rec-738-dup-0,15,450,250,1
id-10155,id-800,38,4600,340,0
id-288,id-288,14,465,154,1
id-289,id-289,20,1305,252,1
id-284,id-284,8,36,159,1
id-285,id-285,4,45,59,1
id-286,id-286,12,392,161,1
id-287,id-287,8,240,56,1
id-280,id-280,4,66,40,1
id-281,id-281,8,202,97,1
id-282,id-282,16,484,259,1
id-283,id-283,5,17,54,1
id-448,id-448,12,540,184,1
id-449,id-449,8,495,66,1
id-446,id-446,6,1050,78,1
id-447,id-447,7,202,57,1
id-444,id-444,14,560,144,1
id-445,id-445,19,950,300,1
id-442,id-442,10,1080,170,1
id-443,id-443,7,205,60,1
id-440,id-440,6,244,110,1
id-441,id-441,5,19,144,1
id-266,id-266,6,100,72,1
id-267,id-267,10,284,178,1
id-264,id-264,5,325,147,1
id-265,id-265,3,36,56,1
id-89,id-89,12,300,175,1
id-88,id-88,9,300,65,1
id-260,id-260,15,819,268,1
id-261,id-261,5,136,56,1
id-85,id-85,18,852,165,1
id-84,id-84,14,392,62,1
id-87,id-87,17,1200,166,1
id-86,id-86,11,900,65,1
id-81,id-81,3,60,65,1
id-80,id-80,16,785,172,1
id-83,id-83,8,150,132,1
id-82,id-82,10,600,163,1
rec-10092-dup-0,id-20,7,,145,0
id-198,id-198,5,21,81,1
id-199,id-199,20,795,172,1
id-10160,id-25,4,60,112,0
id-669,id-669,1,1,61,1
id-10166,id-83,8,420,132,0
id-10167,id-110,30,160,172,0
id-10164,id-79,12,360,63,0
id-10165,id-80,16,705,172,0
id-190,id-190,8,115,72,1
id-191,id-191,3,18,36,1
rec-508-dup-0,id-508,,610,250,1
id-193,id-193,12,380,78,1
id-194,id-194,4,85,42,1
id-195,id-195,14,750,151,1
id-196,id-196,9,265,184,1
id-197,id-197,10,270,184,1
rec-43-dup-0,id-43,5,,64,1
rec-447-dup-0,rec-447-dup-0,,202,57,1
rec-447-dup-1,rec-447-dup-0,7,202,57,1
id-10188,id-888,28,3550,360,0
id-10189,id-889,29,7850,360,0
rec-749-dup-1,id-749,10,,77,1
rec-749-dup-0,id-749,,1100,77,1
id-10180,id-618,7,205,165,0
id-10181,id-718,12,335,243,0
id-10182,id-845,8,180,166,0
id-10183,id-845,8,180,166,0
id-10184,id-849,16,400,176,0
id-10185,id-875,14,890,165,0
id-10186,id-876,9,280,166,0
id-10187,id-877,3,30,153,0
rec-682-dup-0,rec-682-dup-0,2,5,68,1
rec-10130-dup-0,id-774,,,154,0
rec-551-dup-0,rec-551-dup-0,7,152,58,1
rec-10087-dup-1,id-323,,3205,196,0
rec-10087-dup-0,id-323,,3205,196,0
rec-880-dup-0,id-880,18,1900,177,1
id-178,id-178,15,150,165,1
rec-208-dup-0,rec-208-dup-0,,4000,179,1
id-179,id-179,6,78,56,1
id-98,id-98,4,65,65,1
id-99,id-99,13,600,166,1
rec-684-dup-0,id-684,4,,68,1
id-172,id-172,3,20,41,1
id-10109,id-74,4,203,60,0
rec-472-dup-0,id-472,,425,179,1
id-92,id-92,13,1,62,1
id-93,id-93,16,1,142,1
rec-226-dup-1,rec-226-dup-0,21,2200,170,1
rec-226-dup-0,rec-226-dup-0,21,,170,1
rec-782-dup-0,id-782,,297,60,1
rec-79-dup-0,rec-79-dup-0,12,360,63,1
rec-753-dup-0,id-753,3,,50,1
rec-753-dup-1,id-753,,15,50,1
rec-677-dup-1,rec-677-dup-0,,35,71,1
rec-677-dup-0,rec-677-dup-0,3,35,71,1
id-742,id-742,1,2,61,1
id-10148,id-25,4,60,112,0
rec-10023-dup-0,rec-646-dup-0,36,3250,350,0
rec-794-dup-0,rec-794-dup-0,,3336,285,1
rec-206-dup-0,id-206,15,,145,1
id-851,id-851,30,1200,184,1
id-850,id-850,7,10,61,1
id-853,id-853,16,390,168,1
id-852,id-852,6,40,62,1
id-855,id-855,2,4,178,1
id-854,id-854,1,2,62,1
id-857,id-857,6,48,130,1
id-856,id-856,4,34,53,1
id-859,id-859,4,55,53,1
id-858,id-858,21,51,255,1
rec-296-dup-0,id-296,10,,47,1
rec-296-dup-1,id-296,,864,47,1
id-521,id-521,12,290,244,1
id-520,id-520,6,150,125,1
id-523,id-523,16,795,174,1
id-522,id-522,8,298,59,1
id-525,id-525,9,1020,137,1
id-524,id-524,4,180,56,1
id-527,id-527,4,21,65,1
id-526,id-526,17,2600,258,1
id-529,id-529,3,85,66,1
id-528,id-528,9,105,149,1
rec-634-dup-0,id-634,14,,147,1
rec-634-dup-1,id-634,14,,147,1
rec-369-dup-0,id-369,,234,170,1
id-774,id-774,3,400,154,1
id-775,id-775,4,199,168,1
rec-659-dup-0,id-659,4,,47,1
rec-10040-dup-0,rec-127-dup-0,17,590,210,0
rec-10112-dup-0,rec-88-dup-0,7,420,65,0
id-778,id-778,2,7,167,1
id-779,id-779,9,190,166,1
rec-10167-dup-0,id-110,30,,172,0
rec-10167-dup-1,id-110,,160,172,0
id-749,id-749,10,1100,77,1
id-299,id-299,10,970,75,1
id-298,id-298,2,20,38,1
rec-365-dup-1,id-365,,1506,265,1
rec-365-dup-0,id-365,14,,265,1
id-293,id-293,6,163,48,1
id-292,id-292,8,12,83,1
id-291,id-291,8,120,160,1
id-290,id-290,5,55,53,1
id-297,id-297,23,2538,166,1
id-296,id-296,10,864,47,1
id-295,id-295,15,840,245,1
id-294,id-294,10,405,126,1
id-459,id-459,10,505,67,1
id-458,id-458,10,650,69,1
id-455,id-455,14,270,159,1
id-454,id-454,13,444,172,1
id-457,id-457,12,240,161,1
id-456,id-456,4,70,66,1
id-451,id-451,8,120,66,1
id-450,id-450,20,3000,184,1
id-453,id-453,7,230,60,1
id-452,id-452,13,615,175,1
id-275,id-275,13,596,240,1
id-274,id-274,10,280,119,1
id-277,id-277,7,198,159,1
id-276,id-276,3,23,54,1
id-271,id-271,12,325,119,1
id-270,id-270,5,26,44,1
id-273,id-273,5,40,44,1
id-272,id-272,15,550,240,1
id-96,id-96,10,324,66,1
id-97,id-97,16,756,169,1
id-94,id-94,15,405,250,1
id-95,id-95,88,2100,77,1
id-279,id-279,12,280,154,1
id-278,id-278,6,95,54,1
id-90,id-90,3,40,61,1
id-91,id-91,15,1325,184,1
id-187,id-187,4,5,50,1
id-186,id-186,11,339,250,1
id-185,id-185,12,380,144,1
id-184,id-184,8,285,210,1
id-183,id-183,4,85,88,1
id-182,id-182,4,58,245,1
id-181,id-181,14,615,230,1
id-180,id-180,8,133,128,1
id-189,id-189,8,30,207,1
id-188,id-188,6,10,119,1
id-10175,id-264,5,325,147,0
id-678,id-678,6,85,163,1
id-10177,id-555,17,1200,168,0
id-10176,id-554,7,400,63,0
id-10171,id-146,20,660,290,0
id-10170,id-145,16,582,290,0
id-10173,id-222,6,5,144,0
id-10172,id-199,18,795,172,0
id-671,id-671,11,100,248,1
id-670,id-670,2,9,130,1
id-673,id-673,17,910,186,1
id-672,id-672,9,310,70,1
id-675,id-675,21,1360,173,1
id-674,id-674,6,80,70,1
id-677,id-677,3,35,71,1
id-676,id-676,12,280,165,1
rec-34-dup-0,rec-34-dup-0,14,620,253,1
rec-68-dup-0,id-68,,1300,253,1
id-10193,id-898,24,8091,340,0
id-10192,id-893,18,700,300,0
id-10191,id-892,19,1050,275,0
id-10190,id-890,1000,0,563,0
id-10194,id-898,24,536,340,0
rec-462-dup-0,id-462,12,,268,1
rec-210-dup-0,id-210,,487,158,1
rec-243-dup-0,id-243,19,,290,1
rec-10188-dup-0,rec-888-dup-0,28,,360,0
rec-10025-dup-1,id-678,6,,163,0
rec-10025-dup-0,id-678,,85,163,0
rec-152-dup-0,rec-152-dup-0,9,64,64,1
rec-676-dup-0,id-676,12,,165,1
rec-500-dup-0,rec-500-dup-0,,1500,238,1
rec-500-dup-1,rec-500-dup-0,16,,238,1
id-635,id-635,18,1600,300,1
rec-888-dup-1,rec-888-dup-0,28,1100,335,1
rec-888-dup-0,rec-888-dup-0,,1100,335,1
rec-10074-dup-0,id-362,21,,203,0
rec-862-dup-0,id-862,16,,260,1
rec-10149-dup-0,id-105,17,,149,0
id-544,id-544,12,585,126,1
rec-354-dup-1,id-354,,125,159,1
rec-354-dup-0,id-354,,125,159,1
rec-84-dup-0,rec-84-dup-0,,392,62,1
rec-117-dup-0,id-117,12,,154,1
id-750,id-750,25,9200,175,1
id-751,id-751,3,40,54,1
id-634,id-634,14,500,147,1
rec-10056-dup-0,id-354,,130,194,0
rec-233-dup-1,rec-233-dup-0,6,325,180,1
rec-233-dup-0,rec-233-dup-0,,325,180,1
id-868,id-868,2,3,54,1
id-869,id-869,3,5,173,1
id-864,id-864,10,4,179,1
id-865,id-865,8,1170,177,1
rec-73-dup-0,id-73,,550,180,1
rec-73-dup-1,id-73,,550,180,1
id-860,id-860,8,125,130,1
id-861,id-861,15,610,255,1
id-862,id-862,16,460,260,1
id-863,id-863,8,280,154,1
id-518,id-518,11,605,170,1
id-519,id-519,3,21,53,1
id-514,id-514,10,280,174,1
id-515,id-515,6,135,63,1
id-516,id-516,10,290,174,1
id-517,id-517,6,233,58,1
id-510,id-510,11,375,156,1
id-511,id-511,6,105,63,1
id-512,id-512,11,305,174,1
id-513,id-513,6,110,63,1
rec-770-dup-1,rec-770-dup-0,13,2500,168,1
rec-770-dup-0,rec-770-dup-0,13,2500,168,1
rec-579-dup-0,rec-579-dup-0,10,201,245,1
rec-10020-dup-1,id-642,,610,290,0
id-163,id-163,7,212,52,1
id-468,id-468,15,380,273,1
id-469,id-469,19,515,180,1
id-239,id-239,6,235,72,1
id-460,id-460,22,1355,173,1
id-461,id-461,11,340,179,1
id-462,id-462,12,1800,268,1
id-463,id-463,17,1400,180,1
id-464,id-464,24,2828,268,1
id-465,id-465,20,1286,187,1
id-466,id-466,18,1386,270,1
id-467,id-467,16,680,270,1
id-240,id-240,7,214,73,1
id-241,id-241,12,755,172,1
id-242,id-242,15,468,635,1
id-243,id-243,19,1780,290,1
id-244,id-244,21,1980,290,1
id-245,id-245,20,1870,290,1
id-246,id-246,6,720,60,1
id-247,id-247,12,1520,144,1
id-248,id-248,20,2020,300,1
id-249,id-249,52,2160,340,1
rec-556-dup-1,rec-556-dup-0,10,,161,1
rec-556-dup-0,rec-556-dup-1,10,280,161,1
rec-897-dup-0,rec-897-dup-0,,445,290,1
id-644,id-644,29,3450,340,1
id-645,id-645,15,680,300,1
id-646,id-646,30,3250,330,1
id-647,id-647,14,485,290,1
id-640,id-640,20,2000,290,1
id-641,id-641,15,630,290,1
id-642,id-642,15,610,290,1
rec-10083-dup-0,id-25,,60,112,0
id-648,id-648,6,65,270,1
id-649,id-649,15,825,300,1
id-886,id-886,14,110,144,1
id-887,id-887,30,500,300,1
id-884,id-884,18,400,187,1
id-885,id-885,5,20,54,1
id-882,id-882,23,2150,177,1
id-883,id-883,20,1750,177,1
id-880,id-880,18,1900,177,1
id-881,id-881,23,1500,177,1
id-10009,id-479,3,3,182,0
id-888,id-888,28,1100,335,1
id-889,id-889,29,2100,335,1
rec-613-dup-0,id-613,,85,61,1
rec-871-dup-0,id-871,,10,152,1
rec-734-dup-1,rec-734-dup-0,4,,51,1
rec-734-dup-0,rec-734-dup-0,4,60,51,1
id-10008,id-479,3,3,182,0
rec-656-dup-0,id-656,,70,63,1
rec-656-dup-1,id-656,3,,63,1
rec-558-dup-0,id-558,14,,170,1
rec-725-dup-1,rec-725-dup-0,4,43,64,1
rec-725-dup-0,rec-725-dup-0,4,43,64,1
rec-479-dup-1,id-479,,3,154,1
rec-479-dup-0,id-479,3,3,154,1
rec-657-dup-1,id-657,,109,142,1
rec-657-dup-0,id-657,6,109,142,1
rec-531-dup-0,rec-531-dup-0,11,310,390,1
rec-450-dup-0,rec-450-dup-0,20,3000,184,1
rec-565-dup-0,id-565,,,173,1
rec-295-dup-0,rec-295-dup-0,15,840,245,1
rec-367-dup-1,id-367,,270,170,1
rec-367-dup-0,id-367,17,,170,1
rec-524-dup-0,id-524,4,,56,1
rec-524-dup-1,id-524,,,56,1
rec-622-dup-0,id-622,10,,61,1
rec-10113-dup-0,id-89,10,,175,0
rec-404-dup-0,id-404,9,,127,1
rec-730-dup-0,id-730,,440,265,1
rec-416-dup-0,rec-416-dup-0,,385,166,1
rec-416-dup-1,id-416,,385,166,1
rec-536-dup-0,id-536,8,,134,1
id-4,id-4,6,85,62,1
id-5,id-5,11,190,142,1
id-6,id-6,17,905,267,1
id-7,id-7,5,90,63,1
id-1,id-1,7,69,64,1
id-2,id-2,10,130,142,1
id-3,id-3,20,1000,263,1
id-8,id-8,10,225,142,1
id-9,id-9,16,855,265,1
rec-258-dup-0,id-258,4,,62,1
rec-258-dup-1,id-258,,76,62,1
rec-93-dup-0,rec-93-dup-0,16,1,142,1
rec-633-dup-0,id-633,,,60,1
rec-10007-dup-1,id-487,,6500,340,0
rec-10007-dup-0,id-487,,6500,340,0
rec-678-dup-0,id-678,6,,163,1
rec-678-dup-1,id-678,6,,163,1
rec-427-dup-0,rec-427-dup-1,4,55,70,1
rec-427-dup-1,rec-427-dup-0,4,55,70,1
id-879,id-879,30,6500,175,1
id-878,id-878,12,1000,66,1
id-873,id-873,13,420,166,1
id-872,id-872,3,38,37,1
id-871,id-871,3,10,152,1
id-870,id-870,30,620,165,1
id-877,id-877,3,30,153,1
id-876,id-876,9,280,166,1
id-875,id-875,14,890,165,1
id-874,id-874,25,5200,165,1
id-509,id-509,4,101,56,1
id-508,id-508,12,610,250,1
id-503,id-503,15,946,238,1
id-502,id-502,8,245,145,1
id-501,id-501,5,59,62,1
id-500,id-500,16,1500,238,1
id-507,id-507,9,147,130,1
id-506,id-506,4,41,55,1
id-505,id-505,11,270,147,1
id-504,id-504,5,116,51,1
rec-828-dup-0,rec-828-dup-0,12,,159,1
rec-760-dup-0,id-760,,1350,175,1
rec-760-dup-1,id-760,,1350,175,1
id-477,id-477,22,1066,263,1
id-476,id-476,14,3400,184,1
id-475,id-475,16,520,259,1
id-474,id-474,9,340,268,1
id-473,id-473,25,2910,265,1
id-472,id-472,20,425,179,1
id-471,id-471,8,259,184,1
id-470,id-470,10,255,184,1
rec-437-dup-1,rec-437-dup-0,13,1870,175,1
rec-437-dup-0,rec-437-dup-0,13,1870,175,1
id-479,id-479,3,3,154,1
id-478,id-478,13,266,168,1
rec-281-dup-0,rec-281-dup-0,8,202,97,1
rec-281-dup-1,rec-281-dup-0,,202,97,1
id-259,id-259,7,280,142,1
id-258,id-258,4,76,62,1
id-257,id-257,19,520,265,1
id-256,id-256,9,195,142,1
id-255,id-255,4,25,62,1
id-254,id-254,17,522,265,1
id-253,id-253,9,216,142,1
id-252,id-252,5,50,62,1
id-251,id-251,6,50,300,1
id-250,id-250,38,1990,340,1
rec-10059-dup-0,rec-448-dup-0,13,,219,0
rec-144-dup-1,id-144,17,,290,1
id-653,id-653,4,94,61,1
id-756,id-756,10,115,142,1
id-651,id-651,7,290,142,1
id-650,id-650,4,90,63,1
id-657,id-657,6,109,142,1
id-656,id-656,3,70,63,1
id-655,id-655,15,390,240,1
id-757,id-757,6,48,64,1
id-659,id-659,4,50,47,1
id-658,id-658,15,400,239,1
id-754,id-754,9,185,168,1
id-895,id-895,21,2000,290,1
id-894,id-894,12,1450,290,1
id-897,id-897,20,445,290,1
id-755,id-755,2,15,57,1
id-891,id-891,6,120,77,1
id-890,id-890,200,9500,345,1
id-893,id-893,18,700,300,1
id-892,id-892,19,1050,275,1
id-752,id-752,18,820,159,1
id-898,id-898,11,77,250,1
id-753,id-753,3,15,50,1
id-10159,id-133,3,65,87,0
id-10158,id-25,4,60,86,0
id-10157,id-800,75,2300,339,0
rec-820-dup-1,id-820,6,60,161,1
rec-820-dup-0,id-820,6,60,161,1
id-10156,id-800,42,3500,340,0
rec-10162-dup-0,id-77,8,,82,0
id-10154,id-777,6,130,152,0
rec-10084-dup-0,id-25,4,,112,0
rec-10084-dup-1,id-25,4,,112,0
rec-483-dup-0,id-483,54,6830,340,1
rec-483-dup-1,id-483,54,,340,1
id-10152,id-745,8,250,170,0
id-10151,id-744,5,92,56,0
id-10150,id-743,4,20,162,0
rec-373-dup-0,id-373,15,,300,1
rec-10058-dup-1,rec-445-dup-0,19,950,315,0
rec-10058-dup-0,rec-445-dup-0,19,950,315,0
rec-372-dup-0,rec-372-dup-0,11,1105,147,1
rec-348-dup-0,id-348,,682,173,1
rec-348-dup-1,id-348,15,,173,1
rec-51-dup-0,rec-51-dup-0,7,333,149,1
rec-811-dup-1,rec-811-dup-0,,140,147,1
rec-811-dup-0,rec-811-dup-1,7,140,147,1
rec-864-dup-0,rec-864-dup-0,10,4,179,1
rec-166-dup-0,rec-166-dup-1,14,356,137,1
rec-363-dup-0,id-363,8,,58,1
rec-156-dup-0,id-156,,190,142,1
rec-362-dup-0,id-362,,2565,168,1
rec-362-dup-1,id-362,15,,168,1
rec-883-dup-0,id-883,20,,177,1
rec-863-dup-0,id-863,8,280,154,1
rec-863-dup-1,id-863,8,280,154,1
rec-378-dup-0,id-378,,1750,290,1
rec-331-dup-0,rec-331-dup-0,4,513,67,1
rec-331-dup-1,id-331,,,67,1
rec-35-dup-0,id-35,,75,113,1
rec-601-dup-0,rec-601-dup-0,6,810,260,1
rec-601-dup-1,id-601,6,,260,1
rec-10127-dup-0,rec-746-dup-0,82,,217,0
rec-825-dup-0,rec-825-dup-0,4,195,117,1
rec-674-dup-0,id-674,,80,70,1
rec-655-dup-0,id-655,,,240,1
rec-705-dup-0,id-705,8,,158,1
id-400,id-400,10,315,144,1
rec-409-dup-1,id-409,16,,173,1
id-406,id-406,2,12,56,1
rec-215-dup-0,id-215,,280,86,1
rec-854-dup-1,rec-854-dup-0,,2,62,1
rec-328-dup-0,rec-328-dup-0,7,150,58,1
id-815,id-815,14,330,265,1
id-362,id-362,15,2565,168,1
id-361,id-361,7,168,60,1
rec-404-dup-1,id-404,9,305,127,1
id-360,id-360,6,140,52,1
rec-80-dup-0,id-80,16,,172,1
rec-589-dup-1,rec-589-dup-0,10,330,173,1
rec-589-dup-0,rec-589-dup-0,10,,173,1
id-367,id-367,17,270,170,1
rec-877-dup-0,id-877,3,30,153,1
id-366,id-366,4,525,69,1
id-792,id-792,40,1200,340,1
id-793,id-793,12,555,285,1
id-790,id-790,1,9999,140,1
id-791,id-791,34,2300,340,1
id-796,id-796,38,1000,285,1
id-797,id-797,92,9999,285,1
id-794,id-794,24,3336,285,1
id-795,id-795,18,250,285,1
id-798,id-798,3,1,285,1
id-799,id-799,55,8880,285,1
id-402,id-402,10,255,134,1
id-403,id-403,5,95,53,1
rec-409-dup-0,id-409,16,,173,1
id-401,id-401,3,22,39,1
rec-854-dup-0,rec-854-dup-0,1,2,62,1
id-407,id-407,9,145,258,1
id-404,id-404,9,305,127,1
id-405,id-405,14,420,262,1
id-408,id-408,9,315,70,1
id-409,id-409,16,1025,173,1
rec-10111-dup-0,id-76,17,,223,0
rec-316-dup-1,rec-316-dup-1,4,103,60,1
rec-316-dup-0,rec-316-dup-1,4,103,60,1
id-10030,id-711,7,95,173,0
id-10031,id-711,11,140,173,0
id-228,id-228,6,108,66,1
id-10033,id-3,24,1555,281,0
id-10034,id-6,17,1105,285,0
id-10035,id-6,17,1005,285,0
id-10036,id-9,16,1011,284,0
id-10037,id-65,12,480,270,0
id-10038,id-94,14,405,270,0
id-223,id-223,6,120,60,1
id-220,id-220,4,65,50,1
id-221,id-221,11,558,158,1
id-226,id-226,21,2200,170,1
id-227,id-227,17,505,163,1
id-224,id-224,9,285,168,1
id-225,id-225,9,160,116,1
rec-133-dup-0,id-133,,65,65,1
rec-640-dup-1,id-640,20,,290,1
rec-640-dup-0,rec-640-dup-0,20,2000,290,1
rec-704-dup-0,rec-704-dup-0,3,28,60,1
rec-588-dup-0,id-588,5,59,63,1
rec-10140-dup-1,id-774,3,3,175,0
rec-10140-dup-0,id-774,3,,175,0
id-318,id-318,8,208,61,1
id-319,id-319,18,888,161,1
id-316,id-316,4,103,60,1
id-317,id-317,17,800,163,1
id-314,id-314,6,177,151,1
id-315,id-315,3,20,140,1
id-312,id-312,4,42,142,1
id-313,id-313,7,177,151,1
id-310,id-310,15,402,166,1
id-311,id-311,4,42,142,1
id-136,id-136,9,250,184,1
id-137,id-137,8,365,79,1
id-134,id-134,10,290,184,1
id-135,id-135,8,245,184,1
id-132,id-132,3,40,101,1
id-133,id-133,3,65,65,1
id-130,id-130,65,2350,189,1
id-131,id-131,25,2200,187,1
rec-201-dup-0,id-201,5,,118,1
rec-201-dup-1,id-201,,,118,1
rec-429-dup-1,id-429,9,,173,1
id-10032,id-711,17,390,173,0
id-138,id-138,4,75,71,1
id-139,id-139,10,350,173,1
id-229,id-229,14,350,175,1
id-222,id-222,6,50,144,1
id-10039,id-115,22,1000,207,0
rec-10009-dup-0,id-479,3,,182,0
rec-70-dup-1,id-70,,64,137,1
rec-70-dup-0,id-70,,64,137,1
rec-886-dup-1,rec-886-dup-0,14,,144,1
rec-886-dup-0,rec-886-dup-0,14,110,144,1
rec-444-dup-0,id-444,,560,144,1
rec-823-dup-0,id-823,22,,248,1
rec-641-dup-0,rec-641-dup-1,15,630,290,1
rec-350-dup-1,id-350,62,,189,1
rec-350-dup-0,id-350,,1620,189,1
rec-542-dup-0,id-542,12,,225,1
rec-414-dup-0,id-414,,233,148,1
rec-10142-dup-0,id-774,3,,175,0
rec-10170-dup-0,id-145,16,,290,0
rec-10170-dup-1,id-145,,582,290,0
rec-7-dup-0,rec-7-dup-0,5,90,63,1
rec-808-dup-0,rec-808-dup-0,2,,150,1
id-709,id-709,15,710,166,1
id-10044,id-150,15,330,351,0
rec-10077-dup-0,rec-382-dup-0,98,4300,347,0
rec-10107-dup-0,rec-52-dup-1,,42,58,0
rec-10107-dup-1,rec-52-dup-0,4,42,58,0
id-555,id-555,13,929,168,1
id-705,id-705,8,175,158,1
id-704,id-704,3,28,60,1
id-706,id-706,20,1505,300,1
rec-498-dup-0,id-498,5,,62,1
rec-10150-dup-0,rec-743-dup-0,4,20,162,0
id-781,id-781,39,2100,181,1
id-780,id-780,30,1850,170,1
id-783,id-783,12,470,147,1
id-782,id-782,6,297,60,1
id-785,id-785,18,205,285,1
id-784,id-784,16,782,300,1
id-787,id-787,19,455,285,1
id-786,id-786,12,186,285,1
id-789,id-789,2,1,40,1
id-788,id-788,13,212,285,1
rec-561-dup-1,id-561,14,,172,1
rec-561-dup-0,id-561,14,,172,1
id-413,id-413,5,65,148,1
id-412,id-412,2,34,45,1
id-415,id-415,3,55,49,1
id-414,id-414,9,233,148,1
id-417,id-417,4,39,142,1
id-416,id-416,12,385,166,1
id-419,id-419,11,335,173,1
id-418,id-418,7,295,66,1
rec-746-dup-0,rec-746-dup-0,,3,61,1
rec-833-dup-1,id-833,3,,57,1
id-10023,id-646,36,3250,350,0
id-238,id-238,4,60,61,1
id-10021,id-645,13,680,300,0
id-10020,id-642,30,610,290,0
id-10027,id-710,3,35,67,0
id-10026,id-681,17,530,250,0
id-10025,id-678,6,85,163,0
id-10024,id-647,14,485,290,0
id-231,id-231,5,335,66,1
id-230,id-230,18,1520,270,1
id-233,id-233,6,325,180,1
id-10028,id-710,5,75,67,0
id-235,id-235,12,580,88,1
id-234,id-234,14,712,163,1
id-237,id-237,14,480,159,1
id-236,id-236,7,210,42,1
rec-775-dup-0,id-775,4,,168,1
rec-143-dup-0,id-143,21,,189,1
id-309,id-309,6,152,59,1
id-308,id-308,13,315,144,1
rec-56-dup-1,id-56,,280,61,1
rec-56-dup-0,id-56,5,280,61,1
id-307,id-307,6,112,56,1
id-306,id-306,21,3600,265,1
id-301,id-301,11,326,140,1
id-300,id-300,6,110,52,1
id-303,id-303,6,115,133,1
id-302,id-302,5,110,133,1
id-125,id-125,11,300,172,1
id-124,id-124,14,406,159,1
id-127,id-127,15,550,175,1
id-126,id-126,13,445,173,1
id-121,id-121,11,800,182,1
id-120,id-120,8,345,68,1
rec-478-dup-0,id-478,13,266,168,1
rec-478-dup-1,id-478,13,,168,1
id-129,id-129,9,100,40,1
id-128,id-128,14,884,172,1
rec-464-dup-1,id-464,,2828,268,1
rec-464-dup-0,id-464,,2828,268,1
rec-602-dup-0,id-602,,,55,1
rec-10038-dup-0,id-94,,405,270,0
id-866,id-866,15,582,182,1
id-143,id-143,21,4600,189,1
id-867,id-867,16,666,169,1
id-10138,id-774,3,3,175,0
id-637,id-637,16,460,275,1
id-636,id-636,11,288,72,1
id-631,id-631,14,580,169,1
id-630,id-630,12,395,179,1
id-633,id-633,8,173,60,1
rec-517-dup-0,id-517,,233,58,1
id-632,id-632,3,330,169,1
rec-250-dup-0,id-250,38,,340,1
rec-139-dup-0,id-139,10,,173,1
rec-139-dup-1,id-139,10,350,173,1
id-149,id-149,22,2100,300,1
id-10132,id-774,3,400,154,0
id-10135,id-774,3,400,154,0
id-10134,id-774,3,400,154,0
rec-397-dup-0,rec-397-dup-1,6,155,119,1
rec-563-dup-1,rec-563-dup-0,17,,169,1
rec-563-dup-0,rec-563-dup-0,,765,169,1
id-10168,id-122,14,568,161,0
rec-434-dup-0,id-434,4,192,66,1
rec-575-dup-0,id-575,,180,137,1
rec-575-dup-1,id-575,,180,137,1
rec-428-dup-1,id-428,12,,168,1
rec-428-dup-0,id-428,,333,168,1
id-213,id-213,6,205,177,1
rec-63-dup-0,id-63,9,,62,1
rec-466-dup-0,id-466,,1386,270,1
id-212,id-212,18,1180,175,1
rec-64-dup-0,id-64,13,,140,1
id-624,id-624,5,102,68,1
rec-352-dup-0,id-352,,220,154,1
rec-791-dup-0,id-791,34,2300,340,1
rec-104-dup-0,id-104,4,,64,1
rec-10020-dup-0,id-642,30,,290,0
rec-131-dup-0,id-131,25,,187,1
rec-131-dup-1,id-131,25,,187,1
rec-669-dup-0,rec-669-dup-0,1,1,61,1
id-818,id-818,19,452,265,1
rec-10166-dup-0,id-83,8,420,132,0
rec-591-dup-0,rec-591-dup-0,6,105,162,1
id-428,id-428,12,333,168,1
id-429,id-429,9,44,173,1
rec-273-dup-0,id-273,5,,44,1
id-424,id-424,12,203,169,1
id-425,id-425,4,12,70,1
id-426,id-426,12,150,174,1
id-427,id-427,4,55,70,1
id-420,id-420,4,33,55,1
id-421,id-421,5,93,158,1
id-422,id-422,3,63,65,1
id-423,id-423,9,299,166,1
id-10016,id-550,10,180,161,0
id-10017,id-555,13,929,189,0
id-10014,id-351,3,8,147,0
id-10015,id-351,3,8,147,0
id-10012,id-479,3,3,182,0
id-10013,id-351,3,8,147,0
id-10010,id-479,3,3,182,0
id-10011,id-479,3,3,182,0
id-10018,id-648,6,65,270,0
id-10019,id-641,14,630,290,0
rec-10103-dup-0,rec-37-dup-1,6,99,60,0
id-688,id-688,5,310,61,1
id-689,id-689,13,960,175,1
id-680,id-680,8,45,157,1
id-681,id-681,17,530,250,1
id-682,id-682,2,5,68,1
id-683,id-683,8,155,162,1
id-684,id-684,4,35,68,1
id-685,id-685,8,50,168,1
id-686,id-686,4,35,58,1
id-687,id-687,15,470,169,1
id-338,id-338,12,1540,161,1
id-339,id-339,4,19,58,1
id-330,id-330,20,820,260,1
id-331,id-331,4,513,67,1
id-332,id-332,13,774,166,1
id-333,id-333,4,12,62,1
id-334,id-334,11,206,172,1
id-335,id-335,13,403,160,1
id-336,id-336,27,525,160,1
id-337,id-337,10,1680,161,1
id-110,id-110,12,95,172,1
id-111,id-111,10,1150,69,1
id-112,id-112,19,1200,170,1
id-113,id-113,11,346,395,1
id-114,id-114,10,350,87,1
id-115,id-115,22,800,172,1
id-116,id-116,4,80,59,1
id-117,id-117,12,250,154,1
id-118,id-118,6,150,64,1
id-119,id-119,13,390,158,1
rec-192-dup-0,id-192,,85,149,1
id-219,id-219,8,550,151,1
id-204,id-204,6,72,58,1
id-205,id-205,12,1258,163,1
id-206,id-206,15,140,145,1
id-207,id-207,11,648,86,1
id-200,id-200,7,10,87,1
id-201,id-201,5,50,118,1
id-202,id-202,13,285,142,1
id-203,id-203,15,415,159,1
id-208,id-208,92,4000,179,1
id-209,id-209,6,78,60,1
id-758,id-758,12,222,168,1
id-759,id-759,5,68,68,1
id-218,id-218,7,350,50,1
rec-121-dup-1,rec-121-dup-0,11,,182,1
rec-121-dup-0,rec-121-dup-0,11,800,182,1
rec-17-dup-0,id-17,,300,122,1
rec-17-dup-1,id-17,,300,122,1
rec-209-dup-0,id-209,,78,60,1
rec-625-dup-0,id-625,,700,172,1
rec-625-dup-1,id-625,16,,172,1
rec-101-dup-0,rec-101-dup-0,12,666,172,1
id-169,id-169,18,750,268,1
id-10112,id-88,7,420,65,0
rec-717-dup-0,id-717,58,,340,1
rec-717-dup-1,id-717,,2030,340,1
id-10116,id-658,15,400,239,0
id-812,id-812,21,900,265,1
rec-211-dup-1,id-211,,39,88,1
rec-211-dup-0,id-211,5,,88,1
rec-493-dup-1,id-493,,3200,324,1
id-162,id-162,18,325,145,1
rec-401-dup-0,rec-401-dup-0,3,22,39,1
rec-401-dup-1,rec-401-dup-0,3,22,39,1
rec-10143-dup-0,rec-778-dup-1,2,7,167,0
rec-465-dup-0,id-465,,1286,187,1
rec-465-dup-1,id-465,,1286,187,1
rec-227-dup-0,id-227,,505,163,1
rec-227-dup-1,id-227,17,,163,1
rec-342-dup-0,id-342,,328,164,1
rec-10121-dup-1,id-735,14,600,146,0
id-643,id-643,32,3300,340,1
rec-757-dup-0,id-757,6,,64,1
rec-568-dup-0,rec-568-dup-0,6,310,66,1
rec-568-dup-1,rec-568-dup-1,6,,66,1
rec-773-dup-0,rec-773-dup-1,,1005,285,1
rec-773-dup-1,rec-773-dup-0,23,1005,285,1
rec-10190-dup-0,id-890,,0,563,0
rec-10190-dup-1,id-890,1000,0,563,0
rec-50-dup-1,rec-50-dup-1,,8,53,1
rec-50-dup-0,rec-50-dup-0,2,,53,1
rec-424-dup-0,id-424,,203,169,1
rec-54-dup-1,rec-54-dup-0,8,196,64,1
rec-54-dup-0,rec-54-dup-0,,196,64,1
id-769,id-769,5,700,64,1
rec-355-dup-0,id-355,8,150,59,1
id-10068,id-475,16,564,278,0
id-767,id-767,5,120,46,1
id-10066,id-302,5,1610,168,0
id-765,id-765,15,760,172,1
id-439,id-439,6,130,62,1
id-438,id-438,5,150,58,1
rec-251-dup-0,id-251,6,,300,1
id-433,id-433,2,6,57,1
id-432,id-432,10,438,158,1
id-431,id-431,5,39,62,1
id-430,id-430,9,273,177,1
id-437,id-437,13,1870,175,1
id-436,id-436,5,605,60,1
id-435,id-435,10,380,168,1
id-434,id-434,4,192,66,1
rec-381-dup-1,id-381,,600,300,1
id-761,id-761,3,32,42,1
rec-562-dup-0,id-562,5,,61,1
rec-562-dup-1,id-562,,15,61,1
rec-630-dup-0,id-630,,395,179,1
id-697,id-697,25,2700,182,1
id-696,id-696,8,260,72,1
id-695,id-695,10,210,168,1
id-694,id-694,5,60,58,1
id-693,id-693,13,353,100,1
id-692,id-692,5,83,66,1
id-691,id-691,18,815,173,1
id-690,id-690,5,73,64,1
rec-610-dup-0,id-610,6,,64,1
id-699,id-699,27,2250,104,1
id-698,id-698,13,252,72,1
id-327,id-327,11,50,126,1
id-326,id-326,9,715,165,1
id-325,id-325,7,306,66,1
id-324,id-324,5,804,165,1
id-323,id-323,19,2200,161,1
id-322,id-322,7,240,61,1
id-321,id-321,145,3980,175,1
id-320,id-320,20,1300,80,1
id-329,id-329,11,153,119,1
id-328,id-328,7,150,58,1
rec-188-dup-0,id-188,6,,119,1
id-109,id-109,6,10,68,1
id-108,id-108,12,655,77,1
id-107,id-107,14,502,159,1
id-106,id-106,15,498,159,1
id-105,id-105,10,450,149,1
id-104,id-104,4,65,64,1
id-103,id-103,20,1200,186,1
id-102,id-102,4,25,65,1
id-101,id-101,12,666,172,1
id-100,id-100,5,104,66,1
rec-347-dup-1,rec-347-dup-0,7,,71,1
rec-347-dup-0,rec-347-dup-0,7,125,71,1
id-745,id-745,8,250,170,1
id-744,id-744,5,92,56,1
id-747,id-747,4,80,61,1
id-210,id-210,14,487,158,1
id-217,id-217,18,1258,175,1
id-216,id-216,6,88,66,1
id-215,id-215,9,280,86,1
id-214,id-214,15,540,175,1
id-10001,id-386,17,608,270,0
id-10003,id-386,17,608,270,0
id-10002,id-386,17,608,270,0
id-10005,id-413,5,65,148,0
id-748,id-748,7,145,173,1
id-10007,id-487,69,6500,340,0
id-10006,id-492,4,52,270,0
id-16,id-16,3,18,50,1
id-17,id-17,11,300,122,1
id-14,id-14,6,100,72,1
id-15,id-15,10,295,178,1
id-12,id-12,11,320,198,1
id-13,id-13,3,32,39,1
id-10,id-10,3,29,39,1
id-11,id-11,7,99,72,1
id-18,id-18,15,395,216,1
id-19,id-19,3,35,51,1
rec-494-dup-0,id-494,4,,300,1
rec-494-dup-1,id-494,,40,300,1
rec-18-dup-1,rec-18-dup-0,15,,216,1
rec-18-dup-0,rec-18-dup-1,,395,216,1
rec-457-dup-0,id-457,12,,161,1
rec-10098-dup-0,id-25,,60,112,0
rec-355-dup-1,id-355,8,,59,1
rec-96-dup-0,rec-96-dup-0,,324,66,1
rec-10164-dup-1,rec-79-dup-0,12,,63,0
rec-10164-dup-0,id-79,,,63,0
rec-319-dup-0,rec-319-dup-0,18,888,161,1
rec-340-dup-0,id-340,,236,164,1
rec-10109-dup-0,id-74,,203,60,0
rec-10109-dup-1,id-74,,203,60,0
id-580,id-580,5,55,61,1
rec-21-dup-0,id-21,,20,52,1
rec-57-dup-0,id-57,,320,159,1
rec-10044-dup-0,rec-150-dup-1,15,,351,0
rec-10044-dup-1,rec-150-dup-0,15,330,351,0
rec-846-dup-0,rec-846-dup-0,5,10,56,1
rec-845-dup-0,id-845,,180,166,1
rec-361-dup-0,rec-361-dup-0,7,168,60,1
rec-83-dup-0,id-83,,150,132,1
rec-429-dup-0,id-429,9,44,173,1
rec-381-dup-0,id-381,20,,300,1
rec-325-dup-0,rec-325-dup-0,7,306,66,1
rec-10145-dup-0,rec-778-dup-1,4,28,167,0
rec-10145-dup-1,rec-778-dup-1,4,28,167,0
rec-10032-dup-1,id-711,17,,173,0
rec-10032-dup-0,id-711,17,,173,0
rec-10005-dup-0,id-413,,65,148,0
rec-97-dup-0,rec-97-dup-0,16,756,169,1
rec-660-dup-1,rec-660-dup-0,10,424,148,1
rec-660-dup-0,rec-660-dup-0,10,424,148,1
id-352,id-352,10,220,154,1
id-353,id-353,6,23,59,1
id-350,id-350,62,1620,189,1
id-351,id-351,3,8,147,1
id-356,id-356,16,306,159,1
id-357,id-357,20,1000,161,1
id-354,id-354,11,125,159,1
id-355,id-355,8,150,59,1
rec-832-dup-0,rec-832-dup-0,,430,172,1
id-358,id-358,6,10,159,1
id-359,id-359,12,470,163,1
id-594,id-594,12,316,165,1
id-595,id-595,1,6,64,1
id-596,id-596,8,143,165,1
id-597,id-597,6,188,61,1
id-590,id-590,2,10,59,1
id-591,id-591,6,105,162,1
id-592,id-592,12,330,67,1
id-593,id-593,22,1350,168,1
id-598,id-598,10,1100,171,1
id-599,id-599,3,210,60,1
id-10100,id-26,7,210,243,0
id-10101,id-27,7,400,60,0
id-10102,id-28,12,550,158,0
id-10103,id-37,6,99,60,0
id-10104,id-38,11,199,177,0
id-10105,id-50,2,10,53,0
id-10106,id-51,7,666,149,0
id-10107,id-52,4,42,58,0
id-10108,id-53,11,330,154,0
id-173,id-173,3,30,44,1
id-170,id-170,5,120,66,1
id-171,id-171,12,225,161,1
id-176,id-176,6,32,142,1
id-177,id-177,2,20,64,1
id-174,id-174,3,10,42,1
id-175,id-175,3,15,49,1
rec-225-dup-0,rec-225-dup-0,9,160,116,1
rec-225-dup-1,rec-225-dup-0,,160,116,1
rec-10003-dup-1,id-386,17,,270,0
rec-10003-dup-0,id-386,17,,270,0
id-770,id-770,13,2500,168,1
id-771,id-771,3,12,144,1
id-772,id-772,19,1205,107,1
id-773,id-773,23,1005,285,1
id-10078,id-383,50,9997,347,0
id-10079,id-384,108,3920,351,0
id-776,id-776,20,2120,170,1
id-777,id-777,3,33,152,1
id-10074,id-362,21,3502,203,0
id-10075,id-719,11,278,315,0
id-10076,id-376,25,9429,315,0
id-10077,id-382,98,4300,347,0
id-10070,id-319,25,1303,196,0
id-10071,id-80,20,1200,207,0
id-10072,id-208,105,7400,214,0
id-10073,id-18,22,505,261,0
id-23,id-23,20,69,58,1
id-22,id-22,12,380,155,1
id-21,id-21,3,20,52,1
id-20,id-20,7,185,145,1
id-27,id-27,6,120,60,1
id-26,id-26,8,300,243,1
id-25,id-25,4,60,112,1
id-24,id-24,35,650,157,1
id-29,id-29,4,70,55,1
id-28,id-28,10,295,158,1
rec-343-dup-1,rec-343-dup-0,5,215,60,1
rec-343-dup-0,rec-343-dup-0,,215,60,1
rec-114-dup-1,id-114,,350,87,1
rec-114-dup-0,id-114,10,,87,1
rec-358-dup-1,id-358,,10,159,1
rec-358-dup-0,rec-358-dup-0,6,10,159,1
rec-279-dup-1,rec-279-dup-0,12,,154,1
rec-279-dup-0,rec-279-dup-1,12,,154,1
rec-830-dup-0,id-830,5,,161,1
rec-305-dup-0,id-305,9,,151,1
rec-253-dup-1,rec-253-dup-0,9,216,142,1
rec-253-dup-0,rec-253-dup-0,9,,142,1
rec-178-dup-0,id-178,,,165,1
rec-286-dup-0,rec-286-dup-0,,392,161,1
rec-707-dup-0,id-707,2,,165,1
rec-533-dup-0,id-533,12,,142,1
id-262,id-262,10,370,147,1
rec-164-dup-0,id-164,16,,158,1
rec-164-dup-1,id-164,16,,158,1
id-263,id-263,4,175,56,1
rec-10030-dup-1,id-711,,95,173,0
rec-10030-dup-0,id-711,7,95,173,0
rec-366-dup-0,id-366,,525,69,1
rec-215-dup-1,id-215,,280,86,1
rec-366-dup-1,id-366,,525,69,1
id-268,id-268,7,115,72,1
id-269,id-269,12,316,173,1
rec-787-dup-1,id-787,,455,285,1
rec-787-dup-0,id-787,19,,285,1
rec-142-dup-0,rec-142-dup-1,,590,180,1
rec-414-dup-1,id-414,,233,148,1
rec-553-dup-0,id-553,,963,260,1
rec-450-dup-1,rec-450-dup-0,20,3000,184,1
rec-482-dup-1,id-482,,3,290,1
rec-482-dup-0,id-482,3,,290,1
rec-332-dup-1,id-332,,774,166,1
rec-332-dup-0,id-332,,774,166,1
rec-10184-dup-0,rec-849-dup-0,16,400,176,0
rec-326-dup-0,rec-326-dup-1,9,715,165,1
rec-530-dup-0,id-530,7,404,178,1
id-341,id-341,6,115,62,1
id-10162,id-77,8,240,82,0
id-343,id-343,5,215,60,1
id-342,id-342,11,328,164,1
id-345,id-345,10,238,71,1
id-344,id-344,15,1080,175,1
id-347,id-347,7,125,71,1
id-10163,id-78,17,800,175,0
id-349,id-349,6,74,40,1
id-348,id-348,15,682,173,1
id-211,id-211,5,39,88,1
id-583,id-583,11,410,138,1
id-582,id-582,4,57,61,1
id-581,id-581,13,242,166,1
id-746,id-746,2,3,61,1
id-587,id-587,4,50,150,1
id-586,id-586,19,925,166,1
id-585,id-585,6,195,67,1
id-584,id-584,13,575,268,1
id-741,id-741,6,34,167,1
id-589,id-589,10,330,173,1
id-588,id-588,5,59,63,1
id-740,id-740,17,1800,167,1
id-10113,id-89,10,520,175,0
id-168,id-168,11,335,140,1
id-10111,id-76,17,3160,223,0
id-10110,id-75,10,1100,137,0
id-10117,id-658,15,400,288,0
id-743,id-743,2,5,162,1
id-10115,id-105,10,340,149,0
id-10114,id-103,109,4156,186,0
id-161,id-161,8,60,43,1
id-160,id-160,23,888,239,1
id-10119,id-718,50,3050,300,0
rec-493-dup-0,id-493,32,,324,1
id-165,id-165,10,108,53,1
id-164,id-164,16,408,158,1
id-167,id-167,5,85,50,1
id-166,id-166,14,356,137,1
id-662,id-662,7,160,134,1
id-663,id-663,12,245,175,1
id-192,id-192,8,85,149,1
rec-10121-dup-0,id-735,,600,146,0
id-661,id-661,3,17,56,1
id-666,id-666,12,170,185,1
id-10004,id-413,5,65,148,0
id-664,id-664,3,25,40,1
id-10069,id-531,15,320,425,0
id-768,id-768,20,1080,186,1
id-10067,id-334,15,206,207,0
id-766,id-766,20,828,172,1
id-10065,id-254,19,552,284,0
id-10064,id-260,19,1020,286,0
id-10063,id-381,23,700,315,0
id-10062,id-380,18,520,315,0
id-10061,id-670,2,9,243,0
id-10060,id-460,27,1850,208,0
id-38,id-38,11,199,177,1
id-39,id-39,5,55,95,1
id-34,id-34,14,620,253,1
id-35,id-35,6,75,113,1
id-36,id-36,13,400,242,1
id-37,id-37,6,99,60,1
id-30,id-30,8,200,128,1
id-31,id-31,13,600,253,1
id-32,id-32,5,90,55,1
id-33,id-33,9,195,128,1
rec-821-dup-0,id-821,,18,49,1
rec-821-dup-1,id-821,2,,49,1
rec-584-dup-0,rec-584-dup-0,13,575,268,1
rec-584-dup-1,rec-584-dup-0,13,,268,1
rec-292-dup-0,rec-292-dup-0,8,12,83,1
rec-543-dup-0,id-543,,53,52,1
rec-10093-dup-0,id-20,14,1050,145,0
rec-158-dup-1,id-158,6,95,63,1
rec-158-dup-0,id-158,6,95,63,1
rec-189-dup-0,id-189,,30,207,1
rec-67-dup-1,rec-67-dup-1,,705,142,1
rec-67-dup-0,rec-67-dup-1,15,705,142,1
rec-32-dup-0,rec-32-dup-0,5,,55,1
rec-505-dup-0,rec-505-dup-0,11,,147,1
rec-519-dup-0,id-519,,21,53,1
rec-519-dup-1,id-519,3,,53,1
rec-232-dup-0,id-232,,,175,1
rec-10019-dup-0,rec-641-dup-0,,630,290,0
rec-10019-dup-1,rec-641-dup-1,14,630,290,0
rec-453-dup-0,id-453,,230,60,1
